Workbook

Sheet Table of Contents
A1: Annual Report | C1: Monthly Data | E1: Yearly Data
A2: Energy | C2: Renewable | E2: Renewable
A3: Water | C3: Electricity (Overview) | E3: Electricity (Overview)
A4: Waste | C4: Electricity (Reformatted) | E4: Electricity (Reformatted)
C5: Towngas (TGU) | E5: Towngas (TGU)
A6: Half-Year Report | C6: Potable Water (Overview) | E6: Fuel
A7: Water | C7: Potable Water (Meters) | E7: Scope 1 GHG (mtCO2)
A8: Waste | C8: Seawater (m3) | E8: Scope 2 GHG (mtCO2)
C9: Category Water Data | E9: Scope 3 GHG (mtCO2)
A10: Raw Data | C10: Monthly Waste by Location (kg) | E10: GHG (mtCO2)
A11: Waste | C11: Category Waste Data | E11: Potable Water (Overview)
A12: Food Waste | C12: Recycling (kg) | E12: Potable Water (Meters)
C13: Paper Distribution (kg) | E13: Seawater (m3)
A14: Smart Waste Bin | E14: Recycling (kg)
A15: Staff Quarters | E15: Food Waste (kg)
A16: Canteen | E16: Paper Distribution (kg)
E17: Paper Distribution (match monthly) (kg)
A18: Other
A19: Emission Factor (Keep Updated)
A20: Emission Factor (Original)
A22: Daily Data
A23: Food Waste

Sheet Annual Report (Energy)
A1: Date | B1: Liquid Fuels/Diesel | C1: Towngas | D1: Electricity | E1: Energy (kWh) | F1: Energy per Capita | G1: Energy per GFA | J1: Date | K1: Electricity Consumption | L1: Renewable Generation (kWh) | M1: Emission Factor (kg/ KWh) | N1: Renewable Generation (CO2 tonnes) | R1: Date | S1: Main Acad. Building & Others | T1: Cheng Yu Tung Building | U1: Main Chiller Plant | V1: LSK Chiller Plant | W1: LSK Building | X1: IAS Building | Y1: Conference Lodge | Z1: Staff Quarter Common Area | AA1: Student Housing | AB1: Staff Quarters & Commercial Outlets | AD1: Year | AE1: Total S1&2 | AF1: Total S3 | AG1: Emissions per Capita | AH1: Emissions per GFA | AJ1: Academic Year | AK1: Actual (including renewables) | AL1: Actual | AM1: Projected | AN1: 2028 | AO1: 2035 | AP1: 2045 | AQ1: 2050
A2: 2014/15 | B2: 280000 | C2: ='Yearly Towngas (TGU)'!I6 | D2: 93067207 | E2: =SUM(B2:D2) | F2: =E2/'Yearly GHG (mCO2)'!G6 | G2: =E2/'Yearly GHG (mCO2)'!H6 | J2: 2014/15 | K2: 93067207 | L2: 0 | N2: 0 | R2: 2023/24 kWh | S2: 51334417 | T2: 4746630 | U2: 17653437 | V2: 1497696 | W2: 2713600 | X2: 588506 | Y2: 1478893 | Z2: 909181 | AA2: 6604565 | AB2: 9182416 | AD2: 2014/15 | AE2: ='Yearly GHG (mCO2)'!E6 | AF2: ='Yearly GHG (mCO2)'!D6 | AG2: ='Yearly GHG (mCO2)'!I6 | AH2: ='Yearly GHG (mCO2)'!J6 | AJ2: 2014 | AK2: 61233 | AL2: 61233 | AN2: =AK2 | AS2: Reduction
A3: 2015/16 | B3: 370000 | C3: ='Yearly Towngas (TGU)'!I7 | D3: 95800070 | E3: =SUM(B3:D3) | F3: =E3/'Yearly GHG (mCO2)'!G7 | G3: =E3/'Yearly GHG (mCO2)'!H7 | J3: 2015/16 | K3: 95800070 | L3: 0 | N3: 0 | R3: 2023/24 % | S3: 0.5308 | T3: 0.0491 | U3: 0.1825 | V3: 0.0155 | W3: 0.0281 | X3: 0.0061 | Y3: 0.0153 | Z3: 0.0094 | AA3: 0.0683 | AB3: 0.0949 | AD3: 2015/16 | AE3: ='Yearly GHG (mCO2)'!E7 | AF3: ='Yearly GHG (mCO2)'!D7 | AG3: ='Yearly GHG (mCO2)'!I7 | AH3: ='Yearly GHG (mCO2)'!J7 | AJ3: 2015 | AK3: 53624 | AL3: 53624 | AN3: =AN2+AT8 | AS3: 0 | AT3: =AK2
A4: 2016/17 | B4: 201980.5 | C4: ='Yearly Towngas (TGU)'!I8 | D4: 94486358 | E4: =SUM(B4:D4) | F4: =E4/'Yearly GHG (mCO2)'!G8 | G4: =E4/'Yearly GHG (mCO2)'!H8 | J4: 2016/17 | K4: 94486358 | L4: 0 | N4: 0 | AD4: 2016/17 | AE4: ='Yearly GHG (mCO2)'!E8 | AF4: ='Yearly GHG (mCO2)'!D8 | AG4: ='Yearly GHG (mCO2)'!I8 | AH4: ='Yearly GHG (mCO2)'!J8 | AJ4: 2016 | AK4: 52656 | AL4: 52656 | AN4: =AN3+AT8 | AS4: 0.4 | AT4: =0.6*AK2
A5: 2017/18 | B5: 221452.21 | C5: ='Yearly Towngas (TGU)'!I9 | D5: 92966450 | E5: =SUM(B5:D5) | F5: =E5/'Yearly GHG (mCO2)'!G9 | G5: =E5/'Yearly GHG (mCO2)'!H9 | J5: 2017/18 | K5: 92966450 | L5: 0 | N5: 0 | AD5: 2017/18 | AE5: ='Yearly GHG (mCO2)'!E9 | AF5: ='Yearly GHG (mCO2)'!D9 | AG5: ='Yearly GHG (mCO2)'!I9 | AH5: ='Yearly GHG (mCO2)'!J9 | AJ5: 2017 | AK5: 48813 | AL5: 48813 | AN5: =AN4+AT8 | AS5: 0.5 | AT5: =0.5*AK2
A6: 2018/19 | B6: 205172.45 | C6: ='Yearly Towngas (TGU)'!I10 | D6: 90186094 | E6: =SUM(B6:D6) | F6: =E6/'Yearly GHG (mCO2)'!G10 | G6: =E6/'Yearly GHG (mCO2)'!H10 | J6: 2018/19 | K6: 90186094 | L6: 0 | N6: 0 | AD6: 2018/19 | AE6: ='Yearly GHG (mCO2)'!E10 | AF6: ='Yearly GHG (mCO2)'!D10 | AG6: ='Yearly GHG (mCO2)'!I10 | AH6: ='Yearly GHG (mCO2)'!J10 | AJ6: 2018 | AK6: 47482 | AL6: 47482 | AN6: =AN5+AT8
A7: 2019/20 | B7: 181092.19 | C7: ='Yearly Towngas (TGU)'!I11 | D7: 87353244 | E7: =SUM(B7:D7) | F7: =E7/'Yearly GHG (mCO2)'!G11 | G7: =E7/'Yearly GHG (mCO2)'!H11 | J7: 2019/20 | K7: 87353244 | L7: 2920 | M7: 0.51 | N7: =(L7*M7)/1000 | P7: =L7/K7 | AD7: 2019/20 | AE7: ='Yearly GHG (mCO2)'!E11 | AF7: ='Yearly GHG (mCO2)'!D11 | AG7: ='Yearly GHG (mCO2)'!I11 | AH7: ='Yearly GHG (mCO2)'!J11 | AJ7: 2019 | AK7: =44850-N7 | AL7: =44850 | AN7: =AN6+AT8 | AS7: Slopes
A8: 2020/21 | B8: 224833.4 | C8: ='Yearly Towngas (TGU)'!I12 | D8: 88318175 | E8: =SUM(B8:D8) | F8: =E8/'Yearly GHG (mCO2)'!G12 | G8: =E8/'Yearly GHG (mCO2)'!H12 | J8: 2020/21 | K8: 88318175 | L8: 391443 | M8: 0.37 | N8: =(L8*M8)/1000 | P8: =L8/K8 | AD8: 2020/21 | AE8: ='Yearly GHG (mCO2)'!E12 | AF8: ='Yearly GHG (mCO2)'!D12 | AG8: ='Yearly GHG (mCO2)'!I12 | AH8: ='Yearly GHG (mCO2)'!J12 | AJ8: 2020 | AK8: =33904-N8 | AL8: =33904 | AN8: =AN7+AT8 | AS8: 2028 Slope | AT8: =(AN16-AN2)/14
A9: 2021/22 | B9: 234812 | C9: ='Yearly Towngas (TGU)'!I13 | D9: 89692408 | E9: =SUM(B9:D9) | F9: =E9/'Yearly GHG (mCO2)'!G13 | G9: =E9/'Yearly GHG (mCO2)'!H13 | J9: 2021/22 | K9: 89692408 | L9: 1912724 | M9: 0.39 | N9: =(L9*M9)/1000 | P9: =L9/K9 | AD9: 2021/22 | AE9: ='Yearly GHG (mCO2)'!E13 | AF9: ='Yearly GHG (mCO2)'!D13 | AG9: ='Yearly GHG (mCO2)'!I13 | AH9: ='Yearly GHG (mCO2)'!J13 | AJ9: 2021 | AK9: =36252-N9 | AL9: =36252 | AN9: =AN8+AT8 | AS9: 2035 Slope | AT9: =(AO23-AO16)/(22-15)
A10: 2022/23 | B10: 292973.43 | C10: ='Yearly Towngas (TGU)'!I14 | D10: 93932338 | E10: =SUM(B10:D10) | F10: =E10/'Yearly GHG (mCO2)'!G14 | G10: =E10/'Yearly GHG (mCO2)'!H14 | J10: 2022/23 | K10: 93932338 | L10: 2319773 | M10: 0.39 | N10: =(L10*M10)/1000 | O10: =(L10-L9)/L9 | P10: =L10/K10 | AD10: 2022/23 | AE10: ='Yearly GHG (mCO2)'!E14 | AF10: ='Yearly GHG (mCO2)'!D14 | AG10: ='Yearly GHG (mCO2)'!I14 | AH10: ='Yearly GHG (mCO2)'!J14 | AJ10: 2022 | AK10: =38014-N10 | AL10: =38014 | AN10: =AN9+AT8 | AS10: 2045 Slope | AT10: =(AP33-AP23)/(32-22)
A11: 2023/24 | B11: 243473.34 | C11: ='Yearly Towngas (TGU)'!I15 | D11: 96709341 | E11: =SUM(B11:D11) | F11: =E11/'Yearly GHG (mCO2)'!G15 | G11: =E11/'Yearly GHG (mCO2)'!H15 | J11: 2023/24 | K11: 96709341 | L11: 2334777 | M11: 0.39 | N11: =(L11*M11)/1000 | AD11: 2023/24 | AE11: ='Yearly GHG (mCO2)'!E15 | AF11: ='Yearly GHG (mCO2)'!D15 | AG11: ='Yearly GHG (mCO2)'!I15 | AH11: ='Yearly GHG (mCO2)'!J15 | AJ11: 2023 | AK11: =AL11-N11 | AL11: 40466 | AM11: 38236.386 | AN11: =AN10+AT8 | AS11: 2050 Slope | AT11: =(AQ38-AQ23)/(37-22)
A12: 2024/25 | B12: ='Yearly Fuel'!K16 | C12: ='Yearly Towngas (TGU)'!I16 | D12: ='Yearly Electricity Reformatted'!Q13 | E12: =SUM(B12:D12) | F12: =E12/'Yearly GHG (mCO2)'!G16 | G12: =E12/'Yearly GHG (mCO2)'!H16 | J12: 2024/25 | K12: ='Yearly Electricity Reformatted'!Q13 | L12: ='Yearly Renewable'!F11 | M12: 0.39 | N12: =(L12*M12)/1000 | AD12: 2024/25 | AE12: ='Yearly GHG (mCO2)'!E16 | AF12: ='Yearly GHG (mCO2)'!D16 | AG12: ='Yearly GHG (mCO2)'!I16 | AH12: ='Yearly GHG (mCO2)'!J16 | AJ12: 2024 | AL12: 41443 | AM12: 37131.515 | AN12: =AN11+AT8
A13: 2025/26 | B13: ='Yearly Fuel'!K17 | C13: ='Yearly Towngas (TGU)'!I17 | D13: ='Yearly Electricity Reformatted'!Q14 | E13: =SUM(B13:D13) | F13: =E13/'Yearly GHG (mCO2)'!G17 | G13: =E13/'Yearly GHG (mCO2)'!H17 | AE13: =AE12/AE2-1 | AF13: =AF12/AF2-1 | AG13: =AG12/AG2-1 | AH13: =AH12/AH2-1 | AJ13: 2025 | AM13: 37121.752 | AN13: =AN12+AT8 | AS13: 2022 | AT13: =(AK2-AK10)/AK2
AE14: =AE12/AE11-1 | AF14: =AF12/AF11-1 | AG14: =AG12/AG11-1 | AH14: =AH12/AH11-1 | AJ14: 2026 | AM14: 43405.672 | AN14: =AN13+AT8 | AS14: 2021 | AT14: =(AK9-AK2)/AK2
AJ15: 2027 | AM15: 41891.025 | AN15: =AN14+AT8 | AS15: 2023 | AT15: =(AL11-AK2)/AK2
AJ16: 2028 | AM16: 47439.701 | AN16: =AT4 | AO16: =AN16 | AS16: 2024 | AT16: =(AL12-AK2)/AK2
AJ17: 2029 | AM17: 45117.055 | AO17: =AO16+AT9
AJ18: 2030 | AM18: 49445.731 | AO18: =AO17+AT9 | AT18: =(AL10-AL2)/AL2*100
AJ19: 2031 | AM19: 47614.408 | AO19: =AO18+AT9 | AT19: =(AL11-AL2)/AL2*100
AJ20: 2032 | AM20: 44815.761 | AO20: =AO19+AT9
AJ21: 2033 | AM21: 42948.438 | AO21: =AO20+AT9
AJ22: 2034 | AM22: 41741.114 | AO22: =AO21+AT9
AJ23: 2035 | AM23: 39843.791 | AO23: =AT5 | AP23: =AO23 | AQ23: =AP23
AJ24: 2036 | AM24: 39066.468 | AP24: =AP23+AT10 | AQ24: =AQ23+AT11
AJ25: 2037 | AM25: 37113.144 | AP25: =AP24+AT10 | AQ25: =AQ24+AT11
AJ26: 2038 | AM26: 35699.821 | AP26: =AP25+AT10 | AQ26: =AQ25+AT11
AJ27: 2039 | AM27: 33716.497 | AP27: =AP26+AT10 | AQ27: =AQ26+AT11
AJ28: 2040 | AM28: 32613.174 | AP28: =AP27+AT10 | AQ28: =AQ27+AT11
AJ29: 2041 | AM29: 30574.851 | AP29: =AP28+AT10 | AQ29: =AQ28+AT11
AJ30: 2042 | AM30: 31114.851 | AP30: =AP29+AT10 | AQ30: =AQ29+AT11
AJ31: 2043 | AM31: 29040.527 | AP31: =AP30+AT10 | AQ31: =AQ30+AT11
AJ32: 2044 | AM32: 27434.204 | AP32: =AP31+AT10 | AQ32: =AQ31+AT11
AJ33: 2045 | AM33: 25323.881 | AP33: 0 | AQ33: =AQ32+AT11
AJ34: 2046 | AM34: 25983.881 | AQ34: =AQ33+AT11
AJ35: 2047 | AM35: 23818.557 | AQ35: =AQ34+AT11
AJ36: 2048 | AM36: 24214.557 | AQ36: =AQ35+AT11
AJ37: 2049 | AM37: 22013.234 | AQ37: =AQ36+AT11
AJ38: 2050 | AQ38: 0

Sheet Monthly Renewable
A1: Period | B1: LPT Bill | C1: SSQ Bill | D1: JSQ Bill | E1: VC & Guest Lodge | F1: Total | G1: 12-Month Rolling Sum
A2: 43891 | B2: 552 | F2: 552 | G2: =SUM(F2:F13)
A3: 43922 | B3: 832 | F3: 832 | G3: =SUM(F3:F14)
A4: 43952 | B4: 756 | F4: 756 | G4: =SUM(F4:F15)
A5: 43983 | B5: 780 | F5: 780 | G5: =SUM(F5:F16)
A6: 44013 | B6: 954 | F6: 954 | G6: =SUM(F6:F17)
A7: 44044 | B7: 1462 | F7: 1462 | G7: =SUM(F7:F18)
A8: 44075 | B8: 1419 | F8: 1419 | G8: =SUM(F8:F19)
A9: 44105 | B9: 1699 | F9: 1699 | G9: =SUM(F9:F20)
A10: 44136 | B10: 1498 | F10: 1498 | G10: =SUM(F10:F21)
A11: 44166 | B11: 7001 | F11: 7001 | G11: =SUM(F11:F22)
A12: 44197 | B12: 8076 | F12: 8076 | G12: =SUM(F12:F23)
A13: 44228 | B13: 23018 | F13: 23018 | G13: =SUM(F13:F24)
... A17: 44348 | B17: 110958 | F17: 110958 | G17: =SUM(F17:F28)
A18: 44378 | B18: 160133 | C18: 0 | F18: 160133 | G18: =SUM(F18:F29)
A19: 44409 | B19: 147598 | C19: 8279 | D19: 3427 | F19: 159304 | G19: =SUM(F19:F30)
A20: 44440 | B20: 180730 | C20: 23799 | D20: 11349 | F20: 215878 | G20: =SUM(F20:F31)
A21: 44470 | B21: 122185 | C21: 9107 | D21: 7922 | F21: 139214 | G21: =SUM(F21:F32)
A22: 44501 | B22: 144397 | C22: 13911 | D22: 11770 | F22: 170078 | G22: =SUM(F22:F33)
A23: 44531 | B23: 117181 | C23: 6562 | D23: 5230 | F23: 128973 | G23: =SUM(F23:F34)
A24: 44562 | B24: 94201 | C24: 4908 | D24: 4004 | F24: 103113 | G24: =SUM(F24:F35)
A25: 44594 | B25: 107196 | C25: 4891 | D25: 4180 | F25: 116267 | G25: =SUM(F25:F36)
A26: 44626 | B26: 145751 | C26: 7025 | D26: 6137 | F26: 158916 | G26: =SUM(F26:F37)
A27: 44652 | B27: 201510 | C27: 8833 | D27: 7666 | F27: 218009 | G27: =SUM(F27:F38)
A28: 44682 | B28: 144961 | C28: 6611 | D28: 5788 | F28: 157360 | G28: =SUM(F28:F39)
A29: 44713 | B29: 171373 | C29: 7469 | D29: 6637 | F29: 185479 | G29: =SUM(F29:F40)
A30: 44743 | B30: 230422 | C30: 9293 | D30: 8264 | F30: 247979 | G30: =SUM(F30:F41)
... A37: 44958 | B37: 166577 | C37: 6916 | D37: 8582 | F37: 182075 | G37: =SUM(F37:F48)
A38: 44986 | B38: 166701 | C38: 6502 | D38: 8075 | E38: 2742 | F38: 184020 | G38: =SUM(F38:F49)
A39: 45017 | B39: 117085 | C39: 4635 | D39: 5779 | E39: 781 | F39: 128280 | G39: =SUM(F39:F50)
A40: 45047 | B40: 177122 | C40: 6807 | D40: 8365 | E40: 1158 | F40: 193452 | G40: =SUM(F40:F51)
A41: 45078 | B41: 224897 | C41: 7772 | D41: 9772 | E41: 1352 | F41: 243793 | G41: =SUM(F41:F52)
A42: 45108 | B42: 255467 | C42: 9081 | D42: 12814 | E42: 1557 | F42: 278919 | G42: =SUM(F42:F53)
A43: 45139 | B43: 260667 | C43: 8733 | D43: 14748 | E43: 1494 | F43: 285642 | G43: =SUM(F43:F54)
A44: 45170 | B44: 193050 | C44: 6417 | D44: 10761 | E44: 1102 | F44: 211330 | G44: =SUM(F44:F55)
A45: 45200 | B45: 187049 | C45: 6214 | D45: 10597 | E45: 997 | F45: 204857 | G45: =SUM(F45:F56)
A46: 45231 | B46: 199647 | C46: 6841 | D46: 11363 | E46: 1007 | F46: 218858 | G46: =SUM(F46:F57)
A47: 45262 | B47: 129813 | C47: 4941 | D47: 7827 | E47: 697 | F47: 143278 | G47: =SUM(F47:F58)
A48: 45292 | B48: 174410 | C48: 6432 | D48: 9963 | E48: 893 | F48: 191698 | G48: =SUM(F48:F59)
A49: 45323 | B49: 121311 | C49: 4299 | D49: 6964 | E49: 663 | F49: 133237 | G49: =SUM(F49:F60)
... A75: 46113 | B75: 210768 | C75: 6276 | D75: 10432 | E75: 1021 | F75: 228497 | G75: =SUM(F75:F86)
A76: 46143
A77: 46174

Sheet Yearly Renewable
A1: Date | B1: LPT Bill | C1: SSQ Bill | D1: JSQ Bill | E1: VC & Guest Lodge | F1: Renewable energy generation | G1: % of total electricity
A2: 2015/16 | F2: 0
A3: 2016/17 | F3: 0
A4: 2017/18 | F4: 0
A5: 2018/19 | F5: 0
A6: 2019/20 | B6: =SUM('Monthly Renewable'!B2:B5) | C6: =SUM('Monthly Renewable'!C2:C5) | D6: =SUM('Monthly Renewable'!D2:D5) | E6: =SUM('Monthly Renewable'!E2:E5) | F6: =SUM('Monthly Renewable'!B2:B5) | G6: =F6/'Yearly Electricity (Overview)'!C7
A7: 2020/21 | B7: =SUM('Monthly Renewable'!B6:B17) | C7: =SUM('Monthly Renewable'!C6:C17) | D7: =SUM('Monthly Renewable'!D6:D17) | E7: =SUM('Monthly Renewable'!E6:E17) | F7: =SUM('Monthly Renewable'!B6:B17) | G7: =F7/'Yearly Electricity (Overview)'!C8
A8: 2021/22 | B8: =SUM('Monthly Renewable'!B18:B29) | C8: =SUM('Monthly Renewable'!C18:C29) | D8: =SUM('Monthly Renewable'!D18:D29) | E8: =SUM('Monthly Renewable'!E18:E29) | F8: =SUM('Monthly Renewable'!F18:F29) | G8: =F8/'Yearly Electricity (Overview)'!C9
A9: 2022/23 | B9: =SUM('Monthly Renewable'!B30:B41) | C9: =SUM('Monthly Renewable'!C30:C41) | D9: =SUM('Monthly Renewable'!D30:D41) | E9: =SUM('Monthly Renewable'!E30:E41) | F9: =SUM('Monthly Renewable'!F30:F41) | G9: =F9/'Yearly Electricity (Overview)'!C10
A10: 2023/24 | B10: =SUM('Monthly Renewable'!B42:B53) | C10: =SUM('Monthly Renewable'!C42:C53) | D10: =SUM('Monthly Renewable'!D42:D53) | E10: =SUM('Monthly Renewable'!E42:E53) | F10: =SUM('Monthly Renewable'!F42:F53) | G10: =F10/'Yearly Electricity (Overview)'!C11
A11: 2024/25 | B11: =SUM('Monthly Renewable'!B54:B65) | C11: =SUM('Monthly Renewable'!C54:C65) | D11: =SUM('Monthly Renewable'!D54:D65) | E11: =SUM('Monthly Renewable'!E54:E65) | F11: =SUM('Monthly Renewable'!F54:F65) | G11: =F11/'Yearly Electricity (Overview)'!C12
A12: 2025/26 | B12: =SUM('Monthly Renewable'!B66:B77) | C12: =SUM('Monthly Renewable'!C66:C77) | D12: =SUM('Monthly Renewable'!D66:D77) | E12: =SUM('Monthly Renewable'!E66:E77) | F12: =SUM('Monthly Renewable'!F66:F77) | G12: =F12/'Yearly Electricity (Overview)'!C13

Sheet Monthly Electricity (Overview)
A1: Period | B1: CLP Total | C1: Main Academic Buildings & Other Public Facilities | D1: EC | E1: CYT | F1: Shaw Auditorium | G1: APCF (R/F Zone L) | H1: New Data Centre (2/F Zone L) | I1: Main Chiller Plant | J1: LSKBB | K1: IAS | L1: Conference Lodge | M1: LSK Hostel | N1: LSK Chiller Plant | O1: WWT | P1: Water Sport Centre | Q1: SISC | R1: HPC6 | S1: RB2 | T1: IB | U1: SRD (UG10-13) | V1: TA-B | W1: GGT | X1: Student Housing UG1-UG9, PG1-PG2 | Y1: Staff Quarters & Commercial Outlets | Z1: Commercial Outlets | AA1: Staff Quarters | AB1: Combined Chiller Plants | AD1: TKO JC Hall | AE1: EC 3/F Data Centre (Elect) | AF1: EC 3/F Data Centre (Chiller kWhe) | AG1: SRD (Chiller kWhe) | AH1: IB (Chiller kWhe) | AI1: BMW EV Charger kWh (LG7 & WWT) | AJ1: Corner Stone EV Charger kWh | AK1: On-Campus Buildings 12-Month Rolling Sum | AL1: Total + TKOJCH | AM1: On-Campus Buildings Monthly Total | AN1: Monthly Total + TKOJCH
A2: 41640 | B2: 5938547 | C2: 3924710 | D2: 190811 | E2: 41274 | F2: 0 | G2: 0 | H2: 0 | I2: 500427 | J2: 205345 | K2: 44678 | L2: 0 | M2: 0 | N2: 48446 | O2: 59654 | P2: 0 | Q2: 0 | W2: 0 | X2: 361571 | Y2: 561631 | Z2: 229909 | AA2: 331722 | AB2: 548873 | AD2: 0 | AE2: 0 | AF2: 0 | AG2: 0 | AH2: 0 | AM2: =SUM(C2:Y2) | AN2: =AM2+AD2
A3: 41671 | B3: 5888877 | C3: 3565612 | D3: 252064 | E3: 28315 | F3: 0 | G3: 0 | H3: 0 | I3: 502155 | J3: 290449 | K3: 56447 | L3: 0 | M3: 0 | N3: 47613 | O3: 47313 | P3: 0 | Q3: 0 | W3: 0 | X3: 504993 | Y3: 593916 | Z3: 220164 | AA3: 373752 | AB3: 549768 | AD3: 0 | AE3: 0 | AF3: 0 | AG3: 0 | AH3: 0 | AM3: =SUM(C3:Y3) | AN3: =AM3+AD3
A4: 41699 | B4: 6018786 | C4: 3680694 | D4: 185065 | E4: 40257 | F4: 0 | G4: 0 | H4: 0 | I4: 754593 | J4: 182485 | K4: 34491 | L4: 0 | M4: 0 | N4: 46854 | O4: 43566 | P4: 0 | Q4: 0 | W4: 0 | X4: 511265 | Y4: 539516 | Z4: 247766 | AA4: 291750 | AB4: 801447 | AD4: 0 | AE4: 0 | AF4: 0 | AG4: 0 | AH4: 0 | AM4: =SUM(C4:Y4) | AN4: =AM4+AD4
A5: 41730 | B5: 7488350 | C5: 4459315 | D5: 203049 | E5: 56946 | F5: 0 | G5: 0 | H5: 0 | I5: 1100944 | J5: 213938 | K5: 46284 | L5: 0 | M5: 0 | N5: 141417 | O5: 73814 | P5: 0 | Q5: 0 | W5: 0 | X5: 612777 | Y5: 579866 | Z5: 295835 | AA5: 284031 | AB5: 1242361 | AD5: 0 | AE5: 0 | AF5: 0 | AG5: 0 | AH5: 0 | AM5: =SUM(C5:Y5) | AN5: =AM5+AD5
A6: 41760 | B6: 7986119 | C6: 3816523 | D6: 345876 | E6: 89452 | F6: 0 | G6: 0 | H6: 0 | I6: 1749797 | J6: 224043 | K6: 103456 | L6: 0 | M6: 0 | N6: 170062 | O6: 82044 | P6: 0 | Q6: 0 | W6: 0 | X6: 692230 | Y6: 712636 | Z6: 281303 | AA6: 431333 | AB6: 1919859 | AD6: 0 | AE6: 0 | AF6: 0 | AG6: 0 | AH6: 0 | AM6: =SUM(C6:Y6) | AN6: =AM6+AD6
A7: 41791 | B7: 8876152 | C7: 4173507 | D7: 250379 | E7: 92936 | F7: 0 | G7: 0 | H7: 0 | I7: 2204099 | J7: 250703 | K7: 71494 | L7: 0 | M7: 0 | N7: 273139 | O7: 97780 | P7: 0 | Q7: 0 | W7: 0 | X7: 574711 | Y7: 887404 | Z7: 266840 | AA7: 620564 | AB7: 2477238 | AD7: 0 | AE7: 0 | AF7: 0 | AG7: 0 | AH7: 0 | AM7: =SUM(C7:Y7) | AN7: =AM7+AD7
A8: 41821 | B8: 9340526 | C8: 4361073 | D8: 221804 | E8: 97729 | F8: 0 | G8: 0 | H8: 0 | I8: 2443732 | J8: 225313 | K8: 48903 | L8: 0 | M8: 0 | N8: 246402 | O8: 109439 | P8: 0 | Q8: 0 | W8: 0 | X8: 687729 | Y8: 898402 | Z8: 274134 | AA8: 624268 | AB8: 2690134 | AD8: 0 | AE8: 0 | AF8: 0 | AG8: 0 | AH8: 0 | AM8: =SUM(C8:Y8) | AN8: =AM8+AD8 | AO8: New building: after 2014
A9: 41852 | B9: 8583907 | C9: 3673176 | D9: 228122 | E9: 146934 | F9: 0 | G9: 0 | H9: 0 | I9: 2460070 | J9: 232978 | K9: 53454 | L9: 0 | M9: 0 | N9: 275655 | O9: 99316 | P9: 0 | Q9: 0 | W9: 0 | X9: 624042 | Y9: 790160 | Z9: 264880 | AA9: 525280 | AB9: 2735725 | AD9: 0 | AE9: 0 | AF9: 0 | AG9: 0 | AH9: 0 | AM9: =SUM(C9:Y9) | AN9: =AM9+AD9 | AO9: Old building: before 2014
A10: 41883 | B10: 10023872 | C10: 4469625 | D10: 276014 | E10: 132812 | F10: 0 | G10: 0 | H10: 0 | I10: 2515785 | J10: 269881 | K10: 79871 | L10: 0 | M10: 0 | N10: 307475 | O10: 89352 | P10: 0 | Q10: 0 | W10: 0 | X10: 956639 | Y10: 926418 | Z10: 311968 | AA10: 614450 | AB10: 2823260 | AD10: 0 | AE10: 0 | AF10: 0 | AG10: 0 | AH10: 0 | AM10: =SUM(C10:Y10) | AN10: =AM10+AD10
A11: 41913 | B11: 8035429 | C11: 4049333 | D11: 203926 | E11: 145929 | F11: 0 | G11: 0 | H11: 0 | I11: 1763222 | J11: 248622 | K11: 39903 | L11: 0 | M11: 0 | N11: 153059 | O11: 89097 | P11: 0 | Q11: 0 | W11: 0 | X11: 708839 | Y11: 633499 | Z11: 297097 | AA11: 336402 | AB11: 1916281 | AD11: 0 | AE11: 0 | AF11: 0 | AG11: 0 | AH11: 0 | AM11: =SUM(C11:Y11) | AN11: =AM11+AD11
A12: 41944 | B12: 6858052 | C12: 3872340 | D12: 214292 | E12: 95091 | F12: 0 | G12: 0 | H12: 0 | I12: 1119362 | J12: 267023 | K12: 50426 | L12: 0 | M12: 0 | N12: 153510 | O12: 76299 | P12: 0 | Q12: 0 | W12: 0 | X12: 532301 | Y12: 477408 | Z12: 276436 | AA12: 200972 | AB12: 1272872 | AD12: 0 | AE12: 0 | AF12: 0 | AG12: 0 | AH12: 0 | AM12: =SUM(C12:Y12) | AN12: =AM12+AD12
A13: 41974 | B13: 6405579 | C13: 3982954 | D13: 253212 | E13: 117318 | F13: 0 | G13: 0 | H13: 0 | I13: 548769 | J13: 246466 | K13: 71670 | L13: 0 | M13: 0 | N13: 67209 | O13: 55450 | P13: 0 | Q13: 0 | W13: 0 | X13: 483170 | Y13: 579361 | Z13: 281511 | AA13: 297850 | AB13: 615978 | AD13: 0 | AE13: 0 | AF13: 0 | AG13: 0 | AH13: 0 | AM13: =SUM(C13:Y13) | AN13: =AM13+AD13
A14: 42005 | B14: 6037637 | C14: 3908677 | D14: 195665 | E14: 99565 | F14: 0 | G14: 0 | H14: 0 | I14: 544141 | J14: 233787 | K14: 42271 | L14: 0 | M14: 0 | N14: 40400 | O14: 48517 | P14: 0 | Q14: 0 | W14: 0 | X14: 377084 | Y14: 547530 | Z14: 262207 | AA14: 285323 | AB14: 584541 | AD14: 0 | AE14: 0 | AF14: 0 | AG14: 0 | AH14: 0 | AM14: =SUM(C14:Y14) | AN14: =AM14+AD14
A15: 42036 | B15: 5695515 | C15: 3489436 | D15: 224244 | E15: 114195 | F15: 0 | G15: 0 | H15: 0 | I15: 515349 | J15: 235819 | K15: 56423 | L15: 0 | M15: 0 | N15: 52158 | O15: 49783 | P15: 0 | Q15: 0 | W15: 0 | X15: 470725 | Y15: 487383 | Z15: 247789 | AA15: 239594 | AB15: 567507 | AD15: 0 | AE15: 0 | AF15: 0 | AG15: 0 | AH15: 0 | AM15: =SUM(C15:Y15) | AN15: =AM15+AD15
A16: 42064 | B16: 6808373 | C16: 4118527 | D16: 218508 | E16: 125033 | F16: 0 | G16: 0 | H16: 0 | I16: 822631 | J16: 265435 | K16: 53193 | L16: 0 | M16: 0 | N16: 66141 | O16: 74567 | P16: 0 | Q16: 0 | W16: 0 | X16: 503575 | Y16: 560763 | Z16: 302505 | AA16: 258258 | AB16: 888772 | AD16: 0 | AE16: 0 | AF16: 0 | AG16: 0 | AH16: 0 | AM16: =SUM(C16:Y16) | AN16: =AM16+AD16
A17: 42095 | B17: 7375395 | C17: 4123782 | D17: 205482 | E17: 172615 | F17: 0 | G17: 0 | H17: 0 | I17: 1230463 | J17: 237697 | K17: 54391 | L17: 0 | M17: 0 | N17: 110064 | O17: 97242 | P17: 0 | Q17: 0 | W17: 0 | X17: 593115 | Y17: 550544 | Z17: 303017 | AA17: 247527 | AB17: 1340527 | AD17: 0 | AE17: 0 | AF17: 0 | AG17: 0 | AH17: 0 | AM17: =SUM(C17:Y17) | AN17: =AM17+AD17
A18: 42125 | B18: 8190535 | C18: 3697825 | D18: 220809 | E18: 203655 | F18: 0 | G18: 0 | H18: 0 | I18: 2094261 | J18: 212132 | K18: 49088 | L18: 0 | M18: 0 | N18: 186711 | O18: 72445 | P18: 0 | Q18: 0 | W18: 0 | X18: 777496 | Y18: 676113 | Z18: 293556 | AA18: 382557 | AB18: 2280972 | AD18: 0 | AE18: 0 | AF18: 0 | AG18: 0 | AH18: 0 | AM18: =SUM(C18:Y18) | AN18: =AM18+AD18
A19: 42156 | B19: 9712387 | C19: 4414578 | D19: 239524 | E19: 194738 | F19: 0 | G19: 0 | H19: 0 | I19: 2544609 | J19: 280980 | K19: 129946 | L19: 0 | M19: 0 | N19: 255852 | O19: 111119 | P19: 0 | Q19: 0 | W19: 0 | X19: 589036 | Y19: 952005 | Z19: 302993 | AA19: 649012 | AB19: 2800461 | AD19: 0 | AE19: 0 | AF19: 0 | AG19: 0 | AH19: 0 | AK19: =SUM(B8:B19) | AL19: =AK19 | AM19: =SUM(C19:Y19) | AN19: =AM19+AD19
A20: 42186 | B20: 8834027 | C20: 3840527 | D20: 216309 | E20: 224950 | F20: 0 | G20: 0 | H20: 0 | I20: 2507656 | J20: 217810 | K20: 77610 | L20: 25769 | M20: 0 | N20: 212246 | O20: 90399 | P20: 0 | Q20: 0 | W20: 0 | X20: 636984 | Y20: 783767 | Z20: 277550 | AA20: 506217 | AB20: 2719902 | AD20: 0 | AE20: 0 | AF20: 0 | AG20: 0 | AH20: 0 | AK20: =SUM(B9:B20) | AM20: =SUM(C20:Y20) | AN20: =AM20+AD20
A21: 42217 | B21: 8681882 | C21: 3336768 | D21: 260880 | E21: 198008 | F21: 0 | G21: 0 | H21: 0 | I21: 2564183 | J21: 268478 | K21: 71460 | L21: 134760 | M21: 0 | N21: 252328 | O21: 107250 | P21: 0 | Q21: 0 | W21: 0 | X21: 680006 | Y21: 807761 | Z21: 278196 | AA21: 529565 | AB21: 2816511 | AD21: 0 | AE21: 0 | AF21: 0 | AG21: 0 | AH21: 0 | AK21: =SUM(B10:B21) | AM21: =SUM(C21:Y21) | AN21: =AM21+AD21
A22: 42248 | B22: 9954396 | C22: 4633259 | D22: 234187 | E22: 228598 | F22: 0 | G22: 0 | H22: 0 | I22: 2359914 | J22: 263450 | K22: 56020 | L22: 135352 | M22: 0 | N22: 222957 | O22: 84622 | P22: 0 | Q22: 0 | W22: 0 | X22: 887878 | Y22: 848159 | Z22: 338617 | AA22: 509542 | AB22: 2582871 | AD22: 0 | AE22: 0 | AF22: 0 | AG22: 0 | AH22: 0 | AK22: =SUM(B11:B22) | AM22: =SUM(C22:Y22) | AN22: =AM22+AD22
A23: 42278 | B23: 8352722 | C23: 4009560 | D23: 212948 | E23: 252642 | F23: 0 | G23: 0 | H23: 0 | I23: 1873529 | J23: 247453 | K23: 52867 | L23: 131511 | M23: 0 | N23: 179183 | O23: 77686 | P23: 0 | Q23: 0 | W23: 0 | X23: 705699 | Y23: 609644 | Z23: 309456 | AA23: 300188 | AB23: 2052712 | AD23: 0 | AE23: 0 | AF23: 0 | AG23: 0 | AH23: 0 | AK23: =SUM(B12:B23) | AM23: =SUM(C23:Y23) | AN23: =AM23+AD23
A24: 42309 | B24: 8050995 | C24: 4200888 | D24: 229804 | E24: 304409 | F24: 0 | G24: 0 | H24: 0 | I24: 1464223 | J24: 278579 | K24: 45990 | L24: 146949 | M24: 0 | N24: 173483 | O24: 65641 | P24: 0 | Q24: 0 | W24: 0 | X24: 587552 | Y24: 553477 | Z24: 318937 | AA24: 234540 | AB24: 1637706 | AD24: 0 | AE24: 0 | AF24: 0 | AG24: 0 | AH24: 0 | AK24: =SUM(B13:B24) | AM24: =SUM(C24:Y24) | AN24: =AM24+AD24
A25: 42339 | B25: 6493453 | C25: 3614603 | D25: 290741 | E25: 333130 | F25: 0 | G25: 0 | H25: 0 | I25: 690904 | J25: 285264 | K25: 65483 | L25: 103943 | M25: 0 | N25: 90243 | O25: 79484 | P25: 0 | Q25: 0 | W25: 0 | X25: 453971 | Y25: 485687 | Z25: 282739 | AA25: 202948 | AB25: 781147 | AD25: 0 | AE25: 0 | AF25: 0 | AG25: 0 | AH25: 0 | AK25: =SUM(B14:B25) | AM25: =SUM(C25:Y25) | AN25: =AM25+AD25
A26: 42370 | B26: 6245223 | C26: 3831763 | D26: 139048 | E26: 277210 | F26: 0 | G26: 0 | H26: 0 | I26: 516685 | J26: 242251 | K26: 42075 | L26: 122690 | M26: 0 | N26: 50559 | O26: 78005 | P26: 0 | Q26: 0 | W26: 0 | X26: 377458 | Y26: 567479 | Z26: 259474 | AA26: 308005 | AB26: 567244 | AD26: 0 | AE26: 0 | AF26: 0 | AG26: 0 | AH26: 0 | AK26: =SUM(B15:B26) | AM26: =SUM(C26:Y26) | AN26: =AM26+AD26
A27: 42401 | B27: 6466884 | C27: 3779412 | D27: 298078 | E27: 343984 | F27: 0 | G27: 0 | H27: 0 | I27: 406263 | J27: 294647 | K27: 45944 | L27: 117026 | M27: 0 | N27: 48852 | O27: 37408 | P27: 0 | Q27: 0 | W27: 0 | X27: 487805 | Y27: 607465 | Z27: 272882 | AA27: 334583 | AB27: 455115 | AD27: 0 | AE27: 0 | AF27: 0 | AG27: 0 | AH27: 0 | AK27: =SUM(B16:B27) | AM27: =SUM(C27:Y27) | AN27: =AM27+AD27
A28: 42430 | B28: 6613470 | C28: 3972874 | D28: 204423 | E28: 276509 | F28: 0 | G28: 0 | H28: 0 | I28: 553500 | J28: 237417 | K28: 58069 | L28: 81220 | M28: 0 | N28: 57570 | O28: 60129 | P28: 0 | Q28: 0 | W28: 0 | X28: 547267 | Y28: 564492 | Z28: 289377 | AA28: 275115 | AB28: 611070 | AD28: 0 | AE28: 0 | AF28: 0 | AG28: 0 | AH28: 0 | AK28: =SUM(B17:B28) | AM28: =SUM(C28:Y28) | AN28: =AM28+AD28
A29: 42461 | B29: 7584721 | C29: 4018970 | D29: 215813 | E29: 296537 | F29: 0 | G29: 0 | H29: 0 | I29: 1283919 | J29: 271059 | K29: 49082 | L29: 118821 | M29: 0 | N29: 135895 | O29: 63059 | P29: 0 | Q29: 0 | W29: 0 | X29: 558826 | Y29: 572740 | Z29: 308674 | AA29: 264066 | AB29: 1419814 | AD29: 0 | AE29: 0 | AF29: 0 | AG29: 0 | AH29: 0 | AK29: =SUM(B18:B29) | AM29: =SUM(C29:Y29) | AN29: =AM29+AD29
A30: 42491 | B30: 8730352 | C30: 3773707 | D30: 263078 | E30: 405553 | F30: 0 | G30: 0 | H30: 0 | I30: 1964154 | J30: 277527 | K30: 71026 | L30: 204440 | M30: 0 | N30: 241532 | O30: 102506 | P30: 0 | Q30: 0 | W30: 0 | X30: 728971 | Y30: 697858 | Z30: 320173 | AA30: 377685 | AB30: 2205686 | AD30: 0 | AE30: 0 | AF30: 0 | AG30: 0 | AH30: 0 | AK30: =SUM(B19:B30) | AM30: =SUM(C30:Y30) | AN30: =AM30+AD30
A31: 42522 | B31: 9791945 | C31: 4046518 | D31: 274465 | E31: 503779 | F31: 0 | G31: 0 | H31: 0 | I31: 2672172 | J31: 247180 | K31: 48151 | L31: 162606 | M31: 0 | N31: 204368 | O31: 87014 | P31: 0 | Q31: 0 | W31: 0 | X31: 649314 | Y31: 896378 | Z31: 301989 | AA31: 594389 | AB31: 2876540 | AD31: 0 | AE31: 0 | AF31: 0 | AG31: 0 | AH31: 0 | AK31: =SUM(B20:B31) | AL31: =AK31 | AM31: =SUM(C31:Y31) | AN31: =AM31+AD31
A32: 42552 | B32: 9168714 | C32: 3655670 | D32: 171816 | E32: 346896 | F32: 0 | G32: 0 | H32: 0 | I32: 2679758 | J32: 241218 | K32: 56433 | L32: 183048 | M32: 0 | N32: 231512 | O32: 89776 | P32: 0 | Q32: 0 | W32: 0 | X32: 701641 | Y32: 810946 | Z32: 285596 | AA32: 525350 | AB32: 2911270 | AD32: 0 | AE32: 0 | AF32: 0 | AG32: 0 | AH32: 0 | AK32: =SUM(B21:B32) | AM32: =SUM(C32:Y32) | AN32: =AM32+AD32
A33: 42583 | B33: 9494610 | C33: 3873088 | D33: 267163 | E33: 515939 | F33: 0 | G33: 0 | H33: 0 | I33: 2450437 | J33: 296189 | K33: 70401 | L33: 187636 | M33: 0 | N33: 253271 | O33: 98211 | P33: 0 | Q33: 0 | W33: 0 | X33: 706214 | Y33: 776061 | Z33: 313559 | AA33: 462502 | AB33: 2703708 | AD33: 0 | AE33: 0 | AF33: 0 | AG33: 0 | AH33: 0 | AK33: =SUM(B22:B33) | AM33: =SUM(C33:Y33) | AN33: =AM33+AD33
A34: 42614 | B34: 9481784 | C34: 4228883 | D34: 247221 | E34: 400844 | F34: 0 | G34: 0 | H34: 0 | I34: 2315953 | J34: 260266 | K34: 58317 | L34: 155062 | M34: 0 | N34: 205585 | O34: 86794 | P34: 0 | Q34: 0 | W34: 0 | X34: 809354 | Y34: 713505 | Z34: 333329 | AA34: 380176 | AB34: 2521538 | AD34: 0 | AE34: 0 | AF34: 0 | AG34: 0 | AH34: 0 | AK34: =SUM(B23:B34) | AM34: =SUM(C34:Y34) | AN34: =AM34+AD34
A35: 42644 | B35: 8039061 | C35: 3320287 | D35: 244358 | E35: 301842 | F35: 0 | G35: 0 | H35: 0 | I35: 2065366 | J35: 252484 | K35: 59236 | L35: 143725 | M35: 0 | N35: 191013 | O35: 67897 | P35: 0 | Q35: 0 | W35: 0 | X35: 828064 | Y35: 564789 | Z35: 295061 | AA35: 269728 | AB35: 2256379 | AD35: 0 | AE35: 0 | AF35: 0 | AG35: 0 | AH35: 0 | AK35: =SUM(B24:B35) | AM35: =SUM(C35:Y35) | AN35: =AM35+AD35
A36: 42675 | B36: 8258064 | C36: 4405647 | D36: 269652 | E36: 561953 | F36: 0 | G36: 0 | H36: 0 | I36: 1190430 | J36: 309914 | K36: 74983 | L36: 137244 | M36: 0 | N36: 161352 | O36: 68587 | P36: 0 | Q36: 0 | W36: 0 | X36: 531267 | Y36: 547035 | Z36: 351124 | AA36: 195911 | AB36: 1351782 | AD36: 0 | AE36: 0 | AF36: 0 | AG36: 0 | AH36: 0 | AK36: =SUM(B25:B36) | AM36: =SUM(C36:Y36) | AN36: =AM36+AD36
A37: 42705 | B37: 6468025 | C37: 3593398 | D37: 239740 | E37: 398980 | F37: 0 | G37: 0 | H37: 0 | I37: 761395 | J37: 261691 | K37: 59003 | L37: 108647 | M37: 0 | N37: 86111 | O37: 51534 | P37: 0 | Q37: 0 | W37: 0 | X37: 463216 | Y37: 444310 | Z37: 303998 | AA37: 140312 | AB37: 847506 | AD37: 0 | AE37: 0 | AF37: 0 | AG37: 0 | AH37: 0 | AK37: =SUM(B26:B37) | AM37: =SUM(C37:Y37) | AN37: =AM37+AD37
A38: 42736 | B38: 5525573 | C38: 3099589 | D38: 214435 | E38: 370050 | F38: 0 | G38: 0 | H38: 0 | I38: 618875 | J38: 233523 | K38: 46449 | L38: 99324 | M38: 0 | N38: 55694 | O38: 41576 | P38: 0 | Q38: 0 | W38: 0 | X38: 337896 | Y38: 408162 | Z38: 243772 | AA38: 164390 | AB38: 674569 | AD38: 0 | AE38: 0 | AF38: 0 | AG38: 0 | AH38: 0 | AK38: =SUM(B27:B38) | AM38: =SUM(C38:Y38) | AN38: =AM38+AD38
A39: 42767 | B39: 6826525 | C39: 4036987 | D39: 254971 | E39: 430923 | F39: 0 | G39: 0 | H39: 0 | I39: 526051 | J39: 277051 | K39: 57162 | L39: 104695 | M39: 0 | N39: 58566 | O39: 46491 | P39: 0 | Q39: 0 | W39: 0 | X39: 498147 | Y39: 535481 | Z39: 308838 | AA39: 226643 | AB39: 584617 | AD39: 0 | AE39: 0 | AF39: 0 | AG39: 0 | AH39: 0 | AK39: =SUM(B28:B39) | AM39: =SUM(C39:Y39) | AN39: =AM39+AD39
A40: 42795 | B40: 6883831 | C40: 3870515 | D40: 248895 | E40: 445814 | F40: 0 | G40: 0 | H40: 0 | I40: 740508 | J40: 295298 | K40: 58107 | L40: 92166 | M40: 0 | N40: 72031 | O40: 46835 | P40: 0 | Q40: 0 | W40: 0 | X40: 500980 | Y40: 512682 | Z40: 317794 | AA40: 194888 | AB40: 812539 | AD40: 0 | AE40: 0 | AF40: 0 | AG40: 0 | AH40: 0 | AK40: =SUM(B29:B40) | AM40: =SUM(C40:Y40) | AN40: =AM40+AD40
A41: 42826 | B41: 6688335 | C41: 3328654 | D41: 212465 | E41: 375876 | F41: 0 | G41: 0 | H41: 0 | I41: 1194038 | J41: 235542 | K41: 49717 | L41: 105608 | M41: 0 | N41: 123848 | O41: 51501 | P41: 0 | Q41: 0 | W41: 0 | X41: 556388 | Y41: 454698 | Z41: 278250 | AA41: 176448 | AB41: 1317886 | AD41: 0 | AE41: 0 | AF41: 0 | AG41: 0 | AH41: 0 | AK41: =SUM(B30:B41) | AM41: =SUM(C41:Y41) | AN41: =AM41+AD41
A42: 42856 | B42: 8137565 | C42: 3720289 | D42: 252700 | E42: 428220 | F42: 0 | G42: 0 | H42: 0 | I42: 1738362 | J42: 282988 | K42: 64509 | L42: 160553 | M42: 0 | N42: 193845 | O42: 68219 | P42: 0 | Q42: 0 | W42: 0 | X42: 660533 | Y42: 567347 | Z42: 318068 | AA42: 249279 | AB42: 1932207 | AD42: 0 | AE42: 0 | AF42: 0 | AG42: 0 | AH42: 0 | AK42: =SUM(B31:B42) | AM42: =SUM(C42:Y42) | AN42: =AM42+AD42
A43: 42887 | B43: 9514271 | C43: 4066105 | D43: 258022 | E43: 446908 | F43: 0 | G43: 0 | H43: 0 | I43: 2500352 | J43: 267111 | K43: 70932 | L43: 204894 | M43: 0 | N43: 240351 | O43: 86736 | P43: 0 | Q43: 0 | W43: 0 | X43: 611695 | Y43: 761165 | Z43: 307686 | AA43: 453479 | AB43: 2740703 | AD43: 0 | AE43: 0 | AF43: 0 | AG43: 0 | AH43: 0 | AK43: =SUM(B32:B43) | AL43: =AK43 | AM43: =SUM(C43:Y43) | AN43: =AM43+AD43
A44: 42917 | B44: 8243086 | C44: 3001369 | D44: 231436 | E44: 384666 | F44: 0 | G44: 0 | H44: 0 | I44: 2544886 | J44: 241317 | K44: 62499 | L44: 192870 | M44: 0 | N44: 223983 | O44: 82519 | P44: 0 | Q44: 0 | W44: 0 | X44: 700584 | Y44: 576957 | Z44: 212800 | AA44: 364157 | AB44: 2768869 | AD44: 0 | AE44: 0 | AF44: 0 | AG44: 0 | AH44: 0 | AK44: =SUM(B33:B44) | AM44: =SUM(C44:Y44) | AN44: =AM44+AD44
A45: 42948 | B45: 9842261 | C45: 4031396 | D45: 275532 | E45: 493213 | F45: 0 | G45: 0 | H45: 0 | I45: 2551418 | J45: 296187 | K45: 74921 | L45: 248922 | M45: 0 | N45: 278456 | O45: 82128 | P45: 0 | Q45: 0 | W45: 0 | X45: 722301 | Y45: 787787 | Z45: 241411 | AA45: 546376 | AB45: 2829874 | AD45: 0 | AE45: 0 | AF45: 0 | AG45: 0 | AH45: 0 | AK45: =SUM(B34:B45) | AM45: =SUM(C45:Y45) | AN45: =AM45+AD45
A46: 42979 | B46: 9512976 | C46: 3773479 | D46: 258590 | E46: 442915 | F46: 0 | G46: 0 | H46: 0 | I46: 2600804 | J46: 288653 | K46: 60546 | L46: 207848 | M46: 0 | N46: 265391 | O46: 71953 | P46: 0 | Q46: 0 | W46: 0 | X46: 787739 | Y46: 755058 | Z46: 247909 | AA46: 507149 | AB46: 2866195 | AD46: 0 | AE46: 0 | AF46: 0 | AG46: 0 | AH46: 0 | AK46: =SUM(B35:B46) | AM46: =SUM(C46:Y46) | AN46: =AM46+AD46
A47: 43009 | B47: 8514444 | C47: 3744126 | D47: 270654 | E47: 452584 | F47: 0 | G47: 0 | H47: 0 | I47: 1841190 | J47: 292092 | K47: 63022 | L47: 183095 | M47: 0 | N47: 217543 | O47: 42173 | P47: 0 | Q47: 0 | W47: 0 | X47: 803446 | Y47: 604519 | Z47: 246432 | AA47: 358087 | AB47: 2058733 | AD47: 0 | AE47: 0 | AF47: 0 | AG47: 0 | AH47: 0 | AK47: =SUM(B36:B47) | AM47: =SUM(C47:Y47) | AN47: =AM47+AD47
A48: 43040 | B48: 7261986 | C48: 3933330 | D48: 249042 | E48: 421911 | F48: 0 | G48: 0 | H48: 0 | I48: 1084163 | J48: 284103 | K48: 55715 | L48: 122475 | M48: 0 | N48: 126984 | O48: 29219 | P48: 0 | Q48: 0 | W48: 0 | X48: 512053 | Y48: 442991 | Z48: 271273 | AA48: 171718 | AB48: 1211147 | AD48: 0 | AE48: 0 | AF48: 0 | AG48: 0 | AH48: 0 | AK48: =SUM(B37:B48) | AM48: =SUM(C48:Y48) | AN48: =AM48+AD48
A49: 43070 | B49: 5970850 | C49: 3266116 | D49: 230252 | E49: 430229 | F49: 0 | G49: 0 | H49: 0 | I49: 611381 | J49: 273022 | K49: 56181 | L49: 119923 | M49: 0 | N49: 73274 | O49: 29061 | P49: 0 | Q49: 0 | W49: 0 | X49: 469420 | Y49: 411991 | Z49: 234655 | AA49: 177336 | AB49: 684655 | AD49: 0 | AE49: 0 | AF49: 0 | AG49: 0 | AH49: 0 | AK49: =SUM(B38:B49) | AM49: =SUM(C49:Y49) | AN49: =AM49+AD49
A50: 43101 | B50: 6340475 | C50: 3715383 | D50: 255100 | E50: 462317 | F50: 0 | G50: 0 | H50: 0 | I50: 511044 | J50: 277806 | K50: 57343 | L50: 115237 | M50: 0 | N50: 61658 | O50: 26266 | P50: 0 | Q50: 0 | W50: 0 | X50: 326074 | Y50: 532247 | Z50: 267046 | AA50: 265201 | AB50: 572702 | AD50: 0 | AE50: 0 | AF50: 0 | AG50: 0 | AH50: 0 | AK50: =SUM(B39:B50) | AM50: =SUM(C50:Y50) | AN50: =AM50+AD50
A51: 43132 | B51: 6010872 | C51: 3437800 | D51: 218539 | E51: 418582 | F51: 0 | G51: 0 | H51: 0 | I51: 439104 | J51: 229353 | K51: 59346 | L51: 112008 | M51: 0 | N51: 44948 | O51: 24999 | P51: 0 | Q51: 0 | W51: 0 | X51: 436736 | Y51: 589457 | Z51: 272614 | AA51: 316843 | AB51: 484052 | AD51: 83562 | AE51: 0 | AF51: 0 | AG51: 0 | AH51: 0 | AK51: =SUM(B40:B51) | AM51: =SUM(C51:Y51) | AN51: =AM51+AD51
A52: 43160 | B52: 6466521 | C52: 3450924 | D52: 266749 | E52: 428068 | F52: 0 | G52: 0 | H52: 0 | I52: 808368 | J52: 298704 | K52: 42758 | L52: 101870 | M52: 0 | N52: 87607 | O52: 22757 | P52: 0 | Q52: 0 | W52: 0 | X52: 471104 | Y52: 487612 | Z52: 306197 | AA52: 181415 | AB52: 895975 | AD52: 70345 | AE52: 0 | AF52: 0 | AG52: 0 | AH52: 0 | AK52: =SUM(B41:B52) | AM52: =SUM(C52:Y52) | AN52: =AM52+AD52
A53: 43191 | B53: 7476752 | C53: 3890381 | D53: 238376 | E53: 450705 | F53: 0 | G53: 0 | H53: 0 | I53: 1208521 | J53: 275522 | K53: 52528 | L53: 124604 | M53: 0 | N53: 137799 | O53: 21167 | P53: 0 | Q53: 0 | W53: 0 | X53: 538438 | Y53: 538711 | Z53: 333892 | AA53: 204819 | AB53: 1346320 | AD53: 80484 | AE53: 0 | AF53: 0 | AG53: 0 | AH53: 0 | AK53: =SUM(B42:B53) | AM53: =SUM(C53:Y53) | AN53: =AM53+AD53
A54: 43221 | B54: 8980797 | C54: 3663428 | D54: 275700 | E54: 506370 | F54: 0 | G54: 0 | H54: 0 | I54: 2176575 | J54: 304399 | K54: 60569 | L54: 183261 | M54: 0 | N54: 224034 | O54: 35915 | P54: 0 | Q54: 16340 | W54: 0 | X54: 738822 | Y54: 795384 | Z54: 342020 | AA54: 453364 | AB54: 2400609 | AD54: 116361 | AE54: 0 | AF54: 0 | AG54: 0 | AH54: 0 | AK54: =SUM(B43:B54) | AM54: =SUM(C54:Y54) | AN54: =AM54+AD54
A55: 43252 | B55: 8345430 | C55: 3243600 | D55: 230102 | E55: 463971 | F55: 0 | G55: 0 | H55: 0 | I55: 2314940 | J55: 265718 | K55: 74569 | L55: 191322 | M55: 0 | N55: 226980 | O55: 23888 | P55: 0 | Q55: 8379 | W55: 0 | X55: 551495 | Y55: 750466 | Z55: 296584 | AA55: 453882 | AB55: 2541920 | AD55: 97157 | AE55: 0 | AF55: 0 | AG55: 0 | AH55: 0 | AK55: =SUM(B44:B55) | AL55: =AK55+SUM(AD44:AD55) | AM55: =SUM(C55:Y55) | AN55: =AM55+AD55
A56: 43282 | B56: 9163876 | C56: 3596301 | D56: 269714 | E56: 448922 | F56: 0 | G56: 0 | H56: 0 | I56: 2556472 | J56: 246603 | K56: 84978 | L56: 217407 | M56: 0 | N56: 246683 | O56: 37883 | P56: 0 | Q56: 12527 | W56: 0 | X56: 638211 | Y56: 808175 | Z56: 301748 | AA56: 506427 | AB56: 2803155 | AD56: 70578 | AE56: 0 | AF56: 0 | AG56: 0 | AH56: 0 | AK56: =SUM(B45:B56) | AM56: =SUM(C56:Y56) | AN56: =AM56+AD56
A57: 43313 | B57: 9264802 | C57: 3681107 | D57: 221923 | E57: 513076 | F57: 0 | G57: 0 | H57: 0 | I57: 2576284 | J57: 280930 | K57: 84295 | L57: 181347 | M57: 0 | N57: 248971 | O57: 36067 | P57: 0 | Q57: 8409 | W57: 0 | X57: 612321 | Y57: 820072 | Z57: 314766 | AA57: 505306 | AB57: 2825255 | AD57: 85341 | AE57: 0 | AF57: 0 | AG57: 0 | AH57: 0 | AK57: =SUM(B46:B57) | AM57: =SUM(C57:Y57) | AN57: =AM57+AD57
A58: 43344 | B58: 8549475 | C58: 3388624 | D58: 222460 | E58: 448695 | F58: 0 | G58: 0 | H58: 0 | I58: 2177118 | J58: 269617 | K58: 68024 | L58: 147015 | M58: 0 | N58: 204451 | O58: 23465 | P58: 0 | Q58: 16958 | W58: 0 | X58: 804200 | Y58: 778848 | Z58: 322443 | AA58: 456405 | AB58: 2381569 | AD58: 97245 | AE58: 0 | AF58: 0 | AG58: 0 | AH58: 0 | AK58: =SUM(B47:B58) | AM58: =SUM(C58:Y58) | AN58: =AM58+AD58
A59: 43374 | B59: 8134959 | C59: 3908089 | D59: 246334 | E59: 488440 | F59: 0 | G59: 0 | H59: 0 | I59: 1485329 | J59: 305093 | K59: 67677 | L59: 138871 | M59: 0 | N59: 167478 | O59: 22031 | P59: 0 | Q59: 85312 | W59: 0 | X59: 584651 | Y59: 635654 | Z59: 351483 | AA59: 284171 | AB59: 1652807 | AD59: 112463 | AE59: 0 | AF59: 0 | AG59: 0 | AH59: 0 | AK59: =SUM(B48:B59) | AM59: =SUM(C59:Y59) | AN59: =AM59+AD59
A60: 43405 | B60: 7301374 | C60: 3828466 | D60: 218939 | E60: 407239 | F60: 0 | G60: 0 | H60: 0 | I60: 1134112 | J60: 287286 | K60: 57308 | L60: 113093 | M60: 0 | N60: 126558 | O60: 26144 | P60: 0 | Q60: 62066 | W60: 0 | X60: 486495 | Y60: 553668 | Z60: 356420 | AA60: 197248 | AB60: 1260670 | AD60: 78899 | AE60: 0 | AF60: 0 | AG60: 0 | AH60: 0 | AK60: =SUM(B49:B60) | AM60: =SUM(C60:Y60) | AN60: =AM60+AD60
A61: 43435 | B61: 5745762 | C61: 3003100 | D61: 208027 | E61: 405643 | F61: 0 | G61: 0 | H61: 0 | I61: 682534 | J61: 253715 | K61: 49747 | L61: 97643 | M61: 0 | N61: 75003 | O61: 14837 | P61: 0 | Q61: 56360 | W61: 0 | X61: 416236 | Y61: 482917 | Z61: 321018 | AA61: 161899 | AB61: 757537 | AD61: 70771 | AE61: 0 | AF61: 0 | AG61: 0 | AH61: 0 | AK61: =SUM(B50:B61) | AM61: =SUM(C61:Y61) | AN61: =AM61+AD61
A62: 43466 | B62: 6248667 | C62: 3629709 | D62: 222775 | E62: 421202 | F62: 0 | G62: 0 | H62: 0 | I62: 484198 | J62: 263925 | K62: 55886 | L62: 105554 | M62: 0 | N62: 60895 | O62: 21572 | P62: 0 | Q62: 53837 | W62: 0 | X62: 341945 | Y62: 587169 | Z62: 326358 | AA62: 260811 | AB62: 545093 | AD62: 51400 | AE62: 0 | AF62: 0 | AG62: 0 | AH62: 0 | AK62: =SUM(B51:B62) | AM62: =SUM(C62:Y62) | AN62: =AM62+AD62
A63: 43497 | B63: 5832769 | C63: 3264996 | D63: 209124 | E63: 395384 | F63: 0 | G63: 0 | H63: 0 | I63: 597453 | J63: 254927 | K63: 43422 | L63: 87204 | M63: 0 | N63: 60345 | O63: 16313 | P63: 0 | Q63: 50658 | W63: 0 | X63: 363265 | Y63: 489678 | Z63: 301948 | AA63: 187730 | AB63: 657798 | AD63: 68403 | AE63: 0 | AF63: 0 | AG63: 0 | AH63: 0 | AK63: =SUM(B52:B63) | AM63: =SUM(C63:Y63) | AN63: =AM63+AD63
A64: 43525 | B64: 6331150 | C64: 3345129 | D64: 207872 | E64: 391830 | F64: 0 | G64: 0 | H64: 0 | I64: 793174 | J64: 242810 | K64: 51330 | L64: 107277 | M64: 0 | N64: 90434 | O64: 27877 | P64: 0 | Q64: 51807 | W64: 0 | X64: 479638 | Y64: 541972 | Z64: 329756 | AA64: 212216 | AB64: 883608 | AD64: 70519 | AE64: 0 | AF64: 0 | AG64: 0 | AH64: 0 | AK64: =SUM(B53:B64) | AM64: =SUM(C64:Y64) | AN64: =AM64+AD64
A65: 43556 | B65: 7724333 | C65: 3897277 | D65: 239709 | E65: 416769 | F65: 0 | G65: 0 | H65: 0 | I65: 1267906 | J65: 261684 | K65: 54547 | L65: 131475 | M65: 0 | N65: 128377 | O65: 50411 | P65: 0 | Q65: 74731 | W65: 0 | X65: 545039 | Y65: 656408 | Z65: 354868 | AA65: 301540 | AB65: 1396283 | AD65: 91375 | AE65: 0 | AF65: 0 | AG65: 0 | AH65: 0 | AK65: =SUM(B54:B65) | AM65: =SUM(C65:Y65) | AN65: =AM65+AD65
A66: 43586 | B66: 7840497 | C66: 3553410 | D66: 223486 | E66: 408004 | F66: 0 | G66: 0 | H66: 0 | I66: 1567740 | J66: 252730 | K66: 60316 | L66: 146843 | M66: 0 | N66: 168006 | O66: 48567 | P66: 0 | Q66: 75552 | W66: 0 | X66: 650564 | Y66: 685279 | Z66: 332260 | AA66: 353019 | AB66: 1735746 | AD66: 102963 | AE66: 0 | AF66: 0 | AG66: 0 | AH66: 0 | AK66: =SUM(B55:B66) | AM66: =SUM(C66:Y66) | AN66: =AM66+AD66
A67: 43617 | B67: 8048430 | C67: 3274264 | D67: 215214 | E67: 385131 | F67: 0 | G67: 0 | H67: 0 | I67: 2054826 | J67: 226595 | K67: 65999 | L67: 175675 | M67: 0 | N67: 204845 | O67: 60310 | P67: 0 | Q67: 75530 | W67: 0 | X67: 554926 | Y67: 755115 | Z67: 242424 | AA67: 512691 | AB67: 2259671 | AD67: 90889 | AE67: 0 | AF67: 0 | AG67: 0 | AH67: 0 | AK67: =SUM(B56:B67) | AL67: =AK67+SUM(AD56:AD67) | AM67: =SUM(C67:Y67) | AN67: =AM67+AD67
A68: 43647 | B68: 9301477 | C68: 3802878 | D68: 252456 | E68: 452014 | F68: 0 | G68: 0 | H68: 0 | I68: 2356091 | J68: 265538 | K68: 83679 | L68: 215366 | M68: 0 | N68: 249610 | O68: 71160 | P68: 0 | Q68: 101005 | W68: 0 | X68: 586193 | Y68: 865487 | Z68: 260859 | AA68: 604628 | AB68: 2605701 | AD68: 74995 | AE68: 0 | AF68: 0 | AG68: 0 | AH68: 0 | AK68: =SUM(B57:B68) | AM68: =SUM(C68:Y68) | AN68: =AM68+AD68
A69: 43678 | B69: 9116965 | C69: 3220290 | D69: 242645 | E69: 422221 | F69: 0 | G69: 424725 | H69: 0 | I69: 2390328 | J69: 252699 | K69: 74912 | L69: 170764 | M69: 0 | N69: 227597 | O69: 54203 | P69: 0 | Q69: 94217 | W69: 0 | X69: 654976 | Y69: 887388 | Z69: 258945 | AA69: 628443 | AB69: 2617925 | AD69: 67653 | AE69: 0 | AF69: 0 | AG69: 0 | AH69: 0 | AK69: =SUM(B58:B69) | AM69: =SUM(C69:Y69) | AN69: =AM69+AD69
A70: 43709 | B70: 9462055 | C70: 3755080.2 | D70: 230045 | E70: 402702 | F70: 0 | G70: 100551 | H70: 59436 | I70: 2310802.8 | J70: 249415 | K70: 75384 | L70: 160706 | M70: 0 | N70: 225882 | O70: 44385 | P70: 0 | Q70: 83764 | W70: 0 | X70: 827293 | Y70: 936609 | Z70: 377836 | AA70: 558773 | AB70: 2536684.8 | AD70: 115167 | AE70: 0 | AF70: 0 | AG70: 0 | AH70: 0 | AK70: =SUM(B59:B70) | AM70: =SUM(C70:Y70) | AN70: =AM70+AD70
A71: 43739 | B71: 8322078 | C71: 3512233.2 | D71: 253825 | E71: 442513 | F71: 0 | G71: 113044 | H71: 55451 | I71: 1831017.8 | J71: 275324 | K71: 63423 | L71: 128778 | M71: 0 | N71: 187955 | O71: 49676 | P71: 0 | Q71: 85459 | W71: 0 | X71: 573373 | Y71: 750006 | Z71: 348709 | AA71: 401297 | AB71: 2018972.8 | AD71: 144704 | AE71: 0 | AF71: 0 | AG71: 0 | AH71: 0 | AK71: =SUM(B60:B71) | AM71: =SUM(C71:Y71) | AN71: =AM71+AD71
A72: 43770 | B72: 6415073 | C72: 3281818.7 | D72: 216193 | E72: 367280 | F72: 0 | G72: 91082 | H72: 59722 | I72: 910263.32 | J72: 218913 | K72: 48453 | L72: 98766 | M72: 0 | N72: 102398 | O72: 38563 | P72: 0 | Q72: 44065 | W72: 0 | X72: 451117 | Y72: 486439 | Z72: 283909 | AA72: 202530 | AB72: 1012661.3 | AD72: 82531 | AE72: 0 | AF72: 0 | AG72: 0 | AH72: 0 | AK72: =SUM(B61:B72) | AM72: =SUM(C72:Y72) | AN72: =AM72+AD72
A73: 43800 | B73: 5899084 | C73: 3254720.9 | D73: 229842 | E73: 390890 | F73: 0 | G73: 105592 | H73: 59707 | I73: 538670.13 | J73: 232536 | K73: 46020 | L73: 77558 | M73: 0 | N73: 73091 | O73: 40146 | P73: 0 | Q73: 39890 | W73: 0 | X73: 325231 | Y73: 485190 | Z73: 280873 | AA73: 204317 | AB73: 611761.13 | AD73: 48121 | AE73: 0 | AF73: 0 | AG73: 0 | AH73: 0 | AK73: =SUM(B62:B73) | AM73: =SUM(C73:Y73) | AN73: =AM73+AD73
A74: 43831 | B74: 5768791 | C74: 3078548.9 | D74: 236757 | E74: 414212 | F74: 0 | G74: 135848 | H74: 74925 | I74: 514211.08 | J74: 258161 | K74: 45705 | L74: 85583 | M74: 0 | N74: 64772 | O74: 41213 | P74: 0 | Q74: 31253 | W74: 0 | X74: 304301 | Y74: 483301 | Z74: 262219 | AA74: 221082 | AB74: 578983.08 | AD74: 36605 | AE74: 0 | AF74: 0 | AG74: 0 | AH74: 0 | AK74: =SUM(B63:B74) | AM74: =SUM(C74:Y74) | AN74: =AM74+AD74
A75: 43862 | B75: 5023807 | C75: 2865741.8 | D75: 157931 | E75: 298508 | F75: 0 | G75: 92910 | H75: 51118 | I75: 421075.24 | J75: 164814 | K75: 38096 | L75: 58743 | M75: 0 | N75: 50512 | O75: 40527 | P75: 0 | Q75: 10207 | W75: 0 | X75: 305392 | Y75: 468232 | Z75: 208348 | AA75: 259884 | AB75: 471587.24 | AD75: 42917 | AE75: 0 | AF75: 0 | AG75: 0 | AH75: 0 | AK75: =SUM(B64:B75) | AM75: =SUM(C75:Y75) | AN75: =AM75+AD75
A76: 43891 | B76: 5824742 | C76: 3080473.8 | D76: 230277 | E76: 366209 | F76: 0 | G76: 127209 | H76: 78486 | I76: 672076.24 | J76: 226846 | K76: 40647 | L76: 51768 | M76: 0 | N76: 62594 | O76: 53768 | P76: 0 | Q76: 26680 | W76: 0 | X76: 309551 | Y76: 498157 | Z76: 261289 | AA76: 236868 | AB76: 734670.24 | AD76: 36608 | AE76: 0 | AF76: 0 | AG76: 0 | AH76: 0 | AK76: =SUM(B65:B76) | AM76: =SUM(C76:Y76) | AN76: =AM76+AD76
A77: 43922 | B77: 5681721 | C77: 2963980.1 | D77: 186270 | E77: 350090 | F77: 0 | G77: 107135.8 | H77: 90793 | I77: 719292.13 | J77: 201132 | K77: 48025 | L77: 62887 | M77: 0 | N77: 78033 | O77: 36680 | P77: 0 | Q77: 33324 | W77: 0 | X77: 327861 | Y77: 476218 | Z77: 231032 | AA77: 245186 | AB77: 797325.13 | AD77: 37869 | AE77: 0 | AF77: 0 | AG77: 0 | AH77: 0 | AK77: =SUM(B66:B77) | AM77: =SUM(C77:Y77) | AN77: =AM77+AD77
A78: 43952 | B78: 7583231 | C78: 3071782.2 | D78: 208650 | E78: 384452 | F78: 0 | G78: 99522 | H78: 97251 | I78: 1805652.8 | J78: 223924 | K78: 62443 | L78: 84897 | M78: 0 | N78: 186627 | O78: 63932 | P78: 0 | Q78: 76640 | W78: 0 | X78: 490579 | Y78: 726879 | Z78: 260510 | AA78: 466369 | AB78: 1992279.8 | AD78: 192030 | AE78: 0 | AF78: 0 | AG78: 0 | AH78: 0 | AK78: =SUM(B67:B78) | AM78: =SUM(C78:Y78) | AN78: =AM78+AD78
A79: 43983 | B79: 8954220 | C79: 3648771.2 | D79: 228347 | E79: 396101 | F79: 0 | G79: 109687 | H79: 115327 | I79: 2206132.8 | J79: 240416 | K79: 78338 | L79: 119344 | M79: 0 | N79: 225215 | O79: 67302 | P79: 0 | Q79: 93585 | W79: 0 | X79: 456065 | Y79: 969589 | Z79: 291027 | AA79: 678562 | AB79: 2431347.8 | AD79: 68497 | AE79: 0 | AF79: 0 | AG79: 0 | AH79: 0 | AK79: =SUM(B68:B79) | AL79: =AK79+SUM(AD68:AD79) | AM79: =SUM(C79:Y79) | AN79: =AM79+AD79
A80: 44013 | B80: 8833132 | C80: 3490262.4 | D80: 228257 | E80: 404540 | F80: 0 | G80: 110641 | H80: 120796 | I80: 2154407.5 | J80: 231715 | K80: 83182 | L80: 140263 | M80: 0 | N80: 242508 | O80: 88475 | P80: 0 | Q80: 47947 | W80: 0 | X80: 464378 | Y80: 1025760 | Z80: 265659 | AA80: 760101 | AB80: 2396915.5 | AD80: 62076 | AE80: 0 | AF80: 0 | AG80: 0 | AH80: 0 | AK80: =SUM(B69:B80) | AM80: =SUM(C80:Y80) | AN80: =AM80+AD80
A81: 44044 | B81: 7931452 | C81: 2706435.5 | D81: 197866 | E81: 348726 | F81: 0 | G81: 107732 | H81: 136811 | I81: 2394486.5 | J81: 200857 | K81: 76791 | L81: 121644 | M81: 0 | N81: 229261 | O81: 53605 | P81: 0 | Q81: 45846 | W81: 0 | X81: 481052 | Y81: 830339 | Z81: 232096 | AA81: 598243 | AB81: 2623747.5 | AD81: 70639 | AE81: 0 | AF81: 0 | AG81: 0 | AH81: 0 | AK81: =SUM(B70:B81) | AM81: =SUM(C81:Y81) | AN81: =AM81+AD81
A82: 44075 | B82: 9473248 | C82: 4067167.6 | D82: 227234 | E82: 401301 | F82: 0 | G82: 105161 | H82: 145991 | I82: 2048304.4 | J82: 250434 | K82: 74921 | L82: 130572 | M82: 0 | N82: 227888 | O82: 53030 | P82: 0 | Q82: 67681 | W82: 290330 | X82: 456104 | Y82: 927129 | Z82: 303922 | AA82: 623207 | AB82: 2276192.4 | AD82: 228211 | AE82: 0 | AF82: 0 | AG82: 0 | AH82: 0 | AK82: =SUM(B71:B82) | AM82: =SUM(C82:Y82) | AN82: =AM82+AD82
A83: 44105 | B83: 7236358 | C83: 3329580 | D83: 211299 | E83: 373141 | F83: 0 | G83: 104277.6 | H83: 145355 | I83: 1335753.4 | J83: 232357 | K83: 54482 | L83: 100678 | M83: 0 | N83: 152364 | O83: 47889 | P83: 0 | Q83: 59602 | W83: 89769 | X83: 412147 | Y83: 587664 | Z83: 267278 | AA83: 320386 | AB83: 1488117.4 | AD83: 90540 | AE83: 0 | AF83: 0 | AG83: 0 | AH83: 0 | AK83: =SUM(B72:B83) | AM83: =SUM(C83:Y83) | AN83: =AM83+AD83
A84: 44136 | B84: 6770208 | C84: 3423239.6 | D84: 227410 | E84: 396796 | F84: 0 | G84: 108587 | H84: 177222 | I84: 915177.39 | J84: 234747 | K84: 51126 | L84: 81285 | M84: 0 | N84: 98770 | O84: 37909 | P84: 0 | Q84: 53349 | W84: 74036 | X84: 365102 | Y84: 525452 | Z84: 293224 | AA84: 232228 | AB84: 1013947.4 | AD84: 68723 | AE84: 0 | AF84: 0 | AG84: 0 | AH84: 0 | AK84: =SUM(B73:B84) | AM84: =SUM(C84:Y84) | AN84: =AM84+AD84
A85: 44166 | B85: 5773520 | C85: 3075672.2 | D85: 200695 | E85: 380382 | F85: 0 | G85: 97232 | H85: 152820 | I85: 506804.8 | J85: 232272 | K85: 47403 | L85: 48764 | M85: 0 | N85: 50904 | O85: 62080 | P85: 0 | Q85: 34551 | W85: 70802 | X85: 303654 | Y85: 509484 | Z85: 259382 | AA85: 250102 | AB85: 557708.8 | AD85: 59377 | AE85: 0 | AF85: 0 | AG85: 0 | AH85: 0 | AK85: =SUM(B74:B85) | AM85: =SUM(C85:Y85) | AN85: =AM85+AD85
A86: 44197 | B86: 5701348 | C86: 3020329.8 | D86: 206965 | E86: 382076 | F86: 0 | G86: 147415 | H86: 147739 | I86: 393066.22 | J86: 223334 | K86: 44857 | L86: 48817 | M86: 0 | N86: 47672 | O86: 30752 | P86: 0 | Q86: 16074 | W86: 79942 | X86: 325594 | Y86: 586715 | Z86: 249052 | AA86: 337663 | AB86: 440738.22 | AD86: 62522 | AE86: 0 | AF86: 0 | AG86: 0 | AH86: 0 | AK86: =SUM(B75:B86) | AM86: =SUM(C86:Y86) | AN86: =AM86+AD86
A87: 44228 | B87: 5426615 | C87: 2958403 | D87: 170515 | E87: 321055 | F87: 0 | G87: 102737 | H87: 161735 | I87: 528780.96 | J87: 197886 | K87: 40970 | L87: 42444 | M87: 0 | N87: 52226 | O87: 26966 | P87: 0 | Q87: 14515 | W87: 65365 | X87: 319533 | Y87: 423484 | Z87: 237507 | AA87: 185977 | AB87: 581006.96 | AD87: 62522 | AE87: 0 | AF87: 0 | AG87: 0 | AH87: 0 | AK87: =SUM(B76:B87) | AM87: =SUM(C87:Y87) | AN87: =AM87+AD87
A88: 44256 | B88: 6796687 | C88: 3625896.4 | D88: 213068 | E88: 392798 | F88: 0 | G88: 119602 | H88: 177452 | I88: 785188.6 | J88: 242322 | K88: 52128 | L88: 54444 | M88: 0 | N88: 77337 | O88: 34524 | P88: 0 | Q88: 57884 | W88: 81956 | X88: 357255 | Y88: 524832 | Z88: 288377 | AA88: 236455 | AB88: 862525.6 | AD88: 59428 | AE88: 0 | AF88: 0 | AG88: 0 | AH88: 0 | AK88: =SUM(B77:B88) | AM88: =SUM(C88:Y88) | AN88: =AM88+AD88
A89: 44287 | B89: 7087733 | C89: 3510739.4 | D89: 201013 | E89: 384122 | F89: 0 | G89: 106950 | H89: 160888 | I89: 1050938.6 | J89: 233551 | K89: 52762 | L89: 53047 | M89: 0 | N89: 122683 | O89: 44705 | P89: 3251 | Q89: 67675 | W89: 91645 | X89: 449503 | Y89: 554260 | Z89: 282594 | AA89: 271666 | AB89: 1173621.6 | AD89: 84036 | AE89: 0 | AF89: 0 | AG89: 0 | AH89: 0 | AK89: =SUM(B78:B89) | AM89: =SUM(C89:Y89) | AN89: =AM89+AD89
A90: 44317 | B90: 8790715 | C90: 3690093.1 | D90: 157781 | E90: 367014 | F90: 0 | G90: 109455 | H90: 167706 | I90: 1964651.9 | J90: 209323 | K90: 63649 | L90: 77349 | M90: 0 | N90: 200723 | O90: 47375 | P90: 4531 | Q90: 94294 | W90: 117414 | X90: 631202 | Y90: 888154 | Z90: 308231 | AA90: 579923 | AB90: 2165374.9 | AD90: 108882 | AE90: 0 | AF90: 0 | AG90: 0 | AH90: 0 | AK90: =SUM(B79:B90) | AM90: =SUM(C90:Y90) | AN90: =AM90+AD90
A91: 44348 | B91: 8497159 | C91: 3315619.5 | D91: 201385 | E91: 411370 | F91: 0 | G91: 113591 | H91: 192254 | I91: 2020738.5 | J91: 230711 | K91: 64191 | L91: 113132 | M91: 0 | N91: 228931 | O91: 57454 | P91: 5693 | Q91: 93048 | W91: 146373 | X91: 491465 | Y91: 811203 | Z91: 275823 | AA91: 535380 | AB91: 2249669.5 | AD91: 114411 | AE91: 0 | AF91: 0 | AG91: 0 | AH91: 0 | AK91: =SUM(B80:B91) | AL91: =AK91+SUM(AD80:AD91) | AM91: =SUM(C91:Y91) | AN91: =AM91+AD91
A92: 44378 | B92: 8964920 | C92: 3490827.4 | D92: 211130 | E92: 392084 | F92: 0 | G92: 113461 | H92: 192177 | I92: 2299974.6 | J92: 217688 | K92: 64138 | L92: 116904 | M92: 0 | N92: 218297 | O92: 56883 | P92: 5581 | Q92: 95666 | W92: 151553 | X92: 408611 | Y92: 929945 | Z92: 289890 | AA92: 640055 | AB92: 2518271.6 | AD92: 81450 | AE92: 0 | AF92: 0 | AG92: 0 | AH92: 0 | AK92: =SUM(B81:B92) | AM92: =SUM(C92:Y92) | AN92: =AM92+AD92
A93: 44409 | B93: 8816088 | C93: 3689590.4 | D93: 220506 | E93: 352448 | F93: 0 | G93: 132185 | H93: 180103 | I93: 2132948.6 | J93: 194063 | K93: 60143 | L93: 118510 | M93: 0 | N93: 200250 | O93: 46263 | P93: 5230 | Q93: 82541 | W93: 149677 | X93: 397526 | Y93: 854104 | Z93: 293783 | AA93: 560321 | AB93: 2333198.6 | AD93: 84180 | AE93: 0 | AF93: 0 | AG93: 0 | AH93: 0 | AK93: =SUM(B82:B93) | AM93: =SUM(C93:Y93) | AN93: =AM93+AD93
A94: 44440 | B94: 9747181 | C94: 3783050.7 | D94: 219215 | E94: 429406 | F94: 0 | G94: 94590 | H94: 181287 | I94: 2283872.3 | J94: 257162 | K94: 66269 | L94: 118507 | M94: 0 | N94: 225009 | O94: 54395 | P94: 6632 | Q94: 100255 | W94: 203939 | X94: 743567 | Y94: 980025 | Z94: 338691 | AA94: 641334 | AB94: 2508881.3 | AD94: 110035 | AE94: 0 | AF94: 0 | AG94: 0 | AH94: 0 | AK94: =SUM(B83:B94) | AM94: =SUM(C94:Y94) | AN94: =AM94+AD94
A95: 44470 | B95: 7852903 | C95: 3164305.7 | D95: 199774 | E95: 374048 | F95: 0 | G95: 112306 | H95: 239951.18 | I95: 1567023.1 | J95: 230083 | K95: 61621 | L95: 100243 | M95: 0 | N95: 172981 | O95: 42197 | P95: 4042 | Q95: 77042 | W95: 145097 | X95: 674928 | Y95: 687261 | Z95: 302816 | AA95: 384445 | AB95: 1740004.1 | AD95: 142617 | AE95: 0 | AF95: 0 | AG95: 0 | AH95: 0 | AK95: =SUM(B84:B95) | AM95: =SUM(C95:Y95) | AN95: =AM95+AD95
A96: 44501 | B96: 7467307 | C96: 3695906.9 | D96: 203833 | E96: 432887 | F96: 69324 | G96: 109183 | H96: 247373.44 | I96: 935874.61 | J96: 272363 | K96: 46745 | L96: 69976 | M96: 0 | N96: 93801 | O96: 30378 | P96: 3462 | Q96: 57774 | W96: 122308 | X96: 495186 | Y96: 580932 | Z96: 338679 | AA96: 242253 | AB96: 1029675.6 | AD96: 83032 | AE96: 0 | AF96: 0 | AG96: 0 | AH96: 0 | AK96: =SUM(B85:B96) | AM96: =SUM(C96:Y96) | AN96: =AM96+AD96
A97: 44531 | B97: 6220963 | C97: 3182178.4 | D97: 188870 | E97: 372696 | F97: 51400 | G97: 104736 | H97: 229645.4 | I97: 572406.24 | J97: 233281 | K97: 41794 | L97: 67881 | M97: 0 | N97: 63246 | O97: 28037 | P97: 2677 | Q97: 46306 | W97: 104824 | X97: 405363 | Y97: 525622 | Z97: 304173 | AA97: 221449 | AB97: 635652.24 | AD97: 77426 | AE97: 0 | AF97: 0 | AG97: 0 | AH97: 0 | AK97: =SUM(B86:B97) | AM97: =SUM(C97:Y97) | AN97: =AM97+AD97
A98: 44562 | B98: 5719630 | C98: 2842487.1 | D98: 185403 | E98: 344018 | F98: 42810 | G98: 92900 | H98: 217019.99 | I98: 502701.94 | J98: 215329 | K98: 38644 | L98: 60492 | M98: 0 | N98: 47723 | O98: 40907 | P98: 2661 | Q98: 23332 | W98: 111988 | X98: 439968 | Y98: 511246 | Z98: 258838 | AA98: 252408 | AB98: 550424.94 | AE98: 0 | AF98: 0 | AG98: 0 | AH98: 0 | AK98: =SUM(B87:B98) | AM98: =SUM(C98:Y98) | AN98: =AM98+AD98
A99: 44593 | B99: 5973372 | C99: 3167490.8 | D99: 193713 | E99: 357227 | F99: 46410 | G99: 105333 | H99: 231947.37 | I99: 353482.87 | J99: 219454 | K99: 37755 | L99: 52974 | M99: 0 | N99: 40630 | O99: 25565 | P99: 1839 | Q99: 11847 | W99: 102478 | X99: 374586 | Y99: 650640 | Z99: 261658 | AA99: 388982 | AB99: 394112.87 | AE99: 0 | AF99: 0 | AG99: 0 | AH99: 0 | AK99: =SUM(B88:B99) | AM99: =SUM(C99:Y99) | AN99: =AM99+AD99
A100: 44621 | B100: 6036375 | C100: 2996940.2 | D100: 176300 | E100: 355006 | F100: 47140 | G100: 109266 | H100: 215372.04 | I100: 778373.73 | J100: 211474 | K100: 40293 | L100: 58322 | M100: 0 | N100: 73854 | O100: 24678 | P100: 3000 | Q100: 11987 | W100: 111442 | X100: 352459 | Y100: 470468 | Z100: 242578 | AA100: 227890 | AB100: 852227.73 | AD100: 63508 | AE100: 0 | AF100: 0 | AG100: 0 | AH100: 0 | AK100: =SUM(B89:B100) | AM100: =SUM(C100:Y100) | AN100: =AM100+AD100
...

Sheet Yearly Electricity (Overview)
A1: Date | B1: CLP + TKO | C1: CLP Total | D1: Main Academic Buildings & Other Public Facilities | E1: EC | F1: CYT | G1: Shaw Auditorium | H1: APCF (R/F Zone L) | I1: New Data Centre (2/F Zone L) | J1: Main Chiller Plant | K1: LSKBB | L1: IAS | M1: Conference Lodge | N1: LSK Hostel | O1: LSK Chiller Plant | P1: WWT | Q1: Water Sport Centre | R1: SISC | S1: HPC6 | T1: RB2 | U1: IB | V1: SRD (UG10-13) | W1: TA-B | X1: GGT | Y1: Student Housing | Z1: Staff Quarters & Commercial Outlets | AA1: Commercial Outlets | AB1: Staff Quarters | AC1: Combined Chiller Plants | AE1: TKO JC Hall | AF1: EC 3/F Data Centre (Elect) | AG1: EC 3/F Data Centre (Chiller kWhe) | AH1: SRD (Chiller kWhe) | AI1: IB (Chiller kWhe) | AJ1: BMW EV Charger kWh (LG7 & WWT) | AK1: Corner Stone EV Charger kWh
A2: 2014/15 | B2: =C2+AE2 | C2: =SUM('Monthly Electricity (Overview)'!B8:B19) | D2: =SUM('Monthly Electricity (Overview)'!C8:C19) | E2: =SUM('Monthly Electricity (Overview)'!D8:D19) | F2: =SUM('Monthly Electricity (Overview)'!E8:E19) | G2: =SUM('Monthly Electricity (Overview)'!F8:F19) | H2: =SUM('Monthly Electricity (Overview)'!G8:G19) | I2: =SUM('Monthly Electricity (Overview)'!H8:H19) | J2: =SUM('Monthly Electricity (Overview)'!I8:I19) | ... L2: =SUM('Monthly Electricity (Overview)'!K8:K19) | N2: =SUM('Monthly Electricity (Overview)'!M8:M19) | O2: =SUM('Monthly Electricity (Overview)'!N8:N19) | P2: =SUM('Monthly Electricity (Overview)'!O8:O19) | Y2: =SUM('Monthly Electricity (Overview)'!X8:X19) | Z2: =SUM('Monthly Electricity (Overview)'!Y8:Y19) | AA2: =SUM('Monthly Electricity (Overview)'!Z8:Z19) | AB2: =SUM('Monthly Electricity (Overview)'!AA8:AA19) | AC2: =SUM('Monthly Electricity (Overview)'!AB8:AB19)
A3: 2015/16 | B3: =C3+AE3 | C3: =SUM('Monthly Electricity (Overview)'!B20:B31) | D3: =SUM('Monthly Electricity (Overview)'!C20:C31) | E3: =SUM('Monthly Electricity (Overview)'!D20:D31) | F3: =SUM('Monthly Electricity (Overview)'!E20:E31) | G3: =SUM('Monthly Electricity (Overview)'!F20:F31) | H3: =SUM('Monthly Electricity (Overview)'!G20:G31) | I3: =SUM('Monthly Electricity (Overview)'!H20:H31) | J3: =SUM('Monthly Electricity (Overview)'!I20:I31) | ... P3: =SUM('Monthly Electricity (Overview)'!O20:O31) | Y3: =SUM('Monthly Electricity (Overview)'!X20:X31) | Z3: =SUM('Monthly Electricity (Overview)'!Y20:Y31) | AA3: =SUM('Monthly Electricity (Overview)'!Z20:Z31) | AB3: =SUM('Monthly Electricity (Overview)'!AA20:AA31) | AC3: =SUM('Monthly Electricity (Overview)'!AB20:AB31)
A4: 2016/17 | B4: =C4+AE4 | C4: =SUM('Monthly Electricity (Overview)'!B32:B43) | D4: =SUM('Monthly Electricity (Overview)'!C32:C43) | E4: =SUM('Monthly Electricity (Overview)'!D32:D43) | F4: =SUM('Monthly Electricity (Overview)'!E32:E43) | G4: =SUM('Monthly Electricity (Overview)'!F32:F43) | H4: =SUM('Monthly Electricity (Overview)'!G32:G43) | I4: =SUM('Monthly Electricity (Overview)'!H32:H43) | J4: =SUM('Monthly Electricity (Overview)'!I32:I43) | ... P4: =SUM('Monthly Electricity (Overview)'!O32:O43) | Y4: =SUM('Monthly Electricity (Overview)'!X32:X43) | Z4: =SUM('Monthly Electricity (Overview)'!Y32:Y43) | AA4: =SUM('Monthly Electricity (Overview)'!Z32:Z43) | AB4: =SUM('Monthly Electricity (Overview)'!AA32:AA43) | AC4: =SUM('Monthly Electricity (Overview)'!AB32:AB43)
A5: 2017/18 | B5: =C5+AE5 | C5: =SUM('Monthly Electricity (Overview)'!B44:B55) | D5: =SUM('Monthly Electricity (Overview)'!C44:C55) | E5: =SUM('Monthly Electricity (Overview)'!D44:D55) | F5: =SUM('Monthly Electricity (Overview)'!E44:E55) | G5: =SUM('Monthly Electricity (Overview)'!F44:F55) | H5: =SUM('Monthly Electricity (Overview)'!G44:G55) | I5: =SUM('Monthly Electricity (Overview)'!H44:H55) | J5: =SUM('Monthly Electricity (Overview)'!I44:I55) | ... P5: =SUM('Monthly Electricity (Overview)'!O44:O55) | R5: =SUM('Monthly Electricity (Overview)'!Q44:Q55) | Y5: =SUM('Monthly Electricity (Overview)'!X44:X55) | Z5: =SUM('Monthly Electricity (Overview)'!Y44:Y55) | AA5: =SUM('Monthly Electricity (Overview)'!Z44:Z55) | AB5: =SUM('Monthly Electricity (Overview)'!AA44:AA55) | AC5: =SUM('Monthly Electricity (Overview)'!AB44:AB55) | AE5: =SUM('Monthly Electricity (Overview)'!AD44:AD55)
A6: 2018/19 | B6: =C6+AE6 | C6: =SUM('Monthly Electricity (Overview)'!B56:B67) | D6: =SUM('Monthly Electricity (Overview)'!C56:C67) | E6: =SUM('Monthly Electricity (Overview)'!D56:D67) | F6: =SUM('Monthly Electricity (Overview)'!E56:E67) | G6: =SUM('Monthly Electricity (Overview)'!F56:F67) | H6: =SUM('Monthly Electricity (Overview)'!G56:G67) | I6: =SUM('Monthly Electricity (Overview)'!H56:H67) | J6: =SUM('Monthly Electricity (Overview)'!I56:I67) | ... P6: =SUM('Monthly Electricity (Overview)'!O56:O67) | R6: =SUM('Monthly Electricity (Overview)'!Q56:Q67) | Y6: =SUM('Monthly Electricity (Overview)'!X56:X67) | Z6: =SUM('Monthly Electricity (Overview)'!Y56:Y67) | AA6: =SUM('Monthly Electricity (Overview)'!Z56:Z67) | AB6: =SUM('Monthly Electricity (Overview)'!AA56:AA67) | AC6: =SUM('Monthly Electricity (Overview)'!AB56:AB67) | AE6: =SUM('Monthly Electricity (Overview)'!AD56:AD67)
A7: 2019/20 | B7: =C7+AE7 | C7: =SUM('Monthly Electricity (Overview)'!B68:B79) | D7: =SUM('Monthly Electricity (Overview)'!C68:C79) | E7: =SUM('Monthly Electricity (Overview)'!D68:D79) | F7: =SUM('Monthly Electricity (Overview)'!E68:E79) | G7: =SUM('Monthly Electricity (Overview)'!F68:F79) | H7: =SUM('Monthly Electricity (Overview)'!G68:G79) | I7: =SUM('Monthly Electricity (Overview)'!H68:H79) | J7: =SUM('Monthly Electricity (Overview)'!I68:I79) | ... P7: =SUM('Monthly Electricity (Overview)'!O68:O79) | R7: =SUM('Monthly Electricity (Overview)'!Q68:Q79) | Y7: =SUM('Monthly Electricity (Overview)'!X68:X79) | Z7: =SUM('Monthly Electricity (Overview)'!Y68:Y79) | AA7: =SUM('Monthly Electricity (Overview)'!Z68:Z79) | AB7: =SUM('Monthly Electricity (Overview)'!AA68:AA79) | AC7: =SUM('Monthly Electricity (Overview)'!AB68:AB79) | AE7: =SUM('Monthly Electricity (Overview)'!AD68:AD79)
A8: 2020/21 | B8: =C8+AE8 | C8: =SUM('Monthly Electricity (Overview)'!B80:B91) | D8: =SUM('Monthly Electricity (Overview)'!C80:C91) | E8: =SUM('Monthly Electricity (Overview)'!D80:D91) | F8: =SUM('Monthly Electricity (Overview)'!E80:E91) | G8: =SUM('Monthly Electricity (Overview)'!F80:F91) | H8: =SUM('Monthly Electricity (Overview)'!G80:G91) | I8: =SUM('Monthly Electricity (Overview)'!H80:H91) | J8: =SUM('Monthly Electricity (Overview)'!I80:I91) | ... R8: =SUM('Monthly Electricity (Overview)'!Q80:Q91) | X8: =SUM('Monthly Electricity (Overview)'!W80:W91) | Y8: =SUM('Monthly Electricity (Overview)'!X80:X91) | Z8: =SUM('Monthly Electricity (Overview)'!Y80:Y91) | AA8: =SUM('Monthly Electricity (Overview)'!Z80:Z91) | AB8: =SUM('Monthly Electricity (Overview)'!AA80:AA91) | AC8: =SUM('Monthly Electricity (Overview)'!AB80:AB91) | AE8: =SUM('Monthly Electricity (Overview)'!AD80:AD91)
A9: 2021/22 | B9: =C9+AE9 | C9: =SUM('Monthly Electricity (Overview)'!B92:B103) | D9: =SUM('Monthly Electricity (Overview)'!C92:C103) | E9: =SUM('Monthly Electricity (Overview)'!D92:D103) | F9: =SUM('Monthly Electricity (Overview)'!E92:E103) | G9: =SUM('Monthly Electricity (Overview)'!F92:F103) | H9: =SUM('Monthly Electricity (Overview)'!G92:G103) | I9: =SUM('Monthly Electricity (Overview)'!H92:H103) | J9: =SUM('Monthly Electricity (Overview)'!I92:I103) | ... R9: =SUM('Monthly Electricity (Overview)'!Q92:Q103) | X9: =SUM('Monthly Electricity (Overview)'!W92:W103) | Y9: =SUM('Monthly Electricity (Overview)'!X92:X103) | Z9: =SUM('Monthly Electricity (Overview)'!Y92:Y103) | AA9: =SUM('Monthly Electricity (Overview)'!Z92:Z103) | AB9: =SUM('Monthly Electricity (Overview)'!AA92:AA103) | AC9: =SUM('Monthly Electricity (Overview)'!AB92:AB103) | AE9: =SUM('Monthly Electricity (Overview)'!AD92:AD103)
A10: 2022/23 | B10: =C10+AE10 | C10: =SUM('Monthly Electricity (Overview)'!B104:B115) | D10: =SUM('Monthly Electricity (Overview)'!C104:C115) | E10: =SUM('Monthly Electricity (Overview)'!D104:D115) | F10: =SUM('Monthly Electricity (Overview)'!E104:E115) | G10: =SUM('Monthly Electricity (Overview)'!F104:F115) | H10: =SUM('Monthly Electricity (Overview)'!G104:G115) | I10: =SUM('Monthly Electricity (Overview)'!H104:H115) | J10: =SUM('Monthly Electricity (Overview)'!I104:I115) | ... R10: =SUM('Monthly Electricity (Overview)'!Q104:Q115) | W10: =SUM('Monthly Electricity (Overview)'!V104:V115) | X10: =SUM('Monthly Electricity (Overview)'!W104:W115) | Y10: =SUM('Monthly Electricity (Overview)'!X104:X115) | Z10: =SUM('Monthly Electricity (Overview)'!Y104:Y115) | AA10: =SUM('Monthly Electricity (Overview)'!Z104:Z115) | AB10: =SUM('Monthly Electricity (Overview)'!AA104:AA115) | AC10: =SUM('Monthly Electricity (Overview)'!AB104:AB115) | AE10: =SUM('Monthly Electricity (Overview)'!AD104:AD115)
A11: 2023/24 | B11: =C11+AE11 | C11: =SUM('Monthly Electricity (Overview)'!B116:B127) | D11: =SUM('Monthly Electricity (Overview)'!C116:C127) | E11: =SUM('Monthly Electricity (Overview)'!D116:D127) | F11: =SUM('Monthly Electricity (Overview)'!E116:E127) | G11: =SUM('Monthly Electricity (Overview)'!F116:F127) | H11: =SUM('Monthly Electricity (Overview)'!G116:G127) | I11: =SUM('Monthly Electricity (Overview)'!H116:H127) | J11: =SUM('Monthly Electricity (Overview)'!I116:I127) | ... R11: =SUM('Monthly Electricity (Overview)'!Q116:Q127) | T11: =SUM('Monthly Electricity (Overview)'!S116:S127) | V11: =SUM('Monthly Electricity (Overview)'!U116:U127) | W11: =SUM('Monthly Electricity (Overview)'!V116:V127) | X11: =SUM('Monthly Electricity (Overview)'!W116:W127) | Y11: =SUM('Monthly Electricity (Overview)'!X116:X127) | Z11: =SUM('Monthly Electricity (Overview)'!Y116:Y127) | AA11: =SUM('Monthly Electricity (Overview)'!Z116:Z127) | AB11: =SUM('Monthly Electricity (Overview)'!AA116:AA127) | AC11: =SUM('Monthly Electricity (Overview)'!AB116:AB127) | AE11: =SUM('Monthly Electricity (Overview)'!AD116:AD127) | AJ11: =SUM('Monthly Electricity (Overview)'!AI116:AI127) | AK11: =SUM('Monthly Electricity (Overview)'!AJ116:AJ127)
A12: 2024/25 | B12: =C12+AE12 | C12: =SUM('Monthly Electricity (Overview)'!B128:B139) | D12: =SUM('Monthly Electricity (Overview)'!C128:C139) | E12: =SUM('Monthly Electricity (Overview)'!D128:D139) | F12: =SUM('Monthly Electricity (Overview)'!E128:E139) | G12: =SUM('Monthly Electricity (Overview)'!F128:F139) | H12: =SUM('Monthly Electricity (Overview)'!G128:G139) | I12: =SUM('Monthly Electricity (Overview)'!H128:H139) | J12: =SUM('Monthly Electricity (Overview)'!I128:I139) | ... R12: =SUM('Monthly Electricity (Overview)'!Q128:Q139) | T12: =SUM('Monthly Electricity (Overview)'!S128:S139) | U12: =SUM('Monthly Electricity (Overview)'!T128:T139) | V12: =SUM('Monthly Electricity (Overview)'!U128:U139) | W12: =SUM('Monthly Electricity (Overview)'!V128:V139) | X12: =SUM('Monthly Electricity (Overview)'!W128:W139) | Y12: =SUM('Monthly Electricity (Overview)'!X128:X139) | Z12: =SUM('Monthly Electricity (Overview)'!Y128:Y139) | AA12: =SUM('Monthly Electricity (Overview)'!Z128:Z139) | ... AC12: =SUM('Monthly Electricity (Overview)'!AB128:AB139) | AE12: =SUM('Monthly Electricity (Overview)'!AD128:AD139) | AF12: =SUM('Monthly Electricity (Overview)'!AE128:AE139) | AG12: =SUM('Monthly Electricity (Overview)'!AF128:AF139) | AJ12: =SUM('Monthly Electricity (Overview)'!AI128:AI139) | AK12: =SUM('Monthly Electricity (Overview)'!AJ128:AJ139)
A13: 2025/26 | B13: =C13+AE13 | C13: =SUM('Monthly Electricity (Overview)'!B140:B151) | D13: =SUM('Monthly Electricity (Overview)'!C140:C151) | E13: =SUM('Monthly Electricity (Overview)'!D140:D151) | F13: =SUM('Monthly Electricity (Overview)'!E140:E151) | G13: =SUM('Monthly Electricity (Overview)'!F140:F151) | H13: =SUM('Monthly Electricity (Overview)'!G140:G151) | I13: =SUM('Monthly Electricity (Overview)'!H140:H151) | J13: =SUM('Monthly Electricity (Overview)'!I140:I151) | ... AC13: =SUM('Monthly Electricity (Overview)'!AB140:AB151) | AE13: =SUM('Monthly Electricity (Overview)'!AD140:AD151) | AF13: =SUM('Monthly Electricity (Overview)'!AE140:AE151) | AG13: =SUM('Monthly Electricity (Overview)'!AF140:AF151) | AH13: =SUM('Monthly Electricity (Overview)'!AG140:AG151) | AI13: =SUM('Monthly Electricity (Overview)'!AH140:AH151) | AJ13: =SUM('Monthly Electricity (Overview)'!AI140:AI151) | AK13: =SUM('Monthly Electricity (Overview)'!AJ140:AJ151)

Sheet Monthly Electricity Reformatted
A1: Period | B1: Main Academic Buildings and Others | C1: Main Chiller Plant | D1: LSK Chiller Plant | E1: Cheng Yu Tung Building | F1: LSK Building | G1: IAS Building | H1: HPC 6 | I1: Research Building 2 | J1: Innovation Building | K1: Conference Lodge | L1: Staff Quarter Common Area | M1: Student Housing | N1: Staff Quarters | O1: Commercial Outlets | P1: Staff Quarters & Commercial Outlet | Q1: Whole Campus (including staff quarter common area) | R1: Whole Campus (excluding staff quarter common area)
A2: 44013 | B2: =SUM('Monthly Electricity (Overview)'!C80:D80)+SUM('Monthly Electricity (Overview)'!F80:H80)+SUM('Monthly Electricity (Overview)'!O80:Q80) | C2: ='Monthly Electricity (Overview)'!I80 | D2: ='Monthly Electricity (Overview)'!N80 | E2: ='Monthly Electricity (Overview)'!E80 | F2: ='Monthly Electricity (Overview)'!J80 | G2: ='Monthly Electricity (Overview)'!K80 | K2: ='Monthly Electricity (Overview)'!L80 | L2: 99693 | M2: =SUM('Monthly Electricity (Overview)'!U80:X80)+'Monthly Electricity (Overview)'!AD80 | N2: ='Monthly Electricity (Overview)'!AA80 | O2: ='Monthly Electricity (Overview)'!Z80 | P2: ='Monthly Electricity (Overview)'!Y80 | Q2: =SUM(B2:P2)-P2 | R2: =SUM(B2:O2)-L2
A3: 44044 | B3: =SUM('Monthly Electricity (Overview)'!C81:D81)+SUM('Monthly Electricity (Overview)'!F81:H81)+SUM('Monthly Electricity (Overview)'!O81:Q81) | C3: ='Monthly Electricity (Overview)'!I81 | D3: ='Monthly Electricity (Overview)'!N81 | E3: ='Monthly Electricity (Overview)'!E81 | F3: ='Monthly Electricity (Overview)'!J81 | G3: ='Monthly Electricity (Overview)'!K81 | K3: ='Monthly Electricity (Overview)'!L81 | L3: 111077 | M3: =SUM('Monthly Electricity (Overview)'!U81:X81)+'Monthly Electricity (Overview)'!AD81 | N3: ='Monthly Electricity (Overview)'!AA81 | O3: ='Monthly Electricity (Overview)'!Z81 | P3: ='Monthly Electricity (Overview)'!Y81 | Q3: =SUM(B3:P3)-P3 | R3: =SUM(B3:O3)-L3
A4: 44075 | B4: =SUM('Monthly Electricity (Overview)'!C82:D82)+SUM('Monthly Electricity (Overview)'!F82:H82)+SUM('Monthly Electricity (Overview)'!O82:Q82) | C4: ='Monthly Electricity (Overview)'!I82 | D4: ='Monthly Electricity (Overview)'!N82 | E4: ='Monthly Electricity (Overview)'!E82 | F4: ='Monthly Electricity (Overview)'!J82 | G4: ='Monthly Electricity (Overview)'!K82 | K4: ='Monthly Electricity (Overview)'!L82 | L4: 124553 | M4: =SUM('Monthly Electricity (Overview)'!U82:X82)+'Monthly Electricity (Overview)'!AD82 | N4: ='Monthly Electricity (Overview)'!AA82 | O4: ='Monthly Electricity (Overview)'!Z82 | P4: ='Monthly Electricity (Overview)'!Y82 | Q4: =SUM(B4:P4)-P4 | R4: =SUM(B4:O4)-L4
A5: 44105 | B5: =SUM('Monthly Electricity (Overview)'!C83:D83)+SUM('Monthly Electricity (Overview)'!F83:H83)+SUM('Monthly Electricity (Overview)'!O83:Q83) | C5: ='Monthly Electricity (Overview)'!I83 | D5: ='Monthly Electricity (Overview)'!N83 | E5: ='Monthly Electricity (Overview)'!E83 | F5: ='Monthly Electricity (Overview)'!J83 | G5: ='Monthly Electricity (Overview)'!K83 | K5: ='Monthly Electricity (Overview)'!L83 | L5: 81463 | M5: =SUM('Monthly Electricity (Overview)'!U83:X83)+'Monthly Electricity (Overview)'!AD83 | N5: ='Monthly Electricity (Overview)'!AA83 | O5: ='Monthly Electricity (Overview)'!Z83 | P5: ='Monthly Electricity (Overview)'!Y83 | Q5: =SUM(B5:P5)-P5 | R5: =SUM(B5:O5)-L5
A6: 44136 | B6: =SUM('Monthly Electricity (Overview)'!C84:D84)+SUM('Monthly Electricity (Overview)'!F84:H84)+SUM('Monthly Electricity (Overview)'!O84:Q84) | C6: ='Monthly Electricity (Overview)'!I84 | D6: ='Monthly Electricity (Overview)'!N84 | E6: ='Monthly Electricity (Overview)'!E84 | F6: ='Monthly Electricity (Overview)'!J84 | G6: ='Monthly Electricity (Overview)'!K84 | K6: ='Monthly Electricity (Overview)'!L84 | L6: 59032 | M6: =SUM('Monthly Electricity (Overview)'!U84:X84)+'Monthly Electricity (Overview)'!AD84 | N6: ='Monthly Electricity (Overview)'!AA84 | O6: ='Monthly Electricity (Overview)'!Z84 | P6: ='Monthly Electricity (Overview)'!Y84 | Q6: =SUM(B6:P6)-P6 | R6: =SUM(B6:O6)-L6
A7: 44166 | B7: =SUM('Monthly Electricity (Overview)'!C85:D85)+SUM('Monthly Electricity (Overview)'!F85:H85)+SUM('Monthly Electricity (Overview)'!O85:Q85) | C7: ='Monthly Electricity (Overview)'!I85 | D7: ='Monthly Electricity (Overview)'!N85 | E7: ='Monthly Electricity (Overview)'!E85 | F7: ='Monthly Electricity (Overview)'!J85 | G7: ='Monthly Electricity (Overview)'!K85 | K7: ='Monthly Electricity (Overview)'!L85 | L7: 53030 | M7: =SUM('Monthly Electricity (Overview)'!U85:X85)+'Monthly Electricity (Overview)'!AD85 | N7: ='Monthly Electricity (Overview)'!AA85 | O7: ='Monthly Electricity (Overview)'!Z85 | P7: ='Monthly Electricity (Overview)'!Y85 | Q7: =SUM(B7:P7)-P7 | R7: =SUM(B7:O7)-L7
A8: 44197 | B8: =SUM('Monthly Electricity (Overview)'!C86:D86)+SUM('Monthly Electricity (Overview)'!F86:H86)+SUM('Monthly Electricity (Overview)'!O86:Q86) | C8: ='Monthly Electricity (Overview)'!I86 | D8: ='Monthly Electricity (Overview)'!N86 | E8: ='Monthly Electricity (Overview)'!E86 | F8: ='Monthly Electricity (Overview)'!J86 | G8: ='Monthly Electricity (Overview)'!K86 | K8: ='Monthly Electricity (Overview)'!L86 | L8: 48369 | M8: =SUM('Monthly Electricity (Overview)'!U86:X86)+'Monthly Electricity (Overview)'!AD86 | N8: ='Monthly Electricity (Overview)'!AA86 | O8: ='Monthly Electricity (Overview)'!Z86 | P8: ='Monthly Electricity (Overview)'!Y86 | Q8: =SUM(B8:P8)-P8 | R8: =SUM(B8:O8)-L8
A9: 44228 | B9: =SUM('Monthly Electricity (Overview)'!C87:D87)+SUM('Monthly Electricity (Overview)'!F87:H87)+SUM('Monthly Electricity (Overview)'!O87:Q87) | C9: ='Monthly Electricity (Overview)'!I87 | D9: ='Monthly Electricity (Overview)'!N87 | E9: ='Monthly Electricity (Overview)'!E87 | F9: ='Monthly Electricity (Overview)'!J87 | G9: ='Monthly Electricity (Overview)'!K87 | K9: ='Monthly Electricity (Overview)'!L87 | L9: 45841 | M9: =SUM('Monthly Electricity (Overview)'!U87:X87)+'Monthly Electricity (Overview)'!AD87 | N9: ='Monthly Electricity (Overview)'!AA87 | O9: ='Monthly Electricity (Overview)'!Z87 | P9: ='Monthly Electricity (Overview)'!Y87 | Q9: =SUM(B9:P9)-P9 | R9: =SUM(B9:O9)-L9
A10: 44256 | B10: =SUM('Monthly Electricity (Overview)'!C88:D88)+SUM('Monthly Electricity (Overview)'!F88:H88)+SUM('Monthly Electricity (Overview)'!O88:Q88) | C10: ='Monthly Electricity (Overview)'!I88 | D10: ='Monthly Electricity (Overview)'!N88 | E10: ='Monthly Electricity (Overview)'!E88 | F10: ='Monthly Electricity (Overview)'!J88 | G10: ='Monthly Electricity (Overview)'!K88 | K10: ='Monthly Electricity (Overview)'!L88 | L10: 55029 | M10: =SUM('Monthly Electricity (Overview)'!U88:X88)+'Monthly Electricity (Overview)'!AD88 | N10: ='Monthly Electricity (Overview)'!AA88 | O10: ='Monthly Electricity (Overview)'!Z88 | P10: ='Monthly Electricity (Overview)'!Y88 | Q10: =SUM(B10:P10)-P10 | R10: =SUM(B10:O10)-L10
A11: 44287 | B11: =SUM('Monthly Electricity (Overview)'!C89:D89)+SUM('Monthly Electricity (Overview)'!F89:H89)+SUM('Monthly Electricity (Overview)'!O89:Q89) | C11: ='Monthly Electricity (Overview)'!I89 | D11: ='Monthly Electricity (Overview)'!N89 | E11: ='Monthly Electricity (Overview)'!E89 | F11: ='Monthly Electricity (Overview)'!J89 | G11: ='Monthly Electricity (Overview)'!K89 | K11: ='Monthly Electricity (Overview)'!L89 | L11: 62537 | M11: =SUM('Monthly Electricity (Overview)'!U89:X89)+'Monthly Electricity (Overview)'!AD89 | N11: ='Monthly Electricity (Overview)'!AA89 | O11: ='Monthly Electricity (Overview)'!Z89 | P11: ='Monthly Electricity (Overview)'!Y89 | Q11: =SUM(B11:P11)-P11 | R11: =SUM(B11:O11)-L11
A12: 44317 | B12: =SUM('Monthly Electricity (Overview)'!C90:D90)+SUM('Monthly Electricity (Overview)'!F90:H90)+SUM('Monthly Electricity (Overview)'!O90:Q90) | C12: ='Monthly Electricity (Overview)'!I90 | D12: ='Monthly Electricity (Overview)'!N90 | E12: ='Monthly Electricity (Overview)'!E90 | F12: ='Monthly Electricity (Overview)'!J90 | G12: ='Monthly Electricity (Overview)'!K90 | K12: ='Monthly Electricity (Overview)'!L90 | L12: 84771 | M12: =SUM('Monthly Electricity (Overview)'!U90:X90)+'Monthly Electricity (Overview)'!AD90 | N12: ='Monthly Electricity (Overview)'!AA90 | O12: ='Monthly Electricity (Overview)'!Z90 | P12: ='Monthly Electricity (Overview)'!Y90 | Q12: =SUM(B12:P12)-P12 | R12: =SUM(B12:O12)-L12
A13: 44348 | B13: =SUM('Monthly Electricity (Overview)'!C91:D91)+SUM('Monthly Electricity (Overview)'!F91:H91)+SUM('Monthly Electricity (Overview)'!O91:Q91) | C13: ='Monthly Electricity (Overview)'!I91 | D13: ='Monthly Electricity (Overview)'!N91 | E13: ='Monthly Electricity (Overview)'!E91 | F13: ='Monthly Electricity (Overview)'!J91 | G13: ='Monthly Electricity (Overview)'!K91 | K13: ='Monthly Electricity (Overview)'!L91 | L13: 90161 | M13: =SUM('Monthly Electricity (Overview)'!U91:X91)+'Monthly Electricity (Overview)'!AD91 | N13: ='Monthly Electricity (Overview)'!AA91 | O13: ='Monthly Electricity (Overview)'!Z91 | P13: ='Monthly Electricity (Overview)'!Y91 | Q13: =SUM(B13:P13)-P13 | R13: =SUM(B13:O13)-L13
... A44: 45292 | B44: =SUM('Monthly Electricity (Overview)'!C122:D122)+SUM('Monthly Electricity (Overview)'!F122:H122)+SUM('Monthly Electricity (Overview)'!O122:Q122) | C44: ='Monthly Electricity (Overview)'!I122 | D44: ='Monthly Electricity (Overview)'!N122 | E44: ='Monthly Electricity (Overview)'!E122 | F44: ='Monthly Electricity (Overview)'!J122 | G44: ='Monthly Electricity (Overview)'!K122 | K44: ='Monthly Electricity (Overview)'!L122 | L44: 50823 | M44: =SUM('Monthly Electricity (Overview)'!U122:X122)+'Monthly Electricity (Overview)'!AD122 | N44: ='Monthly Electricity (Overview)'!AA122 | O44: ='Monthly Electricity (Overview)'!Z122 | P44: ='Monthly Electricity (Overview)'!Y122 | Q44: =SUM(B44:P44)-P44 | R44: =SUM(B44:O44)-L44
A45: 45323 | B45: =SUM('Monthly Electricity (Overview)'!C123:D123)+SUM('Monthly Electricity (Overview)'!F123:H123)+SUM('Monthly Electricity (Overview)'!O123:Q123) | C45: ='Monthly Electricity (Overview)'!I123 | D45: ='Monthly Electricity (Overview)'!N123 | E45: ='Monthly Electricity (Overview)'!E123 | F45: ='Monthly Electricity (Overview)'!J123 | G45: ='Monthly Electricity (Overview)'!K123 | I45: ='Monthly Electricity (Overview)'!S123 | K45: ='Monthly Electricity (Overview)'!L123 | L45: 54165 | M45: =SUM('Monthly Electricity (Overview)'!U123:X123)+'Monthly Electricity (Overview)'!AD123 | N45: ='Monthly Electricity (Overview)'!AA123 | O45: ='Monthly Electricity (Overview)'!Z123 | P45: ='Monthly Electricity (Overview)'!Y123 | Q45: =SUM(B45:P45)-P45 | R45: =SUM(B45:O45)-L45
A46: 45352 | B46: =SUM('Monthly Electricity (Overview)'!C124:D124)+SUM('Monthly Electricity (Overview)'!F124:H124)+SUM('Monthly Electricity (Overview)'!O124:Q124) | C46: ='Monthly Electricity (Overview)'!I124 | D46: ='Monthly Electricity (Overview)'!N124 | E46: ='Monthly Electricity (Overview)'!E124 | F46: ='Monthly Electricity (Overview)'!J124 | G46: ='Monthly Electricity (Overview)'!K124 | I46: ='Monthly Electricity (Overview)'!S124 | K46: ='Monthly Electricity (Overview)'!L124 | L46: 46664 | M46: =SUM('Monthly Electricity (Overview)'!U124:X124)+'Monthly Electricity (Overview)'!AD124 | N46: ='Monthly Electricity (Overview)'!AA124 | O46: ='Monthly Electricity (Overview)'!Z124 | P46: ='Monthly Electricity (Overview)'!Y124 | Q46: =SUM(B46:P46)-P46 | R46: =SUM(B46:O46)-L46
A47: 45383 | B47: =SUM('Monthly Electricity (Overview)'!C125:D125)+SUM('Monthly Electricity (Overview)'!F125:H125)+SUM('Monthly Electricity (Overview)'!O125:Q125) | C47: ='Monthly Electricity (Overview)'!I125 | D47: ='Monthly Electricity (Overview)'!N125 | E47: ='Monthly Electricity (Overview)'!E125 | F47: ='Monthly Electricity (Overview)'!J125 | G47: ='Monthly Electricity (Overview)'!K125 | I47: ='Monthly Electricity (Overview)'!S125 | K47: ='Monthly Electricity (Overview)'!L125 | L47: 76596 | M47: =SUM('Monthly Electricity (Overview)'!U125:X125)+'Monthly Electricity (Overview)'!AD125 | N47: ='Monthly Electricity (Overview)'!AA125 | O47: ='Monthly Electricity (Overview)'!Z125 | P47: ='Monthly Electricity (Overview)'!Y125 | Q47: =SUM(B47:P47)-P47 | R47: =SUM(B47:O47)-L47
A48: 45413 | B48: =SUM('Monthly Electricity (Overview)'!C126:D126)+SUM('Monthly Electricity (Overview)'!F126:H126)+SUM('Monthly Electricity (Overview)'!O126:Q126) | C48: ='Monthly Electricity (Overview)'!I126 | D48: ='Monthly Electricity (Overview)'!N126 | E48: ='Monthly Electricity (Overview)'!E126 | F48: ='Monthly Electricity (Overview)'!J126 | G48: ='Monthly Electricity (Overview)'!K126 | I48: ='Monthly Electricity (Overview)'!S126 | K48: ='Monthly Electricity (Overview)'!L126 | L48: 69174 | M48: =SUM('Monthly Electricity (Overview)'!U126:X126)+'Monthly Electricity (Overview)'!AD126 | N48: ='Monthly Electricity (Overview)'!AA126 | O48: ='Monthly Electricity (Overview)'!Z126 | P48: ='Monthly Electricity (Overview)'!Y126 | Q48: =SUM(B48:P48)-P48 | R48: =SUM(B48:O48)-L48
A49: 45444 | B49: =SUM('Monthly Electricity (Overview)'!C127:D127)+SUM('Monthly Electricity (Overview)'!F127:H127)+SUM('Monthly Electricity (Overview)'!O127:Q127) | C49: ='Monthly Electricity (Overview)'!I127 | D49: ='Monthly Electricity (Overview)'!N127 | E49: ='Monthly Electricity (Overview)'!E127 | F49: ='Monthly Electricity (Overview)'!J127 | G49: ='Monthly Electricity (Overview)'!K127 | I49: ='Monthly Electricity (Overview)'!S127 | K49: ='Monthly Electricity (Overview)'!L127 | L49: 89300 | M49: =SUM('Monthly Electricity (Overview)'!U127:X127)+'Monthly Electricity (Overview)'!AD127 | N49: ='Monthly Electricity (Overview)'!AA127 | O49: ='Monthly Electricity (Overview)'!Z127 | P49: ='Monthly Electricity (Overview)'!Y127 | Q49: =SUM(B49:P49)-P49 | R49: =SUM(B49:O49)-L49
A50: 45474 | B50: =SUM('Monthly Electricity (Overview)'!C128:D128)+SUM('Monthly Electricity (Overview)'!F128:H128)+SUM('Monthly Electricity (Overview)'!O128:Q128) | C50: ='Monthly Electricity (Overview)'!I128 | D50: ='Monthly Electricity (Overview)'!N128 | E50: ='Monthly Electricity (Overview)'!E128 | F50: ='Monthly Electricity (Overview)'!J128 | G50: ='Monthly Electricity (Overview)'!K128 | I50: ='Monthly Electricity (Overview)'!S128 | J50: ='Monthly Electricity (Overview)'!T128 | K50: ='Monthly Electricity (Overview)'!L128 | L50: 96675 | M50: =SUM('Monthly Electricity (Overview)'!U128:X128)+'Monthly Electricity (Overview)'!AD128 | N50: ='Monthly Electricity (Overview)'!AA128 | O50: ='Monthly Electricity (Overview)'!Z128 | P50: ='Monthly Electricity (Overview)'!Y128 | Q50: =SUM(B50:P50)-P50 | R50: =SUM(B50:O50)-L50
A51: 45505 | B51: =SUM('Monthly Electricity (Overview)'!C129:D129)+SUM('Monthly Electricity (Overview)'!F129:H129)+SUM('Monthly Electricity (Overview)'!O129:Q129) | C51: ='Monthly Electricity (Overview)'!I129 | D51: ='Monthly Electricity (Overview)'!N129 | E51: ='Monthly Electricity (Overview)'!E129 | F51: ='Monthly Electricity (Overview)'!J129 | G51: ='Monthly Electricity (Overview)'!K129 | I51: ='Monthly Electricity (Overview)'!S129 | J51: ='Monthly Electricity (Overview)'!T129 | K51: ='Monthly Electricity (Overview)'!L129 | L51: 102262 | M51: =SUM('Monthly Electricity (Overview)'!U129:X129)+'Monthly Electricity (Overview)'!AD129 | N51: ='Monthly Electricity (Overview)'!AA129 | O51: ='Monthly Electricity (Overview)'!Z129 | P51: ='Monthly Electricity (Overview)'!Y129 | Q51: =SUM(B51:P51)-P51 | R51: =SUM(B51:O51)-L51
A52: 45536 | B52: =SUM('Monthly Electricity (Overview)'!C130:D130)+SUM('Monthly Electricity (Overview)'!F130:H130)+SUM('Monthly Electricity (Overview)'!O130:Q130) | C52: ='Monthly Electricity (Overview)'!I130 | D52: ='Monthly Electricity (Overview)'!N130 | E52: ='Monthly Electricity (Overview)'!E130 | F52: ='Monthly Electricity (Overview)'!J130 | G52: ='Monthly Electricity (Overview)'!K130 | I52: ='Monthly Electricity (Overview)'!S130 | J52: ='Monthly Electricity (Overview)'!T130 | K52: ='Monthly Electricity (Overview)'!L130 | L52: 94188 | M52: =SUM('Monthly Electricity (Overview)'!U130:X130)+'Monthly Electricity (Overview)'!AD130 | N52: ='Monthly Electricity (Overview)'!AA130 | O52: ='Monthly Electricity (Overview)'!Z130 | P52: ='Monthly Electricity (Overview)'!Y130 | Q52: =SUM(B52:P52)-P52 | R52: =SUM(B52:O52)-L52
A53: 45566 | B53: =SUM('Monthly Electricity (Overview)'!C131:D131)+SUM('Monthly Electricity (Overview)'!F131:H131)+SUM('Monthly Electricity (Overview)'!O131:Q131) | C53: ='Monthly Electricity (Overview)'!I131 | D53: ='Monthly Electricity (Overview)'!N131 | E53: ='Monthly Electricity (Overview)'!E131 | F53: ='Monthly Electricity (Overview)'!J131 | G53: ='Monthly Electricity (Overview)'!K131 | I53: ='Monthly Electricity (Overview)'!S131 | J53: ='Monthly Electricity (Overview)'!T131 | K53: ='Monthly Electricity (Overview)'!L131 | L53: 74174 | M53: =SUM('Monthly Electricity (Overview)'!U131:X131)+'Monthly Electricity (Overview)'!AD131 | N53: ='Monthly Electricity (Overview)'!AA131 | O53: ='Monthly Electricity (Overview)'!Z131 | P53: ='Monthly Electricity (Overview)'!Y131 | Q53: =SUM(B53:P53)-P53 | R53: =SUM(B53:O53)-L53
A54: 45597 | B54: =SUM('Monthly Electricity (Overview)'!C132:D132)+SUM('Monthly Electricity (Overview)'!F132:H132)+SUM('Monthly Electricity (Overview)'!O132:Q132) | C54: ='Monthly Electricity (Overview)'!I132 | D54: ='Monthly Electricity (Overview)'!N132 | E54: ='Monthly Electricity (Overview)'!E132 | F54: ='Monthly Electricity (Overview)'!J132 | G54: ='Monthly Electricity (Overview)'!K132 | I54: ='Monthly Electricity (Overview)'!S132 | J54: ='Monthly Electricity (Overview)'!T132 | K54: ='Monthly Electricity (Overview)'!L132 | L54: 69509 | M54: =SUM('Monthly Electricity (Overview)'!U132:X132)+'Monthly Electricity (Overview)'!AD132 | N54: ='Monthly Electricity (Overview)'!AA132 | O54: ='Monthly Electricity (Overview)'!Z132 | P54: ='Monthly Electricity (Overview)'!Y132 | Q54: =SUM(B54:P54)-P54 | R54: =SUM(B54:O54)-L54
A55: 45627 | B55: =SUM('Monthly Electricity (Overview)'!C133:D133)+SUM('Monthly Electricity (Overview)'!F133:H133)+SUM('Monthly Electricity (Overview)'!O133:Q133) | C55: ='Monthly Electricity (Overview)'!I133 | D55: ='Monthly Electricity (Overview)'!N133 | E55: ='Monthly Electricity (Overview)'!E133 | F55: ='Monthly Electricity (Overview)'!J133 | G55: ='Monthly Electricity (Overview)'!K133 | I55: ='Monthly Electricity (Overview)'!S133 | J55: ='Monthly Electricity (Overview)'!T133 | K55: ='Monthly Electricity (Overview)'!L133 | L55: 42277 | M55: =SUM('Monthly Electricity (Overview)'!U133:X133)+'Monthly Electricity (Overview)'!AD133 | N55: ='Monthly Electricity (Overview)'!AA133 | O55: ='Monthly Electricity (Overview)'!Z133 | P55: ='Monthly Electricity (Overview)'!Y133 | Q55: =SUM(B55:P55)-P55 | R55: =SUM(B55:O55)-L55
A56: 45658 | B56: =SUM('Monthly Electricity (Overview)'!C134:D134)+SUM('Monthly Electricity (Overview)'!F134:H134)+SUM('Monthly Electricity (Overview)'!O134:Q134) | C56: ='Monthly Electricity (Overview)'!I134 | D56: ='Monthly Electricity (Overview)'!N134 | E56: ='Monthly Electricity (Overview)'!E134 | F56: ='Monthly Electricity (Overview)'!J134 | G56: ='Monthly Electricity (Overview)'!K134 | I56: ='Monthly Electricity (Overview)'!S134 | J56: ='Monthly Electricity (Overview)'!T134 | K56: ='Monthly Electricity (Overview)'!L134 | L56: 42652 | M56: =SUM('Monthly Electricity (Overview)'!U134:X134)+'Monthly Electricity (Overview)'!AD134 | N56: ='Monthly Electricity (Overview)'!AA134 | O56: ='Monthly Electricity (Overview)'!Z134 | P56: ='Monthly Electricity (Overview)'!Y134 | Q56: =SUM(B56:P56)-P56 | R56: =SUM(B56:O56)-L56
A57: 45689 | B57: =SUM('Monthly Electricity (Overview)'!C135:D135)+SUM('Monthly Electricity (Overview)'!F135:H135)+SUM('Monthly Electricity (Overview)'!O135:Q135) | C57: ='Monthly Electricity (Overview)'!I135 | D57: ='Monthly Electricity (Overview)'!N135 | E57: ='Monthly Electricity (Overview)'!E135 | F57: ='Monthly Electricity (Overview)'!J135 | G57: ='Monthly Electricity (Overview)'!K135 | I57: ='Monthly Electricity (Overview)'!S135 | J57: ='Monthly Electricity (Overview)'!T135 | K57: ='Monthly Electricity (Overview)'!L135 | L57: 46317 | M57: =SUM('Monthly Electricity (Overview)'!U135:X135)+'Monthly Electricity (Overview)'!AD135 | N57: ='Monthly Electricity (Overview)'!AA135 | O57: ='Monthly Electricity (Overview)'!Z135 | P57: ='Monthly Electricity (Overview)'!Y135 | Q57: =SUM(B57:P57)-P57 | R57: =SUM(B57:O57)-L57
A58: 45717 | B58: =SUM('Monthly Electricity (Overview)'!C136:D136)+SUM('Monthly Electricity (Overview)'!F136:H136)+SUM('Monthly Electricity (Overview)'!O136:Q136) | C58: ='Monthly Electricity (Overview)'!I136 | D58: ='Monthly Electricity (Overview)'!N136 | E58: ='Monthly Electricity (Overview)'!E136 | F58: ='Monthly Electricity (Overview)'!J136 | G58: ='Monthly Electricity (Overview)'!K136 | I58: ='Monthly Electricity (Overview)'!S136 | J58: ='Monthly Electricity (Overview)'!T136 | K58: ='Monthly Electricity (Overview)'!L136 | L58: 40747 | M58: =SUM('Monthly Electricity (Overview)'!U136:X136)+'Monthly Electricity (Overview)'!AD136 | N58: ='Monthly Electricity (Overview)'!AA136 | O58: ='Monthly Electricity (Overview)'!Z136 | P58: ='Monthly Electricity (Overview)'!Y136 | Q58: =SUM(B58:P58)-P58 | R58: =SUM(B58:O58)-L58
A59: 45748 | B59: =SUM('Monthly Electricity (Overview)'!C137:D137)+SUM('Monthly Electricity (Overview)'!F137:H137)+SUM('Monthly Electricity (Overview)'!O137:Q137) | C59: ='Monthly Electricity (Overview)'!I137 | D59: ='Monthly Electricity (Overview)'!N137 | E59: ='Monthly Electricity (Overview)'!E137 | F59: ='Monthly Electricity (Overview)'!J137 | G59: ='Monthly Electricity (Overview)'!K137 | I59: ='Monthly Electricity (Overview)'!S137 | J59: ='Monthly Electricity (Overview)'!T137 | K59: ='Monthly Electricity (Overview)'!L137 | L59: 59308 | M59: =SUM('Monthly Electricity (Overview)'!U137:X137)+'Monthly Electricity (Overview)'!AD137 | N59: ='Monthly Electricity (Overview)'!AA137 | O59: ='Monthly Electricity (Overview)'!Z137 | P59: ='Monthly Electricity (Overview)'!Y137 | Q59: =SUM(B59:P59)-P59 | R59: =SUM(B59:O59)-L59
A60: 45778 | B60: =SUM('Monthly Electricity (Overview)'!C138:D138)+SUM('Monthly Electricity (Overview)'!F138:H138)+SUM('Monthly Electricity (Overview)'!O138:Q138) | C60: ='Monthly Electricity (Overview)'!I138 | D60: ='Monthly Electricity (Overview)'!N138 | E60: ='Monthly Electricity (Overview)'!E138 | F60: ='Monthly Electricity (Overview)'!J138 | G60: ='Monthly Electricity (Overview)'!K138 | I60: ='Monthly Electricity (Overview)'!S138 | J60: ='Monthly Electricity (Overview)'!T138 | K60: ='Monthly Electricity (Overview)'!L138 | L60: 69996 | M60: =SUM('Monthly Electricity (Overview)'!U138:X138)+'Monthly Electricity (Overview)'!AD138 | N60: ='Monthly Electricity (Overview)'!AA138 | O60: ='Monthly Electricity (Overview)'!Z138 | P60: ='Monthly Electricity (Overview)'!Y138 | Q60: =SUM(B60:P60)-P60 | R60: =SUM(B60:O60)-L60
A61: 45809 | B61: =SUM('Monthly Electricity (Overview)'!C139:D139)+SUM('Monthly Electricity (Overview)'!F139:H139)+SUM('Monthly Electricity (Overview)'!O139:Q139) | C61: ='Monthly Electricity (Overview)'!I139 | D61: ='Monthly Electricity (Overview)'!N139 | E61: ='Monthly Electricity (Overview)'!E139 | F61: ='Monthly Electricity (Overview)'!J139 | G61: ='Monthly Electricity (Overview)'!K139 | I61: ='Monthly Electricity (Overview)'!S139 | J61: ='Monthly Electricity (Overview)'!T139 | K61: ='Monthly Electricity (Overview)'!L139 | L61: 80365 | M61: =SUM('Monthly Electricity (Overview)'!U139:X139)+'Monthly Electricity (Overview)'!AD139 | N61: ='Monthly Electricity (Overview)'!AA139 | O61: ='Monthly Electricity (Overview)'!Z139 | P61: ='Monthly Electricity (Overview)'!Y139 | Q61: =SUM(B61:P61)-P61 | R61: =SUM(B61:O61)-L61
A62: 45839 | B62: =SUM('Monthly Electricity (Overview)'!C140:D140)+SUM('Monthly Electricity (Overview)'!F140:H140)+SUM('Monthly Electricity (Overview)'!O140:Q140) | C62: ='Monthly Electricity (Overview)'!I140 | D62: ='Monthly Electricity (Overview)'!N140 | E62: ='Monthly Electricity (Overview)'!E140 | F62: ='Monthly Electricity (Overview)'!J140 | G62: ='Monthly Electricity (Overview)'!K140 | H62: ='Monthly Electricity (Overview)'!R140 | I62: ='Monthly Electricity (Overview)'!S140 | J62: ='Monthly Electricity (Overview)'!T140 | K62: ='Monthly Electricity (Overview)'!L140 | M62: =SUM('Monthly Electricity (Overview)'!U140:X140)+'Monthly Electricity (Overview)'!AD140 | N62: ='Monthly Electricity (Overview)'!AA140 | O62: ='Monthly Electricity (Overview)'!Z140 | P62: ='Monthly Electricity (Overview)'!Y140 | Q62: =SUM(B62:P62)-P62 | R62: =SUM(B62:O62)
A63: 45870 | B63: =SUM('Monthly Electricity (Overview)'!C141:D141)+SUM('Monthly Electricity (Overview)'!F141:H141)+SUM('Monthly Electricity (Overview)'!O141:Q141) | C63: ='Monthly Electricity (Overview)'!I141 | D63: ='Monthly Electricity (Overview)'!N141 | E63: ='Monthly Electricity (Overview)'!E141 | F63: ='Monthly Electricity (Overview)'!J141 | G63: ='Monthly Electricity (Overview)'!K141 | H63: ='Monthly Electricity (Overview)'!R141 | I63: ='Monthly Electricity (Overview)'!S141 | J63: ='Monthly Electricity (Overview)'!T141 | K63: ='Monthly Electricity (Overview)'!L141 | M63: =SUM('Monthly Electricity (Overview)'!U141:X141)+'Monthly Electricity (Overview)'!AD141 | N63: ='Monthly Electricity (Overview)'!AA141 | O63: ='Monthly Electricity (Overview)'!Z141 | P63: ='Monthly Electricity (Overview)'!Y141 | Q63: =SUM(B63:P63)-P63 | R63: =SUM(B63:O63)
A64: 45901 | B64: =SUM('Monthly Electricity (Overview)'!C142:D142)+SUM('Monthly Electricity (Overview)'!F142:H142)+SUM('Monthly Electricity (Overview)'!O142:Q142) | C64: ='Monthly Electricity (Overview)'!I142 | D64: ='Monthly Electricity (Overview)'!N142 | E64: ='Monthly Electricity (Overview)'!E142 | F64: ='Monthly Electricity (Overview)'!J142 | G64: ='Monthly Electricity (Overview)'!K142 | H64: ='Monthly Electricity (Overview)'!R142 | I64: ='Monthly Electricity (Overview)'!S142 | J64: ='Monthly Electricity (Overview)'!T142 | K64: ='Monthly Electricity (Overview)'!L142 | M64: =SUM('Monthly Electricity (Overview)'!U142:X142)+'Monthly Electricity (Overview)'!AD142 | N64: ='Monthly Electricity (Overview)'!AA142 | O64: ='Monthly Electricity (Overview)'!Z142 | P64: ='Monthly Electricity (Overview)'!Y142 | Q64: =SUM(B64:P64)-P64 | R64: =SUM(B64:O64)
A65: 45931 | B65: =SUM('Monthly Electricity (Overview)'!C143:D143)+SUM('Monthly Electricity (Overview)'!F143:H143)+SUM('Monthly Electricity (Overview)'!O143:Q143) | C65: ='Monthly Electricity (Overview)'!I143 | D65: ='Monthly Electricity (Overview)'!N143 | E65: ='Monthly Electricity (Overview)'!E143 | F65: ='Monthly Electricity (Overview)'!J143 | G65: ='Monthly Electricity (Overview)'!K143 | H65: ='Monthly Electricity (Overview)'!R143 | I65: ='Monthly Electricity (Overview)'!S143 | J65: ='Monthly Electricity (Overview)'!T143 | K65: ='Monthly Electricity (Overview)'!L143 | M65: =SUM('Monthly Electricity (Overview)'!U143:X143)+'Monthly Electricity (Overview)'!AD143 | N65: ='Monthly Electricity (Overview)'!AA143 | O65: ='Monthly Electricity (Overview)'!Z143 | Q65: =SUM(B65:P65)-P65 | R65: =SUM(B65:O65)
A66: 45962 | B66: =SUM('Monthly Electricity (Overview)'!C144:D144)+SUM('Monthly Electricity (Overview)'!F144:H144)+SUM('Monthly Electricity (Overview)'!O144:Q144) | C66: ='Monthly Electricity (Overview)'!I144 | D66: ='Monthly Electricity (Overview)'!N144 | E66: ='Monthly Electricity (Overview)'!E144 | F66: ='Monthly Electricity (Overview)'!J144 | G66: ='Monthly Electricity (Overview)'!K144 | H66: ='Monthly Electricity (Overview)'!R144 | I66: ='Monthly Electricity (Overview)'!S144 | J66: ='Monthly Electricity (Overview)'!T144 | K66: ='Monthly Electricity (Overview)'!L144 | M66: =SUM('Monthly Electricity (Overview)'!U144:X144)+'Monthly Electricity (Overview)'!AD144 | N66: ='Monthly Electricity (Overview)'!AA144 | O66: ='Monthly Electricity (Overview)'!Z144 | Q66: =SUM(B66:P66)-P66 | R66: =SUM(B66:O66)
A67: 45992 | B67: =SUM('Monthly Electricity (Overview)'!C145:D145)+SUM('Monthly Electricity (Overview)'!F145:H145)+SUM('Monthly Electricity (Overview)'!O145:Q145) | C67: ='Monthly Electricity (Overview)'!I145 | D67: ='Monthly Electricity (Overview)'!N145 | E67: ='Monthly Electricity (Overview)'!E145 | F67: ='Monthly Electricity (Overview)'!J145 | G67: ='Monthly Electricity (Overview)'!K145 | H67: ='Monthly Electricity (Overview)'!R145 | I67: ='Monthly Electricity (Overview)'!S145 | J67: ='Monthly Electricity (Overview)'!T145 | K67: ='Monthly Electricity (Overview)'!L145 | M67: =SUM('Monthly Electricity (Overview)'!U145:X145)+'Monthly Electricity (Overview)'!AD145 | N67: ='Monthly Electricity (Overview)'!AA145 | O67: ='Monthly Electricity (Overview)'!Z145 | Q67: =SUM(B67:P67)-P67 | R67: =SUM(B67:O67)
A68: 46023 | B68: =SUM('Monthly Electricity (Overview)'!C146:D146)+SUM('Monthly Electricity (Overview)'!F146:H146)+SUM('Monthly Electricity (Overview)'!O146:Q146) | C68: ='Monthly Electricity (Overview)'!I146 | D68: ='Monthly Electricity (Overview)'!N146 | E68: ='Monthly Electricity (Overview)'!E146 | F68: ='Monthly Electricity (Overview)'!J146 | G68: ='Monthly Electricity (Overview)'!K146 | H68: ='Monthly Electricity (Overview)'!R146 | I68: ='Monthly Electricity (Overview)'!S146 | J68: ='Monthly Electricity (Overview)'!T146 | K68: ='Monthly Electricity (Overview)'!L146 | M68: =SUM('Monthly Electricity (Overview)'!U146:X146)+'Monthly Electricity (Overview)'!AD146 | N68: ='Monthly Electricity (Overview)'!AA146 | O68: ='Monthly Electricity (Overview)'!Z146 | Q68: =SUM(B68:P68)-P68 | R68: =SUM(B68:O68)
A69: 46054
A70: 46082
A71: 46113
A72: 46143
A73: 46174

Sheet Yearly Electricity Reformatted
A1: Period | B1: Main Academic Buildings and Others | C1: Main Chiller Plant | D1: LSK Chiller Plant | E1: Cheng Yu Tung Building | F1: LSK Building | G1: IAS Building | H1: HPC 6 | I1: Research Building 2 | J1: Innovation Building | K1: Conference Lodge | L1: Staff Quarter Common Area | M1: Student Housing | N1: Staff Quarters | O1: Commercial Outlets | P1: Staff Quarters & Commercial Outlet (Total) | Q1: Whole Campus (including staff quarter common area) | R1: Whole Campus (excluding staff quarter common area)
A2: 2013/14 | B2: 66537464 | F2: 5319031 | L2: 1541135 | M2: 7622248 | P2: 8266497 | Q2: =SUM(B2:P2) | R2: =Q2-L2
A3: 2014/15 | B3: 67393898 | F3: 5600308 | L3: 1858865 | M3: 9972879 | N3: =SUM('Monthly Electricity (Overview)'!AA8:AA19) | O3: =SUM('Monthly Electricity (Overview)'!Z8:Z19) | P3: 8079586 | Q3: =SUM(B3:O3) | R3: =Q3-L3
A4: 2015/16 | B4: 49463702 | C4: 16770100 | D4: 1700914 | E4: 3645309 | F4: 3131115 | G4: 2552993 | K4: 1485087 | L4: 1698200 | M4: 7357743 | N4: =SUM('Monthly Electricity (Overview)'!AA20:AA31) | O4: =SUM('Monthly Electricity (Overview)'!Z20:Z31) | P4: 7994907 | Q4: =SUM(B4:O4) | R4: =Q4-L4
A5: 2016/17 | B5: 48006917 | C5: 16665790 | D5: 1730081 | E5: 5024155 | F5: 3213275 | G5: 2598423 | K5: 1687180 | L5: 1234776 | M5: 7229580 | N5: =SUM('Monthly Electricity (Overview)'!AA32:AA43) | O5: =SUM('Monthly Electricity (Overview)'!Z32:Z43) | P5: 7096181 | Q5: =SUM(B5:O5) | R5: =Q5-L5
A6: 2017/18 | B6: 45714514 | C6: 16384824 | D6: 1804895 | E6: 5097362 | F6: 3326876 | G6: 2668682 | K6: 1903435 | L6: 2016215 | M6: 6776467 | N6: =SUM('Monthly Electricity (Overview)'!AA44:AA55) | O6: =SUM('Monthly Electricity (Overview)'!Z44:Z55) | P6: 7273180 | Q6: =SUM(B6:O6) | R6: =Q6-L6
A7: 2018/19 | B7: 45233408 | C7: 17377146 | D7: 1782046 | E7: 5130335 | F7: 3145915 | G7: 681596 | K7: 1649404 | L7: 913798 | M7: 6477491 | N7: =SUM('Monthly Electricity (Overview)'!AA56:AA67) | O7: =SUM('Monthly Electricity (Overview)'!Z56:Z67) | P7: 7794955 | Q7: =SUM(B7:O7) | R7: =Q7-L7
A8: 2019/20 | B8: 47175537 | C8: 14469480 | D8: 1734286 | E8: 4687192 | F8: 2809718 | G8: 645509 | K8: 1315160 | L8: 870935 | M8: 5611932 | N8: =SUM('Monthly Electricity (Overview)'!AA68:AA79) | O8: =SUM('Monthly Electricity (Overview)'!Z68:Z79) | P8: 8033495 | Q8: =SUM(B8:O8) | R8: =Q8-L8
A9: 2020/21 | B9: =SUM('Monthly Electricity Reformatted'!B2:B13) | C9: =SUM('Monthly Electricity Reformatted'!C2:C13) | D9: =SUM('Monthly Electricity Reformatted'!D2:D13) | E9: =SUM('Monthly Electricity Reformatted'!E2:E13) | F9: =SUM('Monthly Electricity Reformatted'!F2:F13) | G9: =SUM('Monthly Electricity Reformatted'!G2:G13) | K9: =SUM('Monthly Electricity Reformatted'!K2:K13) | L9: =SUM('Monthly Electricity Reformatted'!L2:L13) | M9: =SUM('Monthly Electricity Reformatted'!M2:M13) | N9: =SUM('Monthly Electricity Reformatted'!N2:N13) | O9: =SUM('Monthly Electricity Reformatted'!O2:O13) | P9: =SUM('Monthly Electricity Reformatted'!P2:P13) | Q9: =SUM(B9:O9) | R9: =Q9-L9
A10: 2021/22 | B10: =SUM('Monthly Electricity Reformatted'!B14:B25) | C10: =SUM('Monthly Electricity Reformatted'!C14:C25) | D10: =SUM('Monthly Electricity Reformatted'!D14:D25) | E10: =SUM('Monthly Electricity Reformatted'!E14:E25) | F10: =SUM('Monthly Electricity Reformatted'!F14:F25) | G10: =SUM('Monthly Electricity Reformatted'!G14:G25) | K10: =SUM('Monthly Electricity Reformatted'!K14:K25) | L10: =SUM('Monthly Electricity Reformatted'!L14:L25) | M10: =SUM('Monthly Electricity Reformatted'!M14:M25) | N10: =SUM('Monthly Electricity Reformatted'!N14:N25) | O10: =SUM('Monthly Electricity Reformatted'!O14:O25) | P10: =SUM('Monthly Electricity Reformatted'!P14:P25) | Q10: =SUM(B10:O10) | R10: =SUM('Monthly Electricity Reformatted'!R14:R25)
A11: 2022/23 | B11: =SUM('Monthly Electricity Reformatted'!B26:B37) | C11: =SUM('Monthly Electricity Reformatted'!C26:C37) | D11: =SUM('Monthly Electricity Reformatted'!D26:D37) | E11: =SUM('Monthly Electricity Reformatted'!E26:E37) | F11: =SUM('Monthly Electricity Reformatted'!F26:F37) | G11: =SUM('Monthly Electricity Reformatted'!G26:G37) | K11: =SUM('Monthly Electricity Reformatted'!K26:K37) | L11: =SUM('Monthly Electricity Reformatted'!L26:L37) | M11: =SUM('Monthly Electricity Reformatted'!M26:M37) | N11: =SUM('Monthly Electricity Reformatted'!N26:N37) | O11: =SUM('Monthly Electricity Reformatted'!O26:O37) | P11: =SUM('Monthly Electricity Reformatted'!P26:P37) | Q11: =SUM(B11:O11) | R11: =SUM('Monthly Electricity Reformatted'!R26:R37)
A12: 2023/24 | B12: =SUM('Monthly Electricity Reformatted'!B38:B49) | C12: =SUM('Monthly Electricity Reformatted'!C38:C49) | D12: =SUM('Monthly Electricity Reformatted'!D38:D49) | E12: =SUM('Monthly Electricity Reformatted'!E38:E49) | F12: =SUM('Monthly Electricity Reformatted'!F38:F49) | G12: =SUM('Monthly Electricity Reformatted'!G38:G49) | I12: =SUM('Monthly Electricity Reformatted'!I38:I49) | K12: =SUM('Monthly Electricity Reformatted'!K38:K49) | L12: =SUM('Monthly Electricity Reformatted'!L38:L49) | M12: =SUM('Monthly Electricity Reformatted'!M38:M49) | N12: =SUM('Monthly Electricity Reformatted'!N38:N49) | O12: =SUM('Monthly Electricity Reformatted'!O38:O49) | P12: =SUM('Monthly Electricity Reformatted'!P38:P49) | Q12: =SUM(B12:O12) | R12: =SUM('Monthly Electricity Reformatted'!R38:R49)
A13: 2024/25 | B13: =SUM('Monthly Electricity Reformatted'!B50:B61) | C13: =SUM('Monthly Electricity Reformatted'!C50:C61) | D13: =SUM('Monthly Electricity Reformatted'!D50:D61) | E13: =SUM('Monthly Electricity Reformatted'!E50:E61) | F13: =SUM('Monthly Electricity Reformatted'!F50:F61) | G13: =SUM('Monthly Electricity Reformatted'!G50:G61) | I13: =SUM('Monthly Electricity Reformatted'!I50:I61) | J13: =SUM('Monthly Electricity Reformatted'!J50:J61) | K13: =SUM('Monthly Electricity Reformatted'!K50:K61) | L13: =SUM('Monthly Electricity Reformatted'!L50:L61) | M13: =SUM('Monthly Electricity Reformatted'!M50:M61) | N13: =SUM('Monthly Electricity Reformatted'!N50:N61) | O13: =SUM('Monthly Electricity Reformatted'!O50:O61) | P13: =SUM('Monthly Electricity Reformatted'!P50:P61) | Q13: =SUM(B13:O13) | R13: =SUM('Monthly Electricity Reformatted'!R50:R61)
A14: 2025/26 | B14: =SUM('Monthly Electricity Reformatted'!B62:B73) | C14: =SUM('Monthly Electricity Reformatted'!C62:C73) | D14: =SUM('Monthly Electricity Reformatted'!D62:D73) | E14: =SUM('Monthly Electricity Reformatted'!E62:E73) | F14: =SUM('Monthly Electricity Reformatted'!F62:F73) | G14: =SUM('Monthly Electricity Reformatted'!G62:G73) | H14: =SUM('Monthly Electricity Reformatted'!H62:H73) | I14: =SUM('Monthly Electricity Reformatted'!I62:I73) | ... R14: =SUM('Monthly Electricity Reformatted'!R62:R73)
A20: % total elec | B20: =B13/$Q$13 | C20: =C13/$Q$13 | D20: =D13/$Q$13 | E20: =E13/$Q$13 | F20: =F13/$Q$13 | G20: =G13/$Q$13 | J20: =J13/$Q$13 | K20: =K13/$Q$13 | L20: =L13/$Q$13 | M20: =M13/$Q$13 | N20: =P13/$Q$13
A21: % of scope 2 | B21: =B20*'Scope 2'!$N$8 | C21: =C20*'Scope 2'!$N$8 | D21: =D20*'Scope 2'!$N$8 | E21: =E20*'Scope 2'!$N$8 | F21: =F20*'Scope 2'!$N$8 | G21: =G20*'Scope 2'!$N$8 | J21: =J20*'Scope 2'!$N$8 | K21: =K20*'Scope 2'!$N$8 | L21: =L20*'Scope 2'!$N$8 | M21: =M20*'Scope 2'!$N$8 | N21: =N20*'Scope 2'!$N$8

Sheet Monthly Electricity (CHECK)
A1: Period | B1: Main Academic Buildings and Others | C1: Main Academic Buildings and Others | E1: Main Chiller Plant | F1: Main Chiller Plant | H1: LSK Chiller Plant | I1: LSK Chiller Plant | K1: Cheng Yu Tung Building | L1: Cheng Yu Tung Building | N1: LSK Building | O1: LSK Building | Q1: IAS Building | R1: IAS Building | T1: Innovation Building | U1: Innovation Building | W1: Conference Lodge | X1: Conference Lodge | Z1: Staff Quarter Common Area | AA1: Student Housing | AB1: Student Housing | AD1: Staff Quarters & Commercial Outlet | AE1: Staff Quarters & Commercial Outlet | AG1: Whole Campus (including staff quarter common area) | AH1: Whole Campus (excluding staff quarter common area) | AI1: Whole Campus (excluding staff quarter common area) | AK1: Difference
A2: 44013 | B2: ='Monthly Electricity (Overview)'!B80-'Monthly Electricity (Overview)'!E80-SUM('Monthly Electricity (Overview)'!I80:N80)-SUM('Monthly Electricity (Overview)'!X80:Y80)+'Monthly Electricity (Overview)'!AD80 | C2: ='Monthly Electricity (Overview)'!B80-'Monthly Electricity (Overview)'!E80-SUM('Monthly Electricity (Overview)'!I80:N80)-SUM('Monthly Electricity (Overview)'!T80:Y80) | D2: =IF(B2=C2,"/") | E2: ='Monthly Electricity (Overview)'!I80 | F2: ='Monthly Electricity (Overview)'!I80 | G2: =IF(E2=F2,"/") | H2: ='Monthly Electricity (Overview)'!N80 | I2: ='Monthly Electricity (Overview)'!N80 | J2: =IF(H2=I2,"/") | K2: ='Monthly Electricity (Overview)'!E80 | L2: ='Monthly Electricity (Overview)'!E80 | M2: =IF(K2=L2,"/") | N2: ='Monthly Electricity (Overview)'!J80 | O2: ='Monthly Electricity (Overview)'!J80 | P2: =IF(N2=O2,"/") | Q2: ='Monthly Electricity (Overview)'!K80 | R2: ='Monthly Electricity (Overview)'!K80 | S2: =IF(Q2=R2,"/") | V2: =IF(T2=U2,"/") | W2: ='Monthly Electricity (Overview)'!L80 | X2: ='Monthly Electricity (Overview)'!L80 | Y2: =IF(W2=X2,"/") | Z2: 99693 | AA2: ='Monthly Electricity (Overview)'!X80 | AB2: =SUM('Monthly Electricity (Overview)'!U80:X80)+'Monthly Electricity (Overview)'!AC80 | AC2: =IF(AA2=AB2,"/") | AD2: ='Monthly Electricity (Overview)'!Y80 | AE2: ='Monthly Electricity (Overview)'!Y80 | AF2: =IF(AD2=AE2,"/") | AG2: =SUM(B2,E2,H2,K2,N2,Q2,W2,AA2,AD2,Z2) | AH2: =SUM(B2,E2,H2,K2,N2,Q2,W2,AA2,AD2) | AI2: =SUM(C2,F2,I2,L2,O2,R2,U2,X2,AB2, AE2) | AJ2: =IF(AH2=AI2,"/") | AK2: =AH2-AI2
A3: 44044 | B3: ='Monthly Electricity (Overview)'!B81-'Monthly Electricity (Overview)'!E81-SUM('Monthly Electricity (Overview)'!I81:N81)-SUM('Monthly Electricity (Overview)'!X81:Y81)+'Monthly Electricity (Overview)'!AD81 | C3: ='Monthly Electricity (Overview)'!B81-'Monthly Electricity (Overview)'!E81-SUM('Monthly Electricity (Overview)'!I81:N81)-SUM('Monthly Electricity (Overview)'!T81:Y81) | D3: =IF(B3=C3,"/") | E3: ='Monthly Electricity (Overview)'!I81 | F3: ='Monthly Electricity (Overview)'!I81 | G3: =IF(E3=F3,"/") | H3: ='Monthly Electricity (Overview)'!N81 | I3: ='Monthly Electricity (Overview)'!N81 | J3: =IF(H3=I3,"/") | K3: ='Monthly Electricity (Overview)'!E81 | L3: ='Monthly Electricity (Overview)'!E81 | M3: =IF(K3=L3,"/") | N3: ='Monthly Electricity (Overview)'!J81 | O3: ='Monthly Electricity (Overview)'!J81 | P3: =IF(N3=O3,"/") | Q3: ='Monthly Electricity (Overview)'!K81 | R3: ='Monthly Electricity (Overview)'!K81 | S3: =IF(Q3=R3,"/") | V3: =IF(T3=U3,"/") | W3: ='Monthly Electricity (Overview)'!L81 | X3: ='Monthly Electricity (Overview)'!L81 | Y3: =IF(W3=X3,"/") | Z3: 111077 | AA3: ='Monthly Electricity (Overview)'!X81+'Monthly Electricity (Overview)'!W81+'Monthly Electricity (Overview)'!AC81 | AB3: =SUM('Monthly Electricity (Overview)'!U81:X81)+'Monthly Electricity (Overview)'!AC81 | AC3: =IF(AA3=AB3,"/") | AD3: ='Monthly Electricity (Overview)'!Y81 | AE3: ='Monthly Electricity (Overview)'!Y81 | AF3: =IF(AD3=AE3,"/") | AG3: =SUM(B3,E3,H3,K3,N3,Q3,W3,AA3,AD3,Z3) | AH3: =SUM(B3,E3,H3,K3,N3,Q3,W3,AA3,AD3) | AI3: =SUM(C3,F3,I3,L3,O3,R3,U3,X3,AB3, AE3) | AJ3: =IF(AH3=AI3,"/") | AK3: =AH3-AI3
A4: 44075 | B4: ='Monthly Electricity (Overview)'!B82-'Monthly Electricity (Overview)'!E82-SUM('Monthly Electricity (Overview)'!I82:N82)-SUM('Monthly Electricity (Overview)'!X82:Y82)+'Monthly Electricity (Overview)'!AD82 | C4: ='Monthly Electricity (Overview)'!B82-'Monthly Electricity (Overview)'!E82-SUM('Monthly Electricity (Overview)'!I82:N82)-SUM('Monthly Electricity (Overview)'!T82:Y82) | D4: =IF(B4=C4,"/") | E4: ='Monthly Electricity (Overview)'!I82 | F4: ='Monthly Electricity (Overview)'!I82 | G4: =IF(E4=F4,"/") | H4: ='Monthly Electricity (Overview)'!N82 | I4: ='Monthly Electricity (Overview)'!N82 | J4: =IF(H4=I4,"/") | K4: ='Monthly Electricity (Overview)'!E82 | L4: ='Monthly Electricity (Overview)'!E82 | M4: =IF(K4=L4,"/") | N4: ='Monthly Electricity (Overview)'!J82 | O4: ='Monthly Electricity (Overview)'!J82 | P4: =IF(N4=O4,"/") | Q4: ='Monthly Electricity (Overview)'!K82 | R4: ='Monthly Electricity (Overview)'!K82 | S4: =IF(Q4=R4,"/") | V4: =IF(T4=U4,"/") | W4: ='Monthly Electricity (Overview)'!L82 | X4: ='Monthly Electricity (Overview)'!L82 | Y4: =IF(W4=X4,"/") | Z4: 124553 | AA4: ='Monthly Electricity (Overview)'!X82+'Monthly Electricity (Overview)'!W82+'Monthly Electricity (Overview)'!AC82 | AB4: =SUM('Monthly Electricity (Overview)'!U82:X82)+'Monthly Electricity (Overview)'!AC82 | AC4: =IF(AA4=AB4,"/") | AD4: ='Monthly Electricity (Overview)'!Y82 | AE4: ='Monthly Electricity (Overview)'!Y82 | AF4: =IF(AD4=AE4,"/") | AG4: =SUM(B4,E4,H4,K4,N4,Q4,W4,AA4,AD4,Z4) | AH4: =SUM(B4,E4,H4,K4,N4,Q4,W4,AA4,AD4) | AI4: =SUM(C4,F4,I4,L4,O4,R4,U4,X4,AB4, AE4) | AJ4: =IF(AH4=AI4,"/") | AK4: =AH4-AI4
A5: 44105 | B5: ='Monthly Electricity (Overview)'!B83-'Monthly Electricity (Overview)'!E83-SUM('Monthly Electricity (Overview)'!I83:N83)-SUM('Monthly Electricity (Overview)'!X83:Y83)+'Monthly Electricity (Overview)'!AD83 | C5: ='Monthly Electricity (Overview)'!B83-'Monthly Electricity (Overview)'!E83-SUM('Monthly Electricity (Overview)'!I83:N83)-SUM('Monthly Electricity (Overview)'!T83:Y83) | D5: =IF(B5=C5,"/") | E5: ='Monthly Electricity (Overview)'!I83 | F5: ='Monthly Electricity (Overview)'!I83 | G5: =IF(E5=F5,"/") | H5: ='Monthly Electricity (Overview)'!N83 | I5: ='Monthly Electricity (Overview)'!N83 | J5: =IF(H5=I5,"/") | K5: ='Monthly Electricity (Overview)'!E83 | L5: ='Monthly Electricity (Overview)'!E83 | M5: =IF(K5=L5,"/") | N5: ='Monthly Electricity (Overview)'!J83 | O5: ='Monthly Electricity (Overview)'!J83 | P5: =IF(N5=O5,"/") | Q5: ='Monthly Electricity (Overview)'!K83 | R5: ='Monthly Electricity (Overview)'!K83 | S5: =IF(Q5=R5,"/") | V5: =IF(T5=U5,"/") | W5: ='Monthly Electricity (Overview)'!L83 | X5: ='Monthly Electricity (Overview)'!L83 | Y5: =IF(W5=X5,"/") | Z5: 81463 | AA5: ='Monthly Electricity (Overview)'!X83+'Monthly Electricity (Overview)'!W83+'Monthly Electricity (Overview)'!AC83 | AB5: =SUM('Monthly Electricity (Overview)'!U83:X83)+'Monthly Electricity (Overview)'!AC83 | AC5: =IF(AA5=AB5,"/") | AD5: ='Monthly Electricity (Overview)'!Y83 | AE5: ='Monthly Electricity (Overview)'!Y83 | AF5: =IF(AD5=AE5,"/") | AG5: =SUM(B5,E5,H5,K5,N5,Q5,W5,AA5,AD5,Z5) | AH5: =SUM(B5,E5,H5,K5,N5,Q5,W5,AA5,AD5) | AI5: =SUM(C5,F5,I5,L5,O5,R5,U5,X5,AB5, AE5) | AJ5: =IF(AH5=AI5,"/") | AK5: =AH5-AI5
A6: 44136 | B6: ='Monthly Electricity (Overview)'!B84-'Monthly Electricity (Overview)'!E84-SUM('Monthly Electricity (Overview)'!I84:N84)-SUM('Monthly Electricity (Overview)'!X84:Y84)+'Monthly Electricity (Overview)'!AD84 | C6: ='Monthly Electricity (Overview)'!B84-'Monthly Electricity (Overview)'!E84-SUM('Monthly Electricity (Overview)'!I84:N84)-SUM('Monthly Electricity (Overview)'!T84:Y84) | D6: =IF(B6=C6,"/") | E6: ='Monthly Electricity (Overview)'!I84 | F6: ='Monthly Electricity (Overview)'!I84 | G6: =IF(E6=F6,"/") | H6: ='Monthly Electricity (Overview)'!N84 | I6: ='Monthly Electricity (Overview)'!N84 | J6: =IF(H6=I6,"/") | K6: ='Monthly Electricity (Overview)'!E84 | L6: ='Monthly Electricity (Overview)'!E84 | M6: =IF(K6=L6,"/") | N6: ='Monthly Electricity (Overview)'!J84 | O6: ='Monthly Electricity (Overview)'!J84 | P6: =IF(N6=O6,"/") | Q6: ='Monthly Electricity (Overview)'!K84 | R6: ='Monthly Electricity (Overview)'!K84 | S6: =IF(Q6=R6,"/") | V6: =IF(T6=U6,"/") | W6: ='Monthly Electricity (Overview)'!L84 | X6: ='Monthly Electricity (Overview)'!L84 | Y6: =IF(W6=X6,"/") | Z6: 59032 | AA6: ='Monthly Electricity (Overview)'!X84+'Monthly Electricity (Overview)'!W84+'Monthly Electricity (Overview)'!AC84 | AB6: =SUM('Monthly Electricity (Overview)'!U84:X84)+'Monthly Electricity (Overview)'!AC84 | AC6: =IF(AA6=AB6,"/") | AD6: ='Monthly Electricity (Overview)'!Y84 | AE6: ='Monthly Electricity (Overview)'!Y84 | AF6: =IF(AD6=AE6,"/") | AG6: =SUM(B6,E6,H6,K6,N6,Q6,W6,AA6,AD6,Z6) | AH6: =SUM(B6,E6,H6,K6,N6,Q6,W6,AA6,AD6) | AI6: =SUM(C6,F6,I6,L6,O6,R6,U6,X6,AB6, AE6) | AJ6: =IF(AH6=AI6,"/") | AK6: =AH6-AI6
A7: 44166 | B7: ='Monthly Electricity (Overview)'!B85-'Monthly Electricity (Overview)'!E85-SUM('Monthly Electricity (Overview)'!I85:N85)-SUM('Monthly Electricity (Overview)'!X85:Y85)+'Monthly Electricity (Overview)'!AD85 | C7: ='Monthly Electricity (Overview)'!B85-'Monthly Electricity (Overview)'!E85-SUM('Monthly Electricity (Overview)'!I85:N85)-SUM('Monthly Electricity (Overview)'!T85:Y85) | D7: =IF(B7=C7,"/") | E7: ='Monthly Electricity (Overview)'!I85 | F7: ='Monthly Electricity (Overview)'!I85 | G7: =IF(E7=F7,"/") | H7: ='Monthly Electricity (Overview)'!N85 | I7: ='Monthly Electricity (Overview)'!N85 | J7: =IF(H7=I7,"/") | K7: ='Monthly Electricity (Overview)'!E85 | L7: ='Monthly Electricity (Overview)'!E85 | M7: =IF(K7=L7,"/") | N7: ='Monthly Electricity (Overview)'!J85 | O7: ='Monthly Electricity (Overview)'!J85 | P7: =IF(N7=O7,"/") | Q7: ='Monthly Electricity (Overview)'!K85 | R7: ='Monthly Electricity (Overview)'!K85 | S7: =IF(Q7=R7,"/") | V7: =IF(T7=U7,"/") | W7: ='Monthly Electricity (Overview)'!L85 | X7: ='Monthly Electricity (Overview)'!L85 | Y7: =IF(W7=X7,"/") | Z7: 53030 | AA7: ='Monthly Electricity (Overview)'!X85+'Monthly Electricity (Overview)'!W85+'Monthly Electricity (Overview)'!AC85 | AB7: =SUM('Monthly Electricity (Overview)'!U85:X85)+'Monthly Electricity (Overview)'!AC85 | AC7: =IF(AA7=AB7,"/") | AD7: ='Monthly Electricity (Overview)'!Y85 | AE7: ='Monthly Electricity (Overview)'!Y85 | AF7: =IF(AD7=AE7,"/") | AG7: =SUM(B7,E7,H7,K7,N7,Q7,W7,AA7,AD7,Z7) | AH7: =SUM(B7,E7,H7,K7,N7,Q7,W7,AA7,AD7) | AI7: =SUM(C7,F7,I7,L7,O7,R7,U7,X7,AB7, AE7) | AJ7: =IF(AH7=AI7,"/") | AK7: =AH7-AI7
A8: 44197 | B8: ='Monthly Electricity (Overview)'!B86-'Monthly Electricity (Overview)'!E86-SUM('Monthly Electricity (Overview)'!I86:N86)-SUM('Monthly Electricity (Overview)'!X86:Y86)+'Monthly Electricity (Overview)'!AD86 | C8: ='Monthly Electricity (Overview)'!B86-'Monthly Electricity (Overview)'!E86-SUM('Monthly Electricity (Overview)'!I86:N86)-SUM('Monthly Electricity (Overview)'!T86:Y86) | D8: =IF(B8=C8,"/") | E8: ='Monthly Electricity (Overview)'!I86 | F8: ='Monthly Electricity (Overview)'!I86 | G8: =IF(E8=F8,"/") | H8: ='Monthly Electricity (Overview)'!N86 | I8: ='Monthly Electricity (Overview)'!N86 | J8: =IF(H8=I8,"/") | K8: ='Monthly Electricity (Overview)'!E86 | L8: ='Monthly Electricity (Overview)'!E86 | M8: =IF(K8=L8,"/") | N8: ='Monthly Electricity (Overview)'!J86 | O8: ='Monthly Electricity (Overview)'!J86 | P8: =IF(N8=O8,"/") | Q8: ='Monthly Electricity (Overview)'!K86 | R8: ='Monthly Electricity (Overview)'!K86 | S8: =IF(Q8=R8,"/") | V8: =IF(T8=U8,"/") | W8: ='Monthly Electricity (Overview)'!L86 | X8: ='Monthly Electricity (Overview)'!L86 | Y8: =IF(W8=X8,"/") | Z8: 48369 | AA8: ='Monthly Electricity (Overview)'!X86+'Monthly Electricity (Overview)'!W86+'Monthly Electricity (Overview)'!AC86 | AB8: =SUM('Monthly Electricity (Overview)'!U86:X86)+'Monthly Electricity (Overview)'!AC86 | AC8: =IF(AA8=AB8,"/") | AD8: ='Monthly Electricity (Overview)'!Y86 | AE8: ='Monthly Electricity (Overview)'!Y86 | AF8: =IF(AD8=AE8,"/") | AG8: =SUM(B8,E8,H8,K8,N8,Q8,W8,AA8,AD8,Z8) | AH8: =SUM(B8,E8,H8,K8,N8,Q8,W8,AA8,AD8) | AI8: =SUM(C8,F8,I8,L8,O8,R8,U8,X8,AB8, AE8) | AJ8: =IF(AH8=AI8,"/") | AK8: =AH8-AI8
A9: 44228 | B9: ='Monthly Electricity (Overview)'!B87-'Monthly Electricity (Overview)'!E87-SUM('Monthly Electricity (Overview)'!I87:N87)-SUM('Monthly Electricity (Overview)'!X87:Y87)+'Monthly Electricity (Overview)'!AD87 | C9: ='Monthly Electricity (Overview)'!B87-'Monthly Electricity (Overview)'!E87-SUM('Monthly Electricity (Overview)'!I87:N87)-SUM('Monthly Electricity (Overview)'!T87:Y87) | D9: =IF(B9=C9,"/") | E9: ='Monthly Electricity (Overview)'!I87 | F9: ='Monthly Electricity (Overview)'!I87 | G9: =IF(E9=F9,"/") | H9: ='Monthly Electricity (Overview)'!N87 | I9: ='Monthly Electricity (Overview)'!N87 | J9: =IF(H9=I9,"/") | K9: ='Monthly Electricity (Overview)'!E87 | L9: ='Monthly Electricity (Overview)'!E87 | M9: =IF(K9=L9,"/") | N9: ='Monthly Electricity (Overview)'!J87 | O9: ='Monthly Electricity (Overview)'!J87 | P9: =IF(N9=O9,"/") | Q9: ='Monthly Electricity (Overview)'!K87 | R9: ='Monthly Electricity (Overview)'!K87 | S9: =IF(Q9=R9,"/") | V9: =IF(T9=U9,"/") | W9: ='Monthly Electricity (Overview)'!L87 | X9: ='Monthly Electricity (Overview)'!L87 | Y9: =IF(W9=X9,"/") | Z9: 45841 | AA9: ='Monthly Electricity (Overview)'!X87+'Monthly Electricity (Overview)'!W87+'Monthly Electricity (Overview)'!AC87 | AB9: =SUM('Monthly Electricity (Overview)'!U87:X87)+'Monthly Electricity (Overview)'!AC87 | AC9: =IF(AA9=AB9,"/") | AD9: ='Monthly Electricity (Overview)'!Y87 | AE9: ='Monthly Electricity (Overview)'!Y87 | AF9: =IF(AD9=AE9,"/") | AG9: =SUM(B9,E9,H9,K9,N9,Q9,W9,AA9,AD9,Z9) | AH9: =SUM(B9,E9,H9,K9,N9,Q9,W9,AA9,AD9) | AI9: =SUM(C9,F9,I9,L9,O9,R9,U9,X9,AB9, AE9) | AJ9: =IF(AH9=AI9,"/") | AK9: =AH9-AI9
A10: 44256 | B10: ='Monthly Electricity (Overview)'!B88-'Monthly Electricity (Overview)'!E88-SUM('Monthly Electricity (Overview)'!I88:N88)-SUM('Monthly Electricity (Overview)'!X88:Y88)+'Monthly Electricity (Overview)'!AD88 | C10: ='Monthly Electricity (Overview)'!B88-'Monthly Electricity (Overview)'!E88-SUM('Monthly Electricity (Overview)'!I88:N88)-SUM('Monthly Electricity (Overview)'!T88:Y88) | D10: =IF(B10=C10,"/") | E10: ='Monthly Electricity (Overview)'!I88 | F10: ='Monthly Electricity (Overview)'!I88 | G10: =IF(E10=F10,"/") | H10: ='Monthly Electricity (Overview)'!N88 | I10: ='Monthly Electricity (Overview)'!N88 | J10: =IF(H10=I10,"/") | K10: ='Monthly Electricity (Overview)'!E88 | L10: ='Monthly Electricity (Overview)'!E88 | M10: =IF(K10=L10,"/") | N10: ='Monthly Electricity (Overview)'!J88 | O10: ='Monthly Electricity (Overview)'!J88 | P10: =IF(N10=O10,"/") | Q10: ='Monthly Electricity (Overview)'!K88 | R10: ='Monthly Electricity (Overview)'!K88 | S10: =IF(Q10=R10,"/") | V10: =IF(T10=U10,"/") | W10: ='Monthly Electricity (Overview)'!L88 | X10: ='Monthly Electricity (Overview)'!L88 | Y10: =IF(W10=X10,"/") | Z10: 55029 | AA10: ='Monthly Electricity (Overview)'!X88+'Monthly Electricity (Overview)'!W88+'Monthly Electricity (Overview)'!AC88 | AB10: =SUM('Monthly Electricity (Overview)'!U88:X88)+'Monthly Electricity (Overview)'!AC88 | AC10: =IF(AA10=AB10,"/") | AD10: ='Monthly Electricity (Overview)'!Y88 | AE10: ='Monthly Electricity (Overview)'!Y88 | AF10: =IF(AD10=AE10,"/") | AG10: =SUM(B10,E10,H10,K10,N10,Q10,W10,AA10,AD10,Z10) | AH10: =SUM(B10,E10,H10,K10,N10,Q10,W10,AA10,AD10) | AI10: =SUM(C10,F10,I10,L10,O10,R10,U10,X10,AB10, AE10) | AJ10: =IF(AH10=AI10,"/") | AK10: =AH10-AI10
A11: 44287 | B11: ='Monthly Electricity (Overview)'!B89-'Monthly Electricity (Overview)'!E89-SUM('Monthly Electricity (Overview)'!I89:N89)-SUM('Monthly Electricity (Overview)'!X89:Y89)+'Monthly Electricity (Overview)'!AD89 | C11: ='Monthly Electricity (Overview)'!B89-'Monthly Electricity (Overview)'!E89-SUM('Monthly Electricity (Overview)'!I89:N89)-SUM('Monthly Electricity (Overview)'!T89:Y89) | D11: =IF(B11=C11,"/") | E11: ='Monthly Electricity (Overview)'!I89 | F11: ='Monthly Electricity (Overview)'!I89 | G11: =IF(E11=F11,"/") | H11: ='Monthly Electricity (Overview)'!N89 | I11: ='Monthly Electricity (Overview)'!N89 | J11: =IF(H11=I11,"/") | K11: ='Monthly Electricity (Overview)'!E89 | L11: ='Monthly Electricity (Overview)'!E89 | M11: =IF(K11=L11,"/") | N11: ='Monthly Electricity (Overview)'!J89 | O11: ='Monthly Electricity (Overview)'!J89 | P11: =IF(N11=O11,"/") | Q11: ='Monthly Electricity (Overview)'!K89 | R11: ='Monthly Electricity (Overview)'!K89 | S11: =IF(Q11=R11,"/") | V11: =IF(T11=U11,"/") | W11: ='Monthly Electricity (Overview)'!L89 | X11: ='Monthly Electricity (Overview)'!L89 | Y11: =IF(W11=X11,"/") | Z11: 62537 | AA11: ='Monthly Electricity (Overview)'!X89+'Monthly Electricity (Overview)'!W89+'Monthly Electricity (Overview)'!AC89 | AB11: =SUM('Monthly Electricity (Overview)'!U89:X89)+'Monthly Electricity (Overview)'!AC89 | AC11: =IF(AA11=AB11,"/") | AD11: ='Monthly Electricity (Overview)'!Y89 | AE11: ='Monthly Electricity (Overview)'!Y89 | AF11: =IF(AD11=AE11,"/") | AG11: =SUM(B11,E11,H11,K11,N11,Q11,W11,AA11,AD11,Z11) | AH11: =SUM(B11,E11,H11,K11,N11,Q11,W11,AA11,AD11) | AI11: =SUM(C11,F11,I11,L11,O11,R11,U11,X11,AB11, AE11) | AJ11: =IF(AH11=AI11,"/") | AK11: =AH11-AI11
A12: 44317 | B12: ='Monthly Electricity (Overview)'!B90-'Monthly Electricity (Overview)'!E90-SUM('Monthly Electricity (Overview)'!I90:N90)-SUM('Monthly Electricity (Overview)'!X90:Y90)+'Monthly Electricity (Overview)'!AD90 | C12: ='Monthly Electricity (Overview)'!B90-'Monthly Electricity (Overview)'!E90-SUM('Monthly Electricity (Overview)'!I90:N90)-SUM('Monthly Electricity (Overview)'!T90:Y90) | D12: =IF(B12=C12,"/") | E12: ='Monthly Electricity (Overview)'!I90 | F12: ='Monthly Electricity (Overview)'!I90 | G12: =IF(E12=F12,"/") | H12: ='Monthly Electricity (Overview)'!N90 | I12: ='Monthly Electricity (Overview)'!N90 | J12: =IF(H12=I12,"/") | K12: ='Monthly Electricity (Overview)'!E90 | L12: ='Monthly Electricity (Overview)'!E90 | M12: =IF(K12=L12,"/") | N12: ='Monthly Electricity (Overview)'!J90 | O12: ='Monthly Electricity (Overview)'!J90 | P12: =IF(N12=O12,"/") | Q12: ='Monthly Electricity (Overview)'!K90 | R12: ='Monthly Electricity (Overview)'!K90 | S12: =IF(Q12=R12,"/") | V12: =IF(T12=U12,"/") | W12: ='Monthly Electricity (Overview)'!L90 | X12: ='Monthly Electricity (Overview)'!L90 | Y12: =IF(W12=X12,"/") | Z12: 84771 | AA12: ='Monthly Electricity (Overview)'!X90+'Monthly Electricity (Overview)'!W90+'Monthly Electricity (Overview)'!AC90 | AB12: =SUM('Monthly Electricity (Overview)'!U90:X90)+'Monthly Electricity (Overview)'!AC90 | AC12: =IF(AA12=AB12,"/") | AD12: ='Monthly Electricity (Overview)'!Y90 | AE12: ='Monthly Electricity (Overview)'!Y90 | AF12: =IF(AD12=AE12,"/") | AG12: =SUM(B12,E12,H12,K12,N12,Q12,W12,AA12,AD12,Z12) | AH12: =SUM(B12,E12,H12,K12,N12,Q12,W12,AA12,AD12) | AI12: =SUM(C12,F12,I12,L12,O12,R12,U12,X12,AB12, AE12) | AJ12: =IF(AH12=AI12,"/") | AK12: =AH12-AI12
A13: 44348 | B13: ='Monthly Electricity (Overview)'!B91-'Monthly Electricity (Overview)'!E91-SUM('Monthly Electricity (Overview)'!I91:N91)-SUM('Monthly Electricity (Overview)'!X91:Y91)+'Monthly Electricity (Overview)'!AD91 | C13: ='Monthly Electricity (Overview)'!B91-'Monthly Electricity (Overview)'!E91-SUM('Monthly Electricity (Overview)'!I91:N91)-SUM('Monthly Electricity (Overview)'!T91:Y91) | D13: =IF(B13=C13,"/") | E13: ='Monthly Electricity (Overview)'!I91 | F13: ='Monthly Electricity (Overview)'!I91 | G13: =IF(E13=F13,"/") | H13: ='Monthly Electricity (Overview)'!N91 | I13: ='Monthly Electricity (Overview)'!N91 | J13: =IF(H13=I13,"/") | K13: ='Monthly Electricity (Overview)'!E91 | L13: ='Monthly Electricity (Overview)'!E91 | M13: =IF(K13=L13,"/") | N13: ='Monthly Electricity (Overview)'!J91 | O13: ='Monthly Electricity (Overview)'!J91 | P13: =IF(N13=O13,"/") | Q13: ='Monthly Electricity (Overview)'!K91 | R13: ='Monthly Electricity (Overview)'!K91 | S13: =IF(Q13=R13,"/") | V13: =IF(T13=U13,"/") | W13: ='Monthly Electricity (Overview)'!L91 | X13: ='Monthly Electricity (Overview)'!L91 | Y13: =IF(W13=X13,"/") | Z13: 90161 | AA13: ='Monthly Electricity (Overview)'!X91+'Monthly Electricity (Overview)'!W91+'Monthly Electricity (Overview)'!AC91 | AB13: =SUM('Monthly Electricity (Overview)'!U91:X91)+'Monthly Electricity (Overview)'!AC91 | AC13: =IF(AA13=AB13,"/") | AD13: ='Monthly Electricity (Overview)'!Y91 | AE13: ='Monthly Electricity (Overview)'!Y91 | AF13: =IF(AD13=AE13,"/") | AG13: =SUM(B13,E13,H13,K13,N13,Q13,W13,AA13,AD13,Z13) | AH13: =SUM(B13,E13,H13,K13,N13,Q13,W13,AA13,AD13) | AI13: =SUM(C13,F13,I13,L13,O13,R13,U13,X13,AB13, AE13) | AJ13: =IF(AH13=AI13,"/") | AK13: =AH13-AI13
A14: 44378 | B14: ='Monthly Electricity (Overview)'!B92-'Monthly Electricity (Overview)'!E92-SUM('Monthly Electricity (Overview)'!I92:N92)-SUM('Monthly Electricity (Overview)'!X92:Y92)+'Monthly Electricity (Overview)'!AD92 | C14: ='Monthly Electricity (Overview)'!B92-'Monthly Electricity (Overview)'!E92-SUM('Monthly Electricity (Overview)'!I92:N92)-SUM('Monthly Electricity (Overview)'!T92:Y92) | D14: =IF(B14=C14,"/") | E14: ='Monthly Electricity (Overview)'!I92 | F14: ='Monthly Electricity (Overview)'!I92 | G14: =IF(E14=F14,"/") | H14: ='Monthly Electricity (Overview)'!N92 | I14: ='Monthly Electricity (Overview)'!N92 | J14: =IF(H14=I14,"/") | K14: ='Monthly Electricity (Overview)'!E92 | L14: ='Monthly Electricity (Overview)'!E92 | M14: =IF(K14=L14,"/") | N14: ='Monthly Electricity (Overview)'!J92 | O14: ='Monthly Electricity (Overview)'!J92 | P14: =IF(N14=O14,"/") | Q14: ='Monthly Electricity (Overview)'!K92 | R14: ='Monthly Electricity (Overview)'!K92 | S14: =IF(Q14=R14,"/") | V14: =IF(T14=U14,"/") | W14: ='Monthly Electricity (Overview)'!L92 | X14: ='Monthly Electricity (Overview)'!L92 | Y14: =IF(W14=X14,"/") | Z14: 91635 | AA14: ='Monthly Electricity (Overview)'!X92+'Monthly Electricity (Overview)'!W92+'Monthly Electricity (Overview)'!AC92 | AB14: =SUM('Monthly Electricity (Overview)'!U92:X92)+'Monthly Electricity (Overview)'!AC92 | AC14: =IF(AA14=AB14,"/") | AD14: ='Monthly Electricity (Overview)'!Y92 | AE14: ='Monthly Electricity (Overview)'!Y92 | AF14: =IF(AD14=AE14,"/") | AG14: =SUM(B14,E14,H14,K14,N14,Q14,W14,AA14,AD14,Z14) | AH14: =SUM(B14,E14,H14,K14,N14,Q14,W14,AA14,AD14) | AI14: =SUM(C14,F14,I14,L14,O14,R14,U14,X14,AB14, AE14) | AJ14: =IF(AH14=AI14,"/") | AK14: =AH14-AI14
... A49: 45444 | B49: ='Monthly Electricity (Overview)'!B127-'Monthly Electricity (Overview)'!E127-SUM('Monthly Electricity (Overview)'!I127:N127)-SUM('Monthly Electricity (Overview)'!X127:Y127)+'Monthly Electricity (Overview)'!AD127 | C49: ='Monthly Electricity (Overview)'!B127-'Monthly Electricity (Overview)'!E127-SUM('Monthly Electricity (Overview)'!I127:N127)-SUM('Monthly Electricity (Overview)'!T127:Y127) | D49: =IF(B49=C49,"/") | E49: ='Monthly Electricity (Overview)'!I127 | F49: ='Monthly Electricity (Overview)'!I127 | G49: =IF(E49=F49,"/") | H49: ='Monthly Electricity (Overview)'!N127 | I49: ='Monthly Electricity (Overview)'!N127 | J49: =IF(H49=I49,"/") | K49: ='Monthly Electricity (Overview)'!E127 | L49: ='Monthly Electricity (Overview)'!E127 | M49: =IF(K49=L49,"/") | N49: ='Monthly Electricity (Overview)'!J127 | O49: ='Monthly Electricity (Overview)'!J127 | P49: =IF(N49=O49,"/") | Q49: ='Monthly Electricity (Overview)'!K127 | R49: ='Monthly Electricity (Overview)'!K127 | S49: =IF(Q49=R49,"/") | V49: =IF(T49=U49,"/") | W49: ='Monthly Electricity (Overview)'!L127 | X49: ='Monthly Electricity (Overview)'!L127 | Y49: =IF(W49=X49,"/") | Z49: 89300 | AA49: ='Monthly Electricity (Overview)'!X127+'Monthly Electricity (Overview)'!W127+'Monthly Electricity (Overview)'!AC127 | AB49: =SUM('Monthly Electricity (Overview)'!U127:X127)+'Monthly Electricity (Overview)'!AC127 | AC49: =IF(AA49=AB49,"/") | AD49: ='Monthly Electricity (Overview)'!Y127 | AE49: ='Monthly Electricity (Overview)'!Y127 | AF49: =IF(AD49=AE49,"/") | AG49: =SUM(B49,E49,H49,K49,N49,Q49,W49,AA49,AD49,Z49) | AH49: =SUM(B49,E49,H49,K49,N49,Q49,W49,AA49,AD49) | AI49: =SUM(C49,F49,I49,L49,O49,R49,U49,X49,AB49, AE49) | AJ49: =IF(AH49=AI49,"/") | AK49: =AH49-AI49
A50: 45474 | B50: ='Monthly Electricity (Overview)'!B128-'Monthly Electricity (Overview)'!E128-SUM('Monthly Electricity (Overview)'!I128:L128)-'Monthly Electricity (Overview)'!N128-SUM('Monthly Electricity (Overview)'!W128:Y128) | C50: ='Monthly Electricity (Overview)'!B128-'Monthly Electricity (Overview)'!E128-SUM('Monthly Electricity (Overview)'!I128:N128)-SUM('Monthly Electricity (Overview)'!T128:Y128) | D50: =IF(B50=C50,"/") | E50: ='Monthly Electricity (Overview)'!I128 | F50: ='Monthly Electricity (Overview)'!I128 | G50: =IF(E50=F50,"/") | H50: ='Monthly Electricity (Overview)'!N128 | I50: ='Monthly Electricity (Overview)'!N128 | J50: =IF(H50=I50,"/") | K50: ='Monthly Electricity (Overview)'!E128 | L50: ='Monthly Electricity (Overview)'!E128 | M50: =IF(K50=L50,"/") | N50: ='Monthly Electricity (Overview)'!J128 | O50: ='Monthly Electricity (Overview)'!J128 | P50: =IF(N50=O50,"/") | Q50: ='Monthly Electricity (Overview)'!K128 | R50: ='Monthly Electricity (Overview)'!K128 | S50: =IF(Q50=R50,"/") | V50: =IF(T50=U50,"/") | W50: ='Monthly Electricity (Overview)'!L128 | X50: ='Monthly Electricity (Overview)'!L128 | Y50: =IF(W50=X50,"/") | Z50: 96675 | AA50: ='Monthly Electricity (Overview)'!X128+'Monthly Electricity (Overview)'!W128+'Monthly Electricity (Overview)'!AC128 | AB50: =SUM('Monthly Electricity (Overview)'!U128:X128)+'Monthly Electricity (Overview)'!AC128 | AC50: =IF(AA50=AB50,"/") | AD50: ='Monthly Electricity (Overview)'!Y128 | AE50: ='Monthly Electricity (Overview)'!Y128 | AF50: =IF(AD50=AE50,"/") | AG50: =SUM(B50,E50,H50,K50,N50,Q50,W50,AA50,AD50,Z50) | AH50: =SUM(B50,E50,H50,K50,N50,Q50,W50,AA50,AD50) | AI50: =SUM(C50,F50,I50,L50,O50,R50,U50,X50,AB50, AE50) | AJ50: =IF(AH50=AI50,"/") | AK50: =AH50-AI50
A51: 45505 | B51: ='Monthly Electricity (Overview)'!B129-'Monthly Electricity (Overview)'!E129-SUM('Monthly Electricity (Overview)'!I129:L129)-'Monthly Electricity (Overview)'!N129-SUM('Monthly Electricity (Overview)'!W129:Y129) | C51: ='Monthly Electricity (Overview)'!B129-'Monthly Electricity (Overview)'!E129-SUM('Monthly Electricity (Overview)'!I129:N129)-SUM('Monthly Electricity (Overview)'!T129:Y129) | D51: =IF(B51=C51,"/") | E51: ='Monthly Electricity (Overview)'!I129 | F51: ='Monthly Electricity (Overview)'!I129 | G51: =IF(E51=F51,"/") | H51: ='Monthly Electricity (Overview)'!N129 | I51: ='Monthly Electricity (Overview)'!N129 | J51: =IF(H51=I51,"/") | K51: ='Monthly Electricity (Overview)'!E129 | L51: ='Monthly Electricity (Overview)'!E129 | M51: =IF(K51=L51,"/") | N51: ='Monthly Electricity (Overview)'!J129 | O51: ='Monthly Electricity (Overview)'!J129 | P51: =IF(N51=O51,"/") | Q51: ='Monthly Electricity (Overview)'!K129 | R51: ='Monthly Electricity (Overview)'!K129 | S51: =IF(Q51=R51,"/") | V51: =IF(T51=U51,"/") | W51: ='Monthly Electricity (Overview)'!L129 | X51: ='Monthly Electricity (Overview)'!L129 | Y51: =IF(W51=X51,"/") | Z51: 102262 | AA51: ='Monthly Electricity (Overview)'!X129+'Monthly Electricity (Overview)'!W129+'Monthly Electricity (Overview)'!AC129 | AB51: =SUM('Monthly Electricity (Overview)'!U129:X129)+'Monthly Electricity (Overview)'!AC129 | AC51: =IF(AA51=AB51,"/") | AD51: ='Monthly Electricity (Overview)'!Y129 | AE51: ='Monthly Electricity (Overview)'!Y129 | AF51: =IF(AD51=AE51,"/") | AG51: =SUM(B51,E51,H51,K51,N51,Q51,W51,AA51,AD51,Z51) | AH51: =SUM(B51,E51,H51,K51,N51,Q51,W51,AA51,AD51) | AI51: =SUM(C51,F51,I51,L51,O51,R51,U51,X51,AB51, AE51) | AJ51: =IF(AH51=AI51,"/") | AK51: =AH51-AI51
A52: 45536 | B52: ='Monthly Electricity (Overview)'!B130-'Monthly Electricity (Overview)'!E130-SUM('Monthly Electricity (Overview)'!I130:L130)-'Monthly Electricity (Overview)'!N130-SUM('Monthly Electricity (Overview)'!W130:Y130) | C52: ='Monthly Electricity (Overview)'!B130-'Monthly Electricity (Overview)'!E130-SUM('Monthly Electricity (Overview)'!I130:N130)-SUM('Monthly Electricity (Overview)'!T130:Y130) | D52: =IF(B52=C52,"/") | E52: ='Monthly Electricity (Overview)'!I130 | F52: ='Monthly Electricity (Overview)'!I130 | G52: =IF(E52=F52,"/") | H52: ='Monthly Electricity (Overview)'!N130 | I52: ='Monthly Electricity (Overview)'!N130 | J52: =IF(H52=I52,"/") | K52: ='Monthly Electricity (Overview)'!E130 | L52: ='Monthly Electricity (Overview)'!E130 | M52: =IF(K52=L52,"/") | N52: ='Monthly Electricity (Overview)'!J130 | O52: ='Monthly Electricity (Overview)'!J130 | P52: =IF(N52=O52,"/") | Q52: ='Monthly Electricity (Overview)'!K130 | R52: ='Monthly Electricity (Overview)'!K130 | S52: =IF(Q52=R52,"/") | V52: =IF(T52=U52,"/") | W52: ='Monthly Electricity (Overview)'!L130 | X52: ='Monthly Electricity (Overview)'!L130 | Y52: =IF(W52=X52,"/") | Z52: 94188 | AA52: ='Monthly Electricity (Overview)'!X130+'Monthly Electricity (Overview)'!W130+'Monthly Electricity (Overview)'!AC130 | AB52: =SUM('Monthly Electricity (Overview)'!U130:X130)+'Monthly Electricity (Overview)'!AC130 | AC52: =IF(AA52=AB52,"/") | AD52: ='Monthly Electricity (Overview)'!Y130 | AE52: ='Monthly Electricity (Overview)'!Y130 | AF52: =IF(AD52=AE52,"/") | AG52: =SUM(B52,E52,H52,K52,N52,Q52,W52,AA52,AD52,Z52) | AH52: =SUM(B52,E52,H52,K52,N52,Q52,W52,AA52,AD52) | AI52: =SUM(C52,F52,I52,L52,O52,R52,U52,X52,AB52, AE52) | AJ52: =IF(AH52=AI52,"/") | AK52: =AH52-AI52
A53: 45566 | B53: ='Monthly Electricity (Overview)'!B131-'Monthly Electricity (Overview)'!E131-SUM('Monthly Electricity (Overview)'!I131:L131)-'Monthly Electricity (Overview)'!N131-SUM('Monthly Electricity (Overview)'!W131:Y131) | C53: ='Monthly Electricity (Overview)'!B131-'Monthly Electricity (Overview)'!E131-SUM('Monthly Electricity (Overview)'!I131:N131)-SUM('Monthly Electricity (Overview)'!T131:Y131) | D53: =IF(B53=C53,"/") | E53: ='Monthly Electricity (Overview)'!I131 | F53: ='Monthly Electricity (Overview)'!I131 | G53: =IF(E53=F53,"/") | H53: ='Monthly Electricity (Overview)'!N131 | I53: ='Monthly Electricity (Overview)'!N131 | J53: =IF(H53=I53,"/") | K53: ='Monthly Electricity (Overview)'!E131 | L53: ='Monthly Electricity (Overview)'!E131 | M53: =IF(K53=L53,"/") | N53: ='Monthly Electricity (Overview)'!J131 | O53: ='Monthly Electricity (Overview)'!J131 | P53: =IF(N53=O53,"/") | Q53: ='Monthly Electricity (Overview)'!K131 | R53: ='Monthly Electricity (Overview)'!K131 | S53: =IF(Q53=R53,"/") | V53: =IF(T53=U53,"/") | W53: ='Monthly Electricity (Overview)'!L131 | X53: ='Monthly Electricity (Overview)'!L131 | Y53: =IF(W53=X53,"/") | Z53: 74174 | AA53: ='Monthly Electricity (Overview)'!X131+'Monthly Electricity (Overview)'!W131+'Monthly Electricity (Overview)'!AC131 | AB53: =SUM('Monthly Electricity (Overview)'!U131:X131)+'Monthly Electricity (Overview)'!AC131 | AC53: =IF(AA53=AB53,"/") | AD53: ='Monthly Electricity (Overview)'!Y131 | AE53: ='Monthly Electricity (Overview)'!Y131 | AF53: =IF(AD53=AE53,"/") | AG53: =SUM(B53,E53,H53,K53,N53,Q53,W53,AA53,AD53,Z53) | AH53: =SUM(B53,E53,H53,K53,N53,Q53,W53,AA53,AD53) | AI53: =SUM(C53,F53,I53,L53,O53,R53,U53,X53,AB53, AE53) | AJ53: =IF(AH53=AI53,"/") | AK53: =AH53-AI53
A54: 45597 | B54: ='Monthly Electricity (Overview)'!B132-'Monthly Electricity (Overview)'!E132-SUM('Monthly Electricity (Overview)'!I132:L132)-'Monthly Electricity (Overview)'!N132-SUM('Monthly Electricity (Overview)'!W132:Y132) | C54: ='Monthly Electricity (Overview)'!B132-'Monthly Electricity (Overview)'!E132-SUM('Monthly Electricity (Overview)'!I132:N132)-SUM('Monthly Electricity (Overview)'!T132:Y132) | D54: =IF(B54=C54,"/") | E54: ='Monthly Electricity (Overview)'!I132 | F54: ='Monthly Electricity (Overview)'!I132 | G54: =IF(E54=F54,"/") | H54: ='Monthly Electricity (Overview)'!N132 | I54: ='Monthly Electricity (Overview)'!N132 | J54: =IF(H54=I54,"/") | K54: ='Monthly Electricity (Overview)'!E132 | L54: ='Monthly Electricity (Overview)'!E132 | M54: =IF(K54=L54,"/") | N54: ='Monthly Electricity (Overview)'!J132 | O54: ='Monthly Electricity (Overview)'!J132 | P54: =IF(N54=O54,"/") | Q54: ='Monthly Electricity (Overview)'!K132 | R54: ='Monthly Electricity (Overview)'!K132 | S54: =IF(Q54=R54,"/") | V54: =IF(T54=U54,"/") | W54: ='Monthly Electricity (Overview)'!L132 | X54: ='Monthly Electricity (Overview)'!L132 | Y54: =IF(W54=X54,"/") | Z54: 69509 | AA54: ='Monthly Electricity (Overview)'!X132+'Monthly Electricity (Overview)'!W132+'Monthly Electricity (Overview)'!AC132 | AB54: =SUM('Monthly Electricity (Overview)'!U132:X132)+'Monthly Electricity (Overview)'!AC132 | AC54: =IF(AA54=AB54,"/") | AD54: ='Monthly Electricity (Overview)'!Y132 | AE54: ='Monthly Electricity (Overview)'!Y132 | AF54: =IF(AD54=AE54,"/") | AG54: =SUM(B54,E54,H54,K54,N54,Q54,W54,AA54,AD54,Z54) | AH54: =SUM(B54,E54,H54,K54,N54,Q54,W54,AA54,AD54) | AI54: =SUM(C54,F54,I54,L54,O54,R54,U54,X54,AB54, AE54) | AJ54: =IF(AH54=AI54,"/") | AK54: =AH54-AI54
A55: 45627 | B55: ='Monthly Electricity (Overview)'!B133-'Monthly Electricity (Overview)'!E133-SUM('Monthly Electricity (Overview)'!I133:L133)-'Monthly Electricity (Overview)'!N133-SUM('Monthly Electricity (Overview)'!W133:Y133) | C55: ='Monthly Electricity (Overview)'!B133-'Monthly Electricity (Overview)'!E133-SUM('Monthly Electricity (Overview)'!I133:N133)-SUM('Monthly Electricity (Overview)'!T133:Y133) | D55: =IF(B55=C55,"/") | E55: ='Monthly Electricity (Overview)'!I133 | F55: ='Monthly Electricity (Overview)'!I133 | G55: =IF(E55=F55,"/") | H55: ='Monthly Electricity (Overview)'!N133 | I55: ='Monthly Electricity (Overview)'!N133 | J55: =IF(H55=I55,"/") | K55: ='Monthly Electricity (Overview)'!E133 | L55: ='Monthly Electricity (Overview)'!E133 | M55: =IF(K55=L55,"/") | N55: ='Monthly Electricity (Overview)'!J133 | O55: ='Monthly Electricity (Overview)'!J133 | P55: =IF(N55=O55,"/") | Q55: ='Monthly Electricity (Overview)'!K133 | R55: ='Monthly Electricity (Overview)'!K133 | S55: =IF(Q55=R55,"/") | V55: =IF(T55=U55,"/") | W55: ='Monthly Electricity (Overview)'!L133 | X55: ='Monthly Electricity (Overview)'!L133 | Y55: =IF(W55=X55,"/") | Z55: 42277 | AA55: ='Monthly Electricity (Overview)'!X133+'Monthly Electricity (Overview)'!W133+'Monthly Electricity (Overview)'!AC133 | AB55: =SUM('Monthly Electricity (Overview)'!U133:X133)+'Monthly Electricity (Overview)'!AC133 | AC55: =IF(AA55=AB55,"/") | AD55: ='Monthly Electricity (Overview)'!Y133 | AE55: ='Monthly Electricity (Overview)'!Y133 | AF55: =IF(AD55=AE55,"/") | AG55: =SUM(B55,E55,H55,K55,N55,Q55,W55,AA55,AD55,Z55) | AH55: =SUM(B55,E55,H55,K55,N55,Q55,W55,AA55,AD55) | AI55: =SUM(C55,F55,I55,L55,O55,R55,U55,X55,AB55, AE55) | AJ55: =IF(AH55=AI55,"/") | AK55: =AH55-AI55
A56: 45658 | B56: ='Monthly Electricity (Overview)'!B134-'Monthly Electricity (Overview)'!E134-SUM('Monthly Electricity (Overview)'!I134:L134)-'Monthly Electricity (Overview)'!N134-SUM('Monthly Electricity (Overview)'!W134:Y134) | C56: ='Monthly Electricity (Overview)'!B134-'Monthly Electricity (Overview)'!E134-SUM('Monthly Electricity (Overview)'!I134:N134)-SUM('Monthly Electricity (Overview)'!T134:Y134) | D56: =IF(B56=C56,"/") | E56: ='Monthly Electricity (Overview)'!I134 | F56: ='Monthly Electricity (Overview)'!I134 | G56: =IF(E56=F56,"/") | H56: ='Monthly Electricity (Overview)'!N134 | I56: ='Monthly Electricity (Overview)'!N134 | J56: =IF(H56=I56,"/") | K56: ='Monthly Electricity (Overview)'!E134 | L56: ='Monthly Electricity (Overview)'!E134 | M56: =IF(K56=L56,"/") | N56: ='Monthly Electricity (Overview)'!J134 | O56: ='Monthly Electricity (Overview)'!J134 | P56: =IF(N56=O56,"/") | Q56: ='Monthly Electricity (Overview)'!K134 | R56: ='Monthly Electricity (Overview)'!K134 | S56: =IF(Q56=R56,"/") | V56: =IF(T56=U56,"/") | W56: ='Monthly Electricity (Overview)'!L134 | X56: ='Monthly Electricity (Overview)'!L134 | Y56: =IF(W56=X56,"/") | Z56: 42652 | AA56: ='Monthly Electricity (Overview)'!X134+'Monthly Electricity (Overview)'!W134+'Monthly Electricity (Overview)'!AC134 | AB56: =SUM('Monthly Electricity (Overview)'!U134:X134)+'Monthly Electricity (Overview)'!AC134 | AC56: =IF(AA56=AB56,"/") | AD56: ='Monthly Electricity (Overview)'!Y134 | AE56: ='Monthly Electricity (Overview)'!Y134 | AF56: =IF(AD56=AE56,"/") | AG56: =SUM(B56,E56,H56,K56,N56,Q56,W56,AA56,AD56,Z56) | AH56: =SUM(B56,E56,H56,K56,N56,Q56,W56,AA56,AD56) | AI56: =SUM(C56,F56,I56,L56,O56,R56,U56,X56,AB56, AE56) | AJ56: =IF(AH56=AI56,"/") | AK56: =AH56-AI56
A57: 45689 | B57: ='Monthly Electricity (Overview)'!B135-'Monthly Electricity (Overview)'!E135-SUM('Monthly Electricity (Overview)'!I135:L135)-'Monthly Electricity (Overview)'!N135-SUM('Monthly Electricity (Overview)'!W135:Y135) | C57: ='Monthly Electricity (Overview)'!B135-'Monthly Electricity (Overview)'!E135-SUM('Monthly Electricity (Overview)'!I135:N135)-SUM('Monthly Electricity (Overview)'!T135:Y135) | D57: =IF(B57=C57,"/") | E57: ='Monthly Electricity (Overview)'!I135 | F57: ='Monthly Electricity (Overview)'!I135 | G57: =IF(E57=F57,"/") | H57: ='Monthly Electricity (Overview)'!N135 | I57: ='Monthly Electricity (Overview)'!N135 | J57: =IF(H57=I57,"/") | K57: ='Monthly Electricity (Overview)'!E135 | L57: ='Monthly Electricity (Overview)'!E135 | M57: =IF(K57=L57,"/") | N57: ='Monthly Electricity (Overview)'!J135 | O57: ='Monthly Electricity (Overview)'!J135 | P57: =IF(N57=O57,"/") | Q57: ='Monthly Electricity (Overview)'!K135 | R57: ='Monthly Electricity (Overview)'!K135 | S57: =IF(Q57=R57,"/") | V57: =IF(T57=U57,"/") | W57: ='Monthly Electricity (Overview)'!L135 | X57: ='Monthly Electricity (Overview)'!L135 | Y57: =IF(W57=X57,"/") | Z57: 46317 | AA57: ='Monthly Electricity (Overview)'!X135+'Monthly Electricity (Overview)'!W135+'Monthly Electricity (Overview)'!AC135 | AB57: =SUM('Monthly Electricity (Overview)'!U135:X135)+'Monthly Electricity (Overview)'!AC135 | AC57: =IF(AA57=AB57,"/") | AD57: ='Monthly Electricity (Overview)'!Y135 | AE57: ='Monthly Electricity (Overview)'!Y135 | AF57: =IF(AD57=AE57,"/") | AG57: =SUM(B57,E57,H57,K57,N57,Q57,W57,AA57,AD57,Z57) | AH57: =SUM(B57,E57,H57,K57,N57,Q57,W57,AA57,AD57) | AI57: =SUM(C57,F57,I57,L57,O57,R57,U57,X57,AB57, AE57) | AJ57: =IF(AH57=AI57,"/") | AK57: =AH57-AI57
A58: 45717 | B58: ='Monthly Electricity (Overview)'!B136-'Monthly Electricity (Overview)'!E136-SUM('Monthly Electricity (Overview)'!I136:L136)-'Monthly Electricity (Overview)'!N136-SUM('Monthly Electricity (Overview)'!W136:Y136) | C58: ='Monthly Electricity (Overview)'!B136-'Monthly Electricity (Overview)'!E136-SUM('Monthly Electricity (Overview)'!I136:N136)-SUM('Monthly Electricity (Overview)'!T136:Y136) | D58: =IF(B58=C58,"/") | E58: ='Monthly Electricity (Overview)'!I136 | F58: ='Monthly Electricity (Overview)'!I136 | G58: =IF(E58=F58,"/") | H58: ='Monthly Electricity (Overview)'!N136 | I58: ='Monthly Electricity (Overview)'!N136 | J58: =IF(H58=I58,"/") | K58: ='Monthly Electricity (Overview)'!E136 | L58: ='Monthly Electricity (Overview)'!E136 | M58: =IF(K58=L58,"/") | N58: ='Monthly Electricity (Overview)'!J136 | O58: ='Monthly Electricity (Overview)'!J136 | P58: =IF(N58=O58,"/") | Q58: ='Monthly Electricity (Overview)'!K136 | R58: ='Monthly Electricity (Overview)'!K136 | S58: =IF(Q58=R58,"/") | V58: =IF(T58=U58,"/") | W58: ='Monthly Electricity (Overview)'!L136 | X58: ='Monthly Electricity (Overview)'!L136 | Y58: =IF(W58=X58,"/") | Z58: 40747 | AA58: ='Monthly Electricity (Overview)'!X136+'Monthly Electricity (Overview)'!W136+'Monthly Electricity (Overview)'!AC136 | AB58: =SUM('Monthly Electricity (Overview)'!U136:X136)+'Monthly Electricity (Overview)'!AC136 | AC58: =IF(AA58=AB58,"/") | AD58: ='Monthly Electricity (Overview)'!Y136 | AE58: ='Monthly Electricity (Overview)'!Y136 | AF58: =IF(AD58=AE58,"/") | AG58: =SUM(B58,E58,H58,K58,N58,Q58,W58,AA58,AD58,Z58) | AH58: =SUM(B58,E58,H58,K58,N58,Q58,W58,AA58,AD58) | AI58: =SUM(C58,F58,I58,L58,O58,R58,U58,X58,AB58, AE58) | AJ58: =IF(AH58=AI58,"/") | AK58: =AH58-AI58
A59: 45748 | B59: ='Monthly Electricity (Overview)'!B137-'Monthly Electricity (Overview)'!E137-SUM('Monthly Electricity (Overview)'!I137:L137)-'Monthly Electricity (Overview)'!N137-SUM('Monthly Electricity (Overview)'!W137:Y137) | C59: ='Monthly Electricity (Overview)'!B137-'Monthly Electricity (Overview)'!E137-SUM('Monthly Electricity (Overview)'!I137:N137)-SUM('Monthly Electricity (Overview)'!T137:Y137) | D59: =IF(B59=C59,"/") | E59: ='Monthly Electricity (Overview)'!I137 | F59: ='Monthly Electricity (Overview)'!I137 | G59: =IF(E59=F59,"/") | H59: ='Monthly Electricity (Overview)'!N137 | I59: ='Monthly Electricity (Overview)'!N137 | J59: =IF(H59=I59,"/") | K59: ='Monthly Electricity (Overview)'!E137 | L59: ='Monthly Electricity (Overview)'!E137 | M59: =IF(K59=L59,"/") | N59: ='Monthly Electricity (Overview)'!J137 | O59: ='Monthly Electricity (Overview)'!J137 | P59: =IF(N59=O59,"/") | Q59: ='Monthly Electricity (Overview)'!K137 | R59: ='Monthly Electricity (Overview)'!K137 | S59: =IF(Q59=R59,"/") | V59: =IF(T59=U59,"/") | W59: ='Monthly Electricity (Overview)'!L137 | X59: ='Monthly Electricity (Overview)'!L137 | Y59: =IF(W59=X59,"/") | Z59: 59308 | AA59: ='Monthly Electricity (Overview)'!X137+'Monthly Electricity (Overview)'!W137+'Monthly Electricity (Overview)'!AC137 | AB59: =SUM('Monthly Electricity (Overview)'!U137:X137)+'Monthly Electricity (Overview)'!AC137 | AC59: =IF(AA59=AB59,"/") | AD59: ='Monthly Electricity (Overview)'!Y137 | AE59: ='Monthly Electricity (Overview)'!Y137 | AF59: =IF(AD59=AE59,"/") | AG59: =SUM(B59,E59,H59,K59,N59,Q59,W59,AA59,AD59,Z59) | AH59: =SUM(B59,E59,H59,K59,N59,Q59,W59,AA59,AD59) | AI59: =SUM(C59,F59,I59,L59,O59,R59,U59,X59,AB59, AE59) | AJ59: =IF(AH59=AI59,"/") | AK59: =AH59-AI59
A60: 45778 | B60: ='Monthly Electricity (Overview)'!B138-'Monthly Electricity (Overview)'!E138-SUM('Monthly Electricity (Overview)'!I138:L138)-'Monthly Electricity (Overview)'!N138-SUM('Monthly Electricity (Overview)'!W138:Y138) | C60: ='Monthly Electricity (Overview)'!B138-'Monthly Electricity (Overview)'!E138-SUM('Monthly Electricity (Overview)'!I138:N138)-SUM('Monthly Electricity (Overview)'!T138:Y138) | D60: =IF(B60=C60,"/") | E60: ='Monthly Electricity (Overview)'!I138 | F60: ='Monthly Electricity (Overview)'!I138 | G60: =IF(E60=F60,"/") | H60: ='Monthly Electricity (Overview)'!N138 | I60: ='Monthly Electricity (Overview)'!N138 | J60: =IF(H60=I60,"/") | K60: ='Monthly Electricity (Overview)'!E138 | L60: ='Monthly Electricity (Overview)'!E138 | M60: =IF(K60=L60,"/") | N60: ='Monthly Electricity (Overview)'!J138 | O60: ='Monthly Electricity (Overview)'!J138 | P60: =IF(N60=O60,"/") | Q60: ='Monthly Electricity (Overview)'!K138 | R60: ='Monthly Electricity (Overview)'!K138 | S60: =IF(Q60=R60,"/") | V60: =IF(T60=U60,"/") | W60: ='Monthly Electricity (Overview)'!L138 | X60: ='Monthly Electricity (Overview)'!L138 | Y60: =IF(W60=X60,"/") | Z60: 69996 | AA60: ='Monthly Electricity (Overview)'!X138+'Monthly Electricity (Overview)'!W138+'Monthly Electricity (Overview)'!AC138 | AB60: =SUM('Monthly Electricity (Overview)'!U138:X138)+'Monthly Electricity (Overview)'!AC138 | AC60: =IF(AA60=AB60,"/") | AD60: ='Monthly Electricity (Overview)'!Y138 | AE60: ='Monthly Electricity (Overview)'!Y138 | AF60: =IF(AD60=AE60,"/") | AG60: =SUM(B60,E60,H60,K60,N60,Q60,W60,AA60,AD60,Z60) | AH60: =SUM(B60,E60,H60,K60,N60,Q60,W60,AA60,AD60) | AI60: =SUM(C60,F60,I60,L60,O60,R60,U60,X60,AB60, AE60) | AJ60: =IF(AH60=AI60,"/") | AK60: =AH60-AI60
A61: 45809 | B61: ='Monthly Electricity (Overview)'!C139+'Monthly Electricity (Overview)'!D139+'Monthly Electricity (Overview)'!F139+'Monthly Electricity (Overview)'!G139+'Monthly Electricity (Overview)'!H139+'Monthly Electricity (Overview)'!O139+'Monthly Electricity (Overview)'!P139+'Monthly Electricity (Overview)'!Q139 | C61: ='Monthly Electricity (Overview)'!B139-'Monthly Electricity (Overview)'!E139-SUM('Monthly Electricity (Overview)'!I139:N139)-SUM('Monthly Electricity (Overview)'!T139:Y139) | D61: =IF(B61=C61,"/") | E61: ='Monthly Electricity (Overview)'!I139 | F61: ='Monthly Electricity (Overview)'!I139 | G61: =IF(E61=F61,"/") | H61: ='Monthly Electricity (Overview)'!N139 | I61: ='Monthly Electricity (Overview)'!N139 | J61: =IF(H61=I61,"/") | K61: ='Monthly Electricity (Overview)'!E139 | L61: ='Monthly Electricity (Overview)'!E139 | M61: =IF(K61=L61,"/") | N61: ='Monthly Electricity (Overview)'!J139 | O61: ='Monthly Electricity (Overview)'!J139 | P61: =IF(N61=O61,"/") | Q61: ='Monthly Electricity (Overview)'!K139 | R61: ='Monthly Electricity (Overview)'!K139 | S61: =IF(Q61=R61,"/") | V61: =IF(T61=U61,"/") | W61: ='Monthly Electricity (Overview)'!L139 | X61: ='Monthly Electricity (Overview)'!L139 | Y61: =IF(W61=X61,"/") | Z61: 80365 | AA61: ='Monthly Electricity (Overview)'!X139+'Monthly Electricity (Overview)'!W139+'Monthly Electricity (Overview)'!AC139 | AB61: =SUM('Monthly Electricity (Overview)'!U139:X139)+'Monthly Electricity (Overview)'!AC139 | AC61: =IF(AA61=AB61,"/") | AD61: ='Monthly Electricity (Overview)'!Y139 | AE61: ='Monthly Electricity (Overview)'!Y139 | AF61: =IF(AD61=AE61,"/") | AG61: =SUM(B61,E61,H61,K61,N61,Q61,W61,AA61,AD61,Z61) | AH61: =SUM(B61,E61,H61,K61,N61,Q61,W61,AA61,AD61) | AI61: =SUM(C61,F61,I61,L61,O61,R61,U61,X61,AB61, AE61) | AJ61: =IF(AH61=AI61,"/") | AK61: =AH61-AI61
A62: 45839 | B62: ='Monthly Electricity (Overview)'!C140+'Monthly Electricity (Overview)'!D140+'Monthly Electricity (Overview)'!F140+'Monthly Electricity (Overview)'!G140+'Monthly Electricity (Overview)'!H140+'Monthly Electricity (Overview)'!O140+'Monthly Electricity (Overview)'!P140+'Monthly Electricity (Overview)'!Q140 | C62: ='Monthly Electricity (Overview)'!B140-'Monthly Electricity (Overview)'!E140-SUM('Monthly Electricity (Overview)'!I140:N140)-SUM('Monthly Electricity (Overview)'!T140:Y140) | D62: =IF(B62=C62,"/") | E62: ='Monthly Electricity (Overview)'!I140 | F62: ='Monthly Electricity (Overview)'!I140 | G62: =IF(E62=F62,"/") | H62: ='Monthly Electricity (Overview)'!N140 | I62: ='Monthly Electricity (Overview)'!N140 | J62: =IF(H62=I62,"/") | K62: ='Monthly Electricity (Overview)'!E140 | L62: ='Monthly Electricity (Overview)'!E140 | M62: =IF(K62=L62,"/") | N62: ='Monthly Electricity (Overview)'!J140 | O62: ='Monthly Electricity (Overview)'!J140 | P62: =IF(N62=O62,"/") | Q62: ='Monthly Electricity (Overview)'!K140 | R62: ='Monthly Electricity (Overview)'!K140 | S62: =IF(Q62=R62,"/") | T62: ='Monthly Electricity (Overview)'!T140 | U62: ='Monthly Electricity (Overview)'!T140 | V62: =IF(T62=U62,"/") | W62: ='Monthly Electricity (Overview)'!L140 | X62: ='Monthly Electricity (Overview)'!L140 | Y62: =IF(W62=X62,"/") | AA62: ='Monthly Electricity (Overview)'!X140+'Monthly Electricity (Overview)'!W140+'Monthly Electricity (Overview)'!AC140 | AB62: =SUM('Monthly Electricity (Overview)'!U140:X140)+'Monthly Electricity (Overview)'!AC140 | AC62: =IF(AA62=AB62,"/") | AD62: ='Monthly Electricity (Overview)'!Y140 | AE62: ='Monthly Electricity (Overview)'!Y140 | AF62: =IF(AD62=AE62,"/") | AG62: =SUM(B62,E62,H62,K62,N62,Q62,W62,AA62,AD62,Z62) | AH62: =SUM(B62,E62,H62,K62,N62,Q62,W62,AA62,AD62) | AI62: =SUM(C62,F62,I62,L62,O62,R62,U62,X62,AB62, AE62) | AJ62: =IF(AH62=AI62,"/") | AK62: =AH62-AI62
A63: 45870 | B63: ='Monthly Electricity (Overview)'!C141+'Monthly Electricity (Overview)'!D141+'Monthly Electricity (Overview)'!F141+'Monthly Electricity (Overview)'!G141+'Monthly Electricity (Overview)'!H141+'Monthly Electricity (Overview)'!O141+'Monthly Electricity (Overview)'!P141+'Monthly Electricity (Overview)'!Q141 | C63: ='Monthly Electricity (Overview)'!B141-'Monthly Electricity (Overview)'!E141-SUM('Monthly Electricity (Overview)'!I141:N141)-SUM('Monthly Electricity (Overview)'!T141:Y141) | D63: =IF(B63=C63,"/") | E63: ='Monthly Electricity (Overview)'!I141 | F63: ='Monthly Electricity (Overview)'!I141 | G63: =IF(E63=F63,"/") | H63: ='Monthly Electricity (Overview)'!N141 | I63: ='Monthly Electricity (Overview)'!N141 | J63: =IF(H63=I63,"/") | K63: ='Monthly Electricity (Overview)'!E141 | L63: ='Monthly Electricity (Overview)'!E141 | M63: =IF(K63=L63,"/") | N63: ='Monthly Electricity (Overview)'!J141 | O63: ='Monthly Electricity (Overview)'!J141 | P63: =IF(N63=O63,"/") | Q63: ='Monthly Electricity (Overview)'!K141 | R63: ='Monthly Electricity (Overview)'!K141 | S63: =IF(Q63=R63,"/") | T63: ='Monthly Electricity (Overview)'!T141 | U63: ='Monthly Electricity (Overview)'!T141 | V63: =IF(T63=U63,"/") | W63: ='Monthly Electricity (Overview)'!L141 | X63: ='Monthly Electricity (Overview)'!L141 | Y63: =IF(W63=X63,"/") | AA63: ='Monthly Electricity (Overview)'!X141+'Monthly Electricity (Overview)'!W141+'Monthly Electricity (Overview)'!AC141 | AB63: =SUM('Monthly Electricity (Overview)'!U141:X141)+'Monthly Electricity (Overview)'!AC141 | AC63: =IF(AA63=AB63,"/") | AD63: ='Monthly Electricity (Overview)'!Y141 | AE63: ='Monthly Electricity (Overview)'!Y141 | AF63: =IF(AD63=AE63,"/") | AG63: =SUM(B63,E63,H63,K63,N63,Q63,W63,AA63,AD63,Z63) | AH63: =SUM(B63,E63,H63,K63,N63,Q63,W63,AA63,AD63) | AI63: =SUM(C63,F63,I63,L63,O63,R63,U63,X63,AB63, AE63) | AJ63: =IF(AH63=AI63,"/") | AK63: =AH63-AI63
A64: 45901 | B64: ='Monthly Electricity (Overview)'!C142+'Monthly Electricity (Overview)'!D142+'Monthly Electricity (Overview)'!F142+'Monthly Electricity (Overview)'!G142+'Monthly Electricity (Overview)'!H142+'Monthly Electricity (Overview)'!O142+'Monthly Electricity (Overview)'!P142+'Monthly Electricity (Overview)'!Q142 | C64: ='Monthly Electricity (Overview)'!B142-'Monthly Electricity (Overview)'!E142-SUM('Monthly Electricity (Overview)'!I142:N142)-SUM('Monthly Electricity (Overview)'!T142:Y142) | D64: =IF(B64=C64,"/") | E64: ='Monthly Electricity (Overview)'!I142 | F64: ='Monthly Electricity (Overview)'!I142 | G64: =IF(E64=F64,"/") | H64: ='Monthly Electricity (Overview)'!N142 | I64: ='Monthly Electricity (Overview)'!N142 | J64: =IF(H64=I64,"/") | K64: ='Monthly Electricity (Overview)'!E142 | L64: ='Monthly Electricity (Overview)'!E142 | M64: =IF(K64=L64,"/") | N64: ='Monthly Electricity (Overview)'!J142 | O64: ='Monthly Electricity (Overview)'!J142 | P64: =IF(N64=O64,"/") | Q64: ='Monthly Electricity (Overview)'!K142 | R64: ='Monthly Electricity (Overview)'!K142 | S64: =IF(Q64=R64,"/") | T64: ='Monthly Electricity (Overview)'!T142 | U64: ='Monthly Electricity (Overview)'!T142 | V64: =IF(T64=U64,"/") | W64: ='Monthly Electricity (Overview)'!L142 | X64: ='Monthly Electricity (Overview)'!L142 | Y64: =IF(W64=X64,"/") | AA64: ='Monthly Electricity (Overview)'!X142+'Monthly Electricity (Overview)'!W142+'Monthly Electricity (Overview)'!AC142 | AB64: =SUM('Monthly Electricity (Overview)'!U142:X142)+'Monthly Electricity (Overview)'!AC142 | AC64: =IF(AA64=AB64,"/") | AD64: ='Monthly Electricity (Overview)'!Y142 | AE64: ='Monthly Electricity (Overview)'!Y142 | AF64: =IF(AD64=AE64,"/") | AG64: =SUM(B64,E64,H64,K64,N64,Q64,W64,AA64,AD64,Z64) | AH64: =SUM(B64,E64,H64,K64,N64,Q64,W64,AA64,AD64) | AI64: =SUM(C64,F64,I64,L64,O64,R64,U64,X64,AB64, AE64) | AJ64: =IF(AH64=AI64,"/") | AK64: =AH64-AI64
A65: 45931
A66: 45962
A67: 45992
A68: 46023
A69: 46054
A70: 46082
A71: 46113
A72: 46143
A73: 46174

Sheet Monthly Towngas (TGU)
A1: Date | B1: Academic Building + Public Facilities | C1: Canteens + Commercial Outlets | D1: Student Housing | E1: Staff Quarter | F1: NB TOTAL (TGU) | G1: MJ (x 48 towngas unit) | H1: kWh (MJ*0.2777778)
A2: 45108 | B2: 2940 | C2: 17466 | D2: 3771 | E2: =446*879/2715900*20833.33 | F2: =SUM(B2:E2) | G2: =F2*48 | H2: =G2*0.2777778
A3: 45139 | B3: 3509 | C3: 17722 | D3: 3740 | E3: =446*859/2715900*20833.33 | F3: =SUM(B3:E3) | G3: =F3*48 | H3: =G3*0.2777778
A4: 45170 | B4: 3140 | C4: 14723 | D4: 7447 | E4: =446*911/2715900*20833.33 | F4: =SUM(B4:E4) | G4: =F4*48 | H4: =G4*0.2777778
A5: 45200 | B5: 2274 | C5: 27563 | D5: 9859 | E5: =444*915/2714700*20833.33 | F5: =SUM(B5:E5) | G5: =F5*48 | H5: =G5*0.2777778
A6: 45231 | B6: 2909 | C6: 21260 | D6: 11907 | E6: =444*1166/2714700*20833.33 | F6: =SUM(B6:E6) | G6: =F6*48 | H6: =G6*0.2777778
A7: 45261 | B7: 2564 | C7: 23845 | D7: 12557 | E7: =444*1350/2714700*20833.33 | F7: =SUM(B7:E7) | G7: =F7*48 | H7: =G7*0.2777778
A8: 45292 | B8: 2862 | C8: 15798 | D8: 8292 | E8: =444*1665/2734600*20833.33 | F8: =SUM(B8:E8) | G8: =F8*48 | H8: =G8*0.2777778
A9: 45323 | B9: 2635 | C9: 18709 | D9: 13531 | E9: =444*1724/2734600*20833.33 | F9: =SUM(B9:E9) | G9: =F9*48 | H9: =G9*0.2777778
A10: 45352 | B10: 2946 | C10: 20862 | D10: 16132 | E10: =444*1433/2734600*20833.33 | F10: =SUM(B10:E10) | G10: =F10*48 | H10: =G10*0.2777778
A11: 45383 | B11: 2833 | C11: 21494 | D11: 12655 | E11: =442*1389/2748400*20833.33 | F11: =SUM(B11:E11) | G11: =F11*48 | H11: =G11*0.2777778
A12: 45413 | B12: 3158 | C12: 21182 | D12: 11619 | E12: =442*1088/2748400*20833.33 | F12: =SUM(B12:E12) | G12: =F12*48 | H12: =G12*0.2777778
A13: 45444 | B13: 2974 | C13: 15391 | D13: 5729 | E13: =442*1077/2748400*20833.33 | F13: =SUM(B13:E13) | G13: =F13*48 | H13: =G13*0.2777778
A14: 45474 | B14: 3131 | C14: 17540 | D14: 3916 | E14: =444*893/2764000*20833.33 | F14: =SUM(B14:E14) | G14: =F14*48 | H14: =G14*0.2777778
A15: 45505 | B15: 3522 | C15: 16815 | D15: 4486 | E15: =444*875/2764000*20833.33 | F15: =SUM(B15:E15) | G15: =F15*48 | H15: =G15*0.2777778
A16: 45536 | B16: 180 | C16: 21907 | D16: 6755 | E16: =444*873/2764000*20833.33 | F16: =SUM(B16:E16) | G16: =F16*48 | H16: =G16*0.2777778
A17: 45566 | B17: 592 | C17: 20873 | D17: 8933 | E17: =440*893/2758400*20833.33 | F17: =SUM(B17:E17) | G17: =F17*48 | H17: =G17*0.2777778
A18: 45597 | B18: 3037 | C18: 19854 | D18: 11374 | E18: =440*1126/2758400*20833.33 | F18: =SUM(B18:E18) | G18: =F18*48 | H18: =G18*0.2777778
A19: 45627 | B19: 2867 | C19: 20265 | D19: 12848 | E19: =440*1401/2758400*20833.33 | F19: =SUM(B19:E19) | G19: =F19*48 | H19: =G19*0.2777778
A20: 45658 | B20: 2722 | C20: 15492 | D20: 9966 | E20: =442*1698/2776500*20833.33 | F20: =SUM(B20:E20) | G20: =F20*48 | H20: =G20*0.2777778
A21: 45689 | B21: 3139 | C21: 18410 | D21: 15013 | E21: =442*1719/2776500*20833.33 | F21: =SUM(B21:E21) | G21: =F21*48 | H21: =G21*0.2777778
A22: 45717 | B22: 3719 | C22: 19737 | D22: 14786 | E22: =442*1372/2776500*20833.33 | F22: =SUM(B22:E22) | G22: =F22*48 | H22: =G22*0.2777778
A23: 45748 | B23: 3321 | C23: 19176 | D23: 13420 | E23: =461*1580/2775300*20833.33 | F23: =SUM(B23:E23) | G23: =F23*48 | H23: =G23*0.2777778
A24: 45778 | B24: 3063 | C24: 18040 | D24: 8810 | E24: =461*1104/2775300*20833.33 | F24: =SUM(B24:E24) | G24: =F24*48 | H24: =G24*0.2777778
A25: 45809 | B25: 2669 | C25: 16400 | D25: 6523 | E25: =461*1114/2775300*20833.33 | F25: =SUM(B25:E25) | G25: =F25*48 | H25: =G25*0.2777778
A26: 45839 | B26: 4607 | C26: 14853 | D26: 4536 | F26: =SUM(B26:E26) | G26: =F26*48 | H26: =G26*0.2777778
A27: 45870 | B27: 2819 | C27: 15132 | D27: 5787 | F27: =SUM(B27:E27) | G27: =F27*48 | H27: =G27*0.2777778
A28: 45901 | B28: 3115 | C28: 20778 | D28: 7399 | F28: =SUM(B28:E28) | G28: =F28*48 | H28: =G28*0.2777778
A29: 45931 | B29: 2848 | C29: 20231 | D29: 8987 | F29: =SUM(B29:E29) | G29: =F29*48 | H29: =G29*0.2777778
A30: 45962 | B30: 3729 | C30: 16673 | D30: 12354 | F30: =SUM(B30:E30) | G30: =F30*48 | H30: =G30*0.2777778
A31: 45992 | B31: 3649 | C31: 21817 | D31: 12248 | F31: =SUM(B31:E31) | G31: =F31*48 | H31: =G31*0.2777778
A32: 46023 | B32: 3849 | C32: 15383 | D32: 10270 | F32: =SUM(B32:E32) | G32: =F32*48 | H32: =G32*0.2777778
A33: 46054 | B33: 2908 | C33: 14845 | D33: 13059 | F33: =SUM(B33:E33) | G33: =F33*48 | H33: =G33*0.2777778
A34: 46082 | B34: 4414 | C34: 21952 | D34: 14712 | F34: =SUM(B34:E34) | G34: =F34*48 | H34: =G34*0.2777778
A35: 46113 | B35: 3465 | C35: 17677 | D35: 11376 | F35: =SUM(B35:E35) | G35: =F35*48 | H35: =G35*0.2777778
A36: 46143
A37: 46174

Sheet Yearly Towngas (TGU)
A1: Date | B1: Main Academic Buildings | C1: Staff Quarters | D1: Student Housing | E1: Canteens | F1: UniLodge & University Center | G1: NB TOTAL (TGU) | H1: MJ (x 48 towngas unit) | I1: HKSCC Report (kWh) (MJ*0.2777778) | J1: Conversion factor
A2: 2010/11 | H2: 2892240 | I2: 803400
A3: 2011/12 | H3: 2751506 | I3: 764307
A4: 2012/13 | H4: 736176 | I4: 204493
A5: 2013/14 | B5: 1314 | C5: 60067 | E5: 251482 | F5: 3389 | G5: 316252 | H5: 15180103 | I5: 4216695
A6: 2014/15 | B6: 1384 | C6: 57157 | D6: 123524 | E6: 256811 | F6: 3081 | G6: 440573 | H6: 21147510 | I6: 5874308
A7: 2015/16 | B7: 2879 | C7: 62717 | D7: 169348 | E7: 306151 | F7: 1357 | G7: 542452 | H7: 26037712 | I7: 7232698
A8: 2016/17 | B8: 1943 | C8: 64368 | D8: 153668 | E8: 273854 | F8: 0 | G8: 493833 | H8: 23703999 | I8: 6584444
A9: 2017/18 | B9: 1849 | C9: 51068 | D9: 144642 | E9: 227386 | F9: 0 | G9: 424945 | H9: 20397358 | I9: 5665933
A10: 2018/19 | B10: 1838 | C10: 48642 | D10: 134629 | E10: 274505 | F10: 0 | G10: 459614 | H10: 22061455 | I10: 6128182
A11: 2019/20 | B11: 11443 | C11: 49313 | D11: 97681 | E11: 180594 | F11: 0 | G11: 339031 | H11: 16273494 | I11: 4520415
A12: 2020/21 | B12: 14510 | C12: 52537.85 | D12: 98340 | E12: 187208 | F12: 0 | G12: 352596 | H12: 16924601 | I12: 4701278 | J12: 13.333333
A13: 2021/22 | B13: 24970 | C13: 55678.58 | D13: 107914 | E13: 194913 | F13: 0 | G13: 383476 | H13: 18406828 | I13: 5113008 | J13: 13.333333
A14: 2022/23 | B14: 36199 | C14: 49004.96 | D14: 95670 | E14: 230979 | F14: 0 | G14: 411853 | H14: 19768942 | I14: 5491373
A15: 2023/24 | B15: =SUM('Monthly Towngas (TGU)'!B2:B13) | C15: =SUM('Monthly Towngas (TGU)'!E2:E13) | D15: =SUM('Monthly Towngas (TGU)'!D2:D13) | E15: =SUM('Monthly Towngas (TGU)'!C2:C13) | F15: 0 | G15: =SUM(B15:F15) | H15: =G15*48 | I15: =H15*0.2777778
A16: 2024/25 | B16: =SUM('Monthly Towngas (TGU)'!B14:B25) | C16: =SUM('Monthly Towngas (TGU)'!E14:E25) | D16: =SUM('Monthly Towngas (TGU)'!D14:D25) | E16: =SUM('Monthly Towngas (TGU)'!C14:C25) | F16: 0 | G16: =SUM(B16:F16) | H16: =G16*48 | I16: =H16*0.2777778
A17: 2025/26 | B17: =SUM('Monthly Towngas (TGU)'!B26:B37) | C17: =SUM('Monthly Towngas (TGU)'!E26:E37) | D17: =SUM('Monthly Towngas (TGU)'!D26:D37) | E17: =SUM('Monthly Towngas (TGU)'!C26:C37) | F17: 0 | G17: =SUM(B17:F17) | H17: =G17*48 | I17: =H17*0.2777778
G21: https://www.towngas.com/en/About-Us/Hong-Kong-Gas-Business/Gas-Production
G23: 1MJ = 0.277778kWh
B25: Reference for towngas unit: https://ocp.towngas.com/tools/eng/toolsgascalc.aspx | G25: =2.8317/100
B26: https://www.towngas.com/en/Household/Customer-Services/Tariff
B28: https://www.towngas.com/en/About-Us/Hong-Kong-Gas-Business/Gas-Production#:~:text=Town%20gas%2C%20produced%20from%20naphtha,it%20can%20be%20detected%20easily.

Sheet Yearly Fuel
A1: Date | B1: CSO Fuel - Petrol Consumption Cars (from Elsa CSO) (litres) | C1: Total Petrol (kWh) | D1: Fuel Oil Standby generator (from CMO Kam Tong Yuen)(litres) | E1: CMO CLS vehicle consumed fuel from DG truck (from Dana WONG) | F1: CMO Fuel - Light Good Vehicle - Diesel - litres (from Eric Kong) | G1: CMO Fuel - Lorry & Pick Up - Diesel - litres (from Kenny Ho) | H1: Total Diesel Consumption (litres) | I1: Total Diesel (kWh) | J1: Total Petrol & Diesel (kWh) | K1: HKSCC Report (kWh)
A2: 2010/11 | B2: 15760 | C2: 139233.83 | H2: 9547 | I2: 95761.836 | J2: 234996 | K2: 234995.67
A3: 2011/12 | B3: 23249 | C3: 205398 | H3: 11284 | I3: 113181.97 | J3: 318580 | K3: 318579.97
A4: 2012/13 | B4: 28983 | C4: 256059.21 | H4: 12204 | I4: 122407.22 | J4: 378466 | K4: 378466.43
A5: 2013/14 | C5: 0 | I5: 0 | J5: 0
A6: 2014/15 | B6: 10679.44 | C6: 0 | I6: 0 | J6: 0 | K6: 280000
A7: 2015/16 | C7: 0 | I7: 0 | J7: 0 | K7: 370000
A8: 2016/17 | C8: 0 | I8: 0 | J8: 0 | K8: 201980.5
A9: 2017/18 | C9: 0 | I9: 0 | J9: 0 | K9: 221452.21
A10: 2018/19 | C10: 0 | I10: 0 | J10: 0 | K10: 205172.45
A11: 2019/20 | C11: 0 | I11: 0 | J11: 0 | K11: 181092.19
A12: 2020/21 | C12: 0 | I12: 0 | J12: 0 | K12: 224833.4
A13: 2021/22 | C13: 0 | I13: 0 | J13: 0 | K13: 234812
A14: 2022/23 | B14: ='Scope 1'!K5 | C14: =B14 * 'Emission Factor'!$O$16 | D14: ='Scope 1'!B5 | E14: ='Scope 1'!M5 | F14: ='Scope 1'!O5 | G14: 3836.398 | H14: =SUM(D14:F14) | I14: =H14 * 'Emission Factor'!$O$7 | J14: =I14+C14 | K14: =J14
A15: 2023/24 | B15: 15052.07 | C15: 132980.56 | D15: 2570 | E15: 76.43 | F15: 8369.7 | G15: 11016.13 | H15: =SUM(D15:F15) | I15: =H15 * 'Emission Factor'!$O$7 | J15: =I15+C15 | K15: 243473.34
A16: 2024/25 | B16: 12974.05 | C16: 114621.87 | D16: 2538 | E16: 143.275 | F16: 7503.07 | G16: 10184.345 | H16: 102149.9 | I16: 216771.77 | J16: 219309.77 | K16: 219309.77
A17: 2025/26

Sheet Scope 1
B1: S1 Stationary Combustion | G1: S1 Mobile Combustion | T1: S1 Refrigerant and others | AC1: S1 Total
B2: Standby Generator (Diesel) | D2: Towngas Combustion | F2: S1 Stationary Combustion | G2: CSO PC (ULP) | I2: CMO PV (ULP) | K2: CSO PV (ULP) | M2: CLS LGV (Diesel) | O2: CMO LGV (Diesel) | Q2: MAP LGV (ULP) | S2: S1 Mobile Combustion | T2: R22 (HCFC-22) | V2: R410A | X2: R407C (R134a) | Z2: SF6 | AB2: S1 Refrigerant and others
B4: Amount (L) | C4: CO2e (tonne) | D4: Amount (Unit) | E4: CO2e (tonne) | G4: Amount (L) | H4: CO2e (tonne) | I4: Amount (L) | J4: CO2e (tonne) | K4: Amount (L) | L4: CO2e (tonne) | M4: Amount (L) | N4: CO2e (tonne) | O4: Amount (L) | P4: CO2e (tonne) | Q4: Amount (L) | R4: CO2e (tonne) | T4: Leakage (kg) | U4: CO2e (tonne) | V4: Leakage (kg) | W4: CO2e (tonne) | X4: Leakage (kg) | Y4: CO2e (tonne) | Z4: Usage (kg) | AA4: CO2e (tonne) | AC4: CO2e (tonne)
A5: 2022-23 | B5: 3011 | C5: =B5*'Emission Factor'!$L$7/1000 | D5: 411852.96 | E5: =D5*'Emission Factor'!$L$8/1000 | F5: =C5+E5 | G5: 0 | H5: =G5*'Emission Factor'!$L$16/1000 | I5: 0 | J5: =I5*'Emission Factor'!$L$22/1000 | K5: 20821.03 | L5: =K5*'Emission Factor'!$L$22/1000 | M5: 51 | N5: =M5*'Emission Factor'!$L$27/1000 | O5: 7807.65 | P5: =O5*'Emission Factor'!$L$27/1000 | Q5: 0 | R5: =Q5*'Emission Factor'!$L$28/1000 | S5: =H5+J5+L5+N5+P5+R5 | T5: 0 | U5: =(T5*'Emission Factor'!$B$32)/1000 | V5: 0 | W5: =(V5*'Emission Factor'!$B$33)/1000 | X5: 70 | Y5: =(X5*'Emission Factor'!$B$34)/1000 | Z5: 0.227 | AA5: =(Z5*'Emission Factor'!$B$35)/1000 | AB5: =U5+W5+Y5+AA5 | AC5: =C5+E5+H5+J5+L5+N5+P5+R5+U5+W5+AA5+Y5
A6: 2023-24 | B6: 2570 | C6: =B6*'Emission Factor'!$L$7/1000 | D6: 436969.72 | E6: =D6*'Emission Factor'!$L$8/1000 | F6: =C6+E6 | G6: 0 | H6: =G6*'Emission Factor'!$L$16/1000 | I6: 0 | J6: =I6*'Emission Factor'!$L$22/1000 | K6: 15052.07 | L6: =K6*'Emission Factor'!$L$22/1000 | M6: 76.43 | N6: =M6*'Emission Factor'!$L$27/1000 | O6: 8369.7 | P6: =O6*'Emission Factor'!$L$27/1000 | Q6: 0 | R6: =Q6*'Emission Factor'!$L$28/1000 | S6: =H6+J6+L6+N6+P6+R6 | T6: 0 | U6: =(T6*'Emission Factor'!$B$32)/1000 | V6: 4.76 | W6: =(V6*'Emission Factor'!$B$33)/1000 | X6: 181.44 | Y6: =(X6*'Emission Factor'!$B$34)/1000 | Z6: 45 | AA6: =(Z6*'Emission Factor'!$B$35)/1000 | AB6: =U6+W6+Y6+AA6 | AC6: =C6+E6+H6+J6+L6+N6+P6+R6+U6+W6+AA6+Y6
A7: 2024-25 | B7: 2538 | C7: =B7*'Emission Factor'!$L$7/1000 | D7: ='Yearly Towngas (TGU)'!G16 | E7: =D7*'Emission Factor'!$L$8/1000 | F7: =C7+E7 | G7: 0 | H7: =G7*'Emission Factor'!$L$16/1000 | I7: 0 | J7: =I7*'Emission Factor'!$L$22/1000 | K7: 12974.05 | L7: =K7*'Emission Factor'!$L$22/1000 | M7: 143.275 | N7: =M7*'Emission Factor'!$L$27/1000 | O7: 7503.07 | P7: =O7*'Emission Factor'!$L$27/1000 | Q7: 0 | R7: =Q7*'Emission Factor'!$L$28/1000 | S7: =H7+J7+L7+N7+P7+R7 | T7: 0 | U7: =(T7*'Emission Factor'!$B$32)/1000 | V7: 4.54 | W7: =(V7*'Emission Factor'!$B$33)/1000 | X7: 46.81 | Y7: =(X7*'Emission Factor'!$B$34)/1000 | Z7: 0 | AA7: =(Z7*'Emission Factor'!$B$35)/1000 | AB7: =U7+W7+Y7+AA7 | AC7: =C7+E7+H7+J7+L7+N7+P7+R7+U7+W7+AA7+Y7
L8: =(L7-L6)/L6 | M8: =(M7-M6)/M6 | N8: =(N7-N6)/N6 | O8: =(O7-O6)/O6 | P8: =(P7-P6)/P6
C9: =C7/AC7 | E9: =E7/AC7
S10: =S7/AC7 | AB10: =AB7/AC7

Sheet Scope 2
B1: S2 Purchased Electricity | O1: S2 Purchased Towngas | Q1: S2 Total
B2: Main Academic Buildings and Others (CO2e) | C2: Main Chiller Plant (CO2e) | D2: LSK Chiller Plant (CO2e) | E2: Cheng Yu Tung Building (CO2e) | F2: LSK Building (CO2e) | G2: IAS Building (CO2e) | H2: Innovation Building (CO2e) | I2: Conference Lodge (CO2e) | J2: Staff Quarter Common Area (CO2e) | K2: Student Housing (CO2e) | L2: Staff Quarters & Commercial Outlet (CO2e) | M2: Total Amount (KWh) | N2: CO2e (tonne) | O2: Amount (Unit) | P2: CO2e (tonne) | Q2: CO2e (tonne)
A3: 2022-23 | B3: =49860279.8632136*'Emission Factor (new)'!R39/1000 | C3: =16935747.1367864*'Emission Factor (new)'!R39/1000 | D3: =1632560*'Emission Factor (new)'!R39/1000 | E3: =4412027*'Emission Factor (new)'!R39/1000 | F3: =2699255*'Emission Factor (new)'!R39/1000 | G3: =654339*'Emission Factor (new)'!R39/1000 | H3: 0 | I3: =1222009*'Emission Factor (new)'!R39/1000 | K3: =7872105*'Emission Factor (new)'!R39/1000 | L3: =8644016*'Emission Factor (new)'!R39/1000 | M3: 93932338 | N3: =M3*'Emission Factor'!$B$39/1000 | O3: 411852.96 | P3: =O3*'Emission Factor'!$B$40/1000 | Q3: =N3+P3
A4: 2023-24 | B4: =50540568.68*'Emission Factor (new)'!S39/1000 | C4: =17653437.02*'Emission Factor (new)'!S39/1000 | D4: =1497696*'Emission Factor (new)'!S39/1000 | E4: =4746630*'Emission Factor (new)'!S39/1000 | F4: =2713600*'Emission Factor (new)'!S39/1000 | G4: =588506*'Emission Factor (new)'!S39/1000 | H4: 0 | I4: =1478893*'Emission Factor (new)'!S39/1000 | K4: =8307594*'Emission Factor (new)'!S39/1000 | L4: =9182416*'Emission Factor (new)'!S39/1000 | M4: 96709341 | N4: =M4*'Emission Factor'!$B$39/1000 | O4: 436970 | P4: =O4*'Emission Factor'!$B$40/1000 | Q4: =N4+P4
A5: 2024-25 | B5: =55859834.7*'Emission Factor (new)'!T39/1000 | C5: =17987597.3*'Emission Factor (new)'!T39/1000 | D5: =1344476*'Emission Factor (new)'!T39/1000 | E5: =4931340*'Emission Factor (new)'!T39/1000 | F5: =2904600*'Emission Factor (new)'!T39/1000 | G5: =597167*'Emission Factor (new)'!T39/1000 | H5: 0 | I5: =1386485*'Emission Factor (new)'!T39/1000 | J5: =818470*'Emission Factor (new)'!T39/1000 | K5: =9591556*'Emission Factor (new)'!T39/1000 | L5: =9816543*'Emission Factor (new)'!T39/1000 | M5: ='Yearly Electricity Reformatted'!Q13 | N5: =M5*'Emission Factor (new)'!B39/1000 | O5: ='Yearly Towngas (TGU)'!G16 | P5: =O5*'Emission Factor (new)'!B40/1000 | Q5: =N5+P5
N8: =N5/Q5 | P8: =P5/Q5

Sheet Scope 3
B1: S3 Fresh Water and Sewage | F1: S3 Paper Waste | I1: S3 Total
B2: Fresh Water Processing | D2: Sewage Water Processing | E2: S3 Fresh Water and Sewage | F2: Paper Waste Disposed | G2: Paper Waste Recycled | H2: S3 Paper Waste
B4: m3 | C4: CO2e (tonne) | D4: CO2e (tonne) | F4: kg | G4: kg | H4: CO2e (tonne) | I4: CO2e (tonne)
A5: Jul | C5: =B5*'Emission Factor'!$B$45/1000 | D5: =B5*'Emission Factor'!$B$46/1000 | E5: =C5+D5 | F5: ='Monthly Paper Distribution'!P144 | G5: 10655 | H5: =((F5-G5)*4.8)/1000 | I5: =C5+D5+H5
A6: Aug | C6: =B6*'Emission Factor'!$B$45/1000 | D6: =B6*'Emission Factor'!$B$46/1000 | E6: =C6+D6 | F6: ='Monthly Paper Distribution'!P145 | G6: 11619 | H6: =((F6-G6)*4.8)/1000 | I6: =C6+D6+H6
A7: Sep | C7: =B7*'Emission Factor'!$B$45/1000 | D7: =B7*'Emission Factor'!$B$46/1000 | E7: =C7+D7 | F7: ='Monthly Paper Distribution'!P146 | G7: 13120 | H7: =((F7-G7)*4.8)/1000 | I7: =C7+D7+H7
A8: Oct | C8: =B8*'Emission Factor'!$B$45/1000 | D8: =B8*'Emission Factor'!$B$46/1000 | E8: =C8+D8 | F8: ='Monthly Paper Distribution'!P147 | G8: 13030 | H8: =((F8-G8)*4.8)/1000 | I8: =C8+D8+H8
A9: Nov | C9: =B9*'Emission Factor'!$B$45/1000 | D9: =B9*'Emission Factor'!$B$46/1000 | E9: =C9+D9 | F9: ='Monthly Paper Distribution'!P148 | G9: 12168 | H9: =((F9-G9)*4.8)/1000 | I9: =C9+D9+H9
A10: Dec | C10: =B10*'Emission Factor'!$B$45/1000 | D10: =B10*'Emission Factor'!$B$46/1000 | E10: =C10+D10 | F10: ='Monthly Paper Distribution'!P149 | G10: 12209 | H10: =((F10-G10)*4.8)/1000 | I10: =C10+D10+H10
A11: Jan | C11: =B11*'Emission Factor'!$B$45/1000 | D11: =B11*'Emission Factor'!$B$46/1000 | E11: =C11+D11 | F11: ='Monthly Paper Distribution'!P150 | G11: 9418 | H11: =((F11-G11)*4.8)/1000 | I11: =C11+D11+H11
A12: Feb | C12: =B12*'Emission Factor'!$B$45/1000 | D12: =B12*'Emission Factor'!$B$46/1000 | E12: =C12+D12 | F12: ='Monthly Paper Distribution'!P151 | G12: 10379 | H12: =((F12-G12)*4.8)/1000 | I12: =C12+D12+H12
A13: Mar | C13: =B13*'Emission Factor'!$B$45/1000 | D13: =B13*'Emission Factor'!$B$46/1000 | E13: =C13+D13 | F13: ='Monthly Paper Distribution'!P152 | G13: 11198 | H13: =((F13-G13)*4.8)/1000 | I13: =C13+D13+H13
A14: Apr | C14: =B14*'Emission Factor'!$B$45/1000 | D14: =B14*'Emission Factor'!$B$46/1000 | E14: =C14+D14 | F14: ='Monthly Paper Distribution'!P153 | G14: 10871 | H14: =((F14-G14)*4.8)/1000 | I14: =C14+D14+H14
A15: May | C15: =B15*'Emission Factor'!$B$45/1000 | D15: =B15*'Emission Factor'!$B$46/1000 | E15: =C15+D15 | F15: ='Monthly Paper Distribution'!P154 | G15: 10533 | H15: =((F15-G15)*4.8)/1000 | I15: =C15+D15+H15
A16: Jun | B16: ='Annual Report (Water)'!J11 | C16: =B16*'Emission Factor'!$B$45/1000 | D16: =B16*'Emission Factor'!$B$46/1000 | E16: =C16+D16 | F16: ='Monthly Paper Distribution'!P155 | G16: 10392 | H16: =((F16-G16)*4.8)/1000 | I16: =C16+D16+H16
A17: 2022-23 | B17: ='Annual Report (Water)'!J11 | C17: =B17*'Emission Factor'!$B$45/1000 | D17: =B17*'Emission Factor'!$B$46/1000 | E17: =C17+D17 | F17: =SUM(F5:F16) | G17: =SUM(G5:G16) | H17: =SUM(H5:H16) | I17: =SUM(I5:I16)
A18: Jul | C18: =B18*'Emission Factor'!$B$45/1000 | D18: =B18*'Emission Factor'!$B$46/1000 | E18: =C18+D18 | F18: ='Monthly Paper Distribution'!P156 | G18: ='Raw Data (KG)'!E122 | H18: =((F18-G18)*4.8)/1000 | I18: =C18+D18+H18
A19: Aug | C19: =B19*'Emission Factor'!$B$45/1000 | D19: =B19*'Emission Factor'!$B$46/1000 | E19: =C19+D19 | F19: ='Monthly Paper Distribution'!P157 | G19: ='Raw Data (KG)'!E123 | H19: =((F19-G19)*4.8)/1000 | I19: =C19+D19+H19
A20: Sep | C20: =B20*'Emission Factor'!$B$45/1000 | D20: =B20*'Emission Factor'!$B$46/1000 | E20: =C20+D20 | F20: ='Monthly Paper Distribution'!P158 | G20: ='Raw Data (KG)'!E124 | H20: =((F20-G20)*4.8)/1000 | I20: =C20+D20+H20
A21: Oct | C21: =B21*'Emission Factor'!$B$45/1000 | D21: =B21*'Emission Factor'!$B$46/1000 | E21: =C21+D21 | F21: ='Monthly Paper Distribution'!P159 | G21: ='Raw Data (KG)'!E125 | H21: =((F21-G21)*4.8)/1000 | I21: =C21+D21+H21
A22: Nov | C22: =B22*'Emission Factor'!$B$45/1000 | D22: =B22*'Emission Factor'!$B$46/1000 | E22: =C22+D22 | F22: ='Monthly Paper Distribution'!P160 | G22: ='Raw Data (KG)'!E126 | H22: =((F22-G22)*4.8)/1000 | I22: =C22+D22+H22
A23: Dec | C23: =B23*'Emission Factor'!$B$45/1000 | D23: =B23*'Emission Factor'!$B$46/1000 | E23: =C23+D23 | F23: ='Monthly Paper Distribution'!P161 | G23: ='Raw Data (KG)'!E127 | H23: =((F23-G23)*4.8)/1000 | I23: =C23+D23+H23
A24: Jan | C24: =B24*'Emission Factor'!$B$45/1000 | D24: =B24*'Emission Factor'!$B$46/1000 | E24: =C24+D24 | F24: ='Monthly Paper Distribution'!P162 | G24: ='Raw Data (KG)'!E128 | H24: =((F24-G24)*4.8)/1000 | I24: =C24+D24+H24
A25: Feb | C25: =B25*'Emission Factor'!$B$45/1000 | D25: =B25*'Emission Factor'!$B$46/1000 | E25: =C25+D25 | F25: ='Monthly Paper Distribution'!P163 | G25: ='Raw Data (KG)'!E129 | H25: =((F25-G25)*4.8)/1000 | I25: =C25+D25+H25
A26: Mar | C26: =B26*'Emission Factor'!$B$45/1000 | D26: =B26*'Emission Factor'!$B$46/1000 | E26: =C26+D26 | F26: ='Monthly Paper Distribution'!P164 | G26: ='Raw Data (KG)'!E130 | H26: =((F26-G26)*4.8)/1000 | I26: =C26+D26+H26
A27: Apr | C27: =B27*'Emission Factor'!$B$45/1000 | D27: =B27*'Emission Factor'!$B$46/1000 | E27: =C27+D27 | F27: ='Monthly Paper Distribution'!P165 | G27: ='Raw Data (KG)'!E131 | H27: =((F27-G27)*4.8)/1000 | I27: =C27+D27+H27
A28: May | C28: =B28*'Emission Factor'!$B$45/1000 | D28: =B28*'Emission Factor'!$B$46/1000 | E28: =C28+D28 | F28: ='Monthly Paper Distribution'!P166 | G28: ='Raw Data (KG)'!E132 | H28: =((F28-G28)*4.8)/1000 | I28: =C28+D28+H28
A29: Jun | B29: ='Annual Report (Water)'!J12 | C29: =B29*'Emission Factor'!$B$45/1000 | D29: =B29*'Emission Factor'!$B$46/1000 | E29: =C29+D29 | F29: ='Monthly Paper Distribution'!P167 | G29: ='Raw Data (KG)'!E133 | H29: =((F29-G29)*4.8)/1000 | I29: =C29+D29+H29
A30: 2023-24 | B30: ='Annual Report (Water)'!J12 | C30: =B30*'Emission Factor'!$B$45/1000 | D30: =B30*'Emission Factor'!$B$46/1000 | E30: =C30+D30 | F30: =SUM(F18:F29) | G30: =SUM(G18:G29) | H30: =SUM(H18:H29) | I30: =SUM(I18:I29)
A31: Jul | C31: =B31*'Emission Factor'!$B$45/1000 | D31: =B31*'Emission Factor'!$B$46/1000 | E31: =C31+D31 | F31: ='Monthly Paper Distribution'!P168 | G31: ='Raw Data (KG)'!E134 | H31: =((F31-G31)*4.8)/1000 | I31: =C31+D31+H31
A32: Aug | C32: =B32*'Emission Factor'!$B$45/1000 | D32: =B32*'Emission Factor'!$B$46/1000 | E32: =C32+D32 | F32: ='Monthly Paper Distribution'!P169 | G32: ='Raw Data (KG)'!E135 | H32: =((F32-G32)*4.8)/1000 | I32: =C32+D32+H32
A33: Sep | C33: =B33*'Emission Factor'!$B$45/1000 | D33: =B33*'Emission Factor'!$B$46/1000 | E33: =C33+D33 | F33: ='Monthly Paper Distribution'!P170 | G33: ='Raw Data (KG)'!E136 | H33: =((F33-G33)*4.8)/1000 | I33: =C33+D33+H33
A34: Oct | C34: =B34*'Emission Factor'!$B$45/1000 | D34: =B34*'Emission Factor'!$B$46/1000 | E34: =C34+D34 | F34: ='Monthly Paper Distribution'!P171 | G34: ='Raw Data (KG)'!E137 | H34: =((F34-G34)*4.8)/1000 | I34: =C34+D34+H34
A35: Nov | C35: =B35*'Emission Factor'!$B$45/1000 | D35: =B35*'Emission Factor'!$B$46/1000 | E35: =C35+D35 | F35: ='Monthly Paper Distribution'!P172 | G35: ='Raw Data (KG)'!E138 | H35: =((F35-G35)*4.8)/1000 | I35: =C35+D35+H35
A36: Dec | C36: =B36*'Emission Factor'!$B$45/1000 | D36: =B36*'Emission Factor'!$B$46/1000 | E36: =C36+D36 | F36: ='Monthly Paper Distribution'!P173 | G36: ='Raw Data (KG)'!E139 | H36: =((F36-G36)*4.8)/1000 | I36: =C36+D36+H36
A37: Jan | C37: =B37*'Emission Factor'!$B$45/1000 | D37: =B37*'Emission Factor'!$B$46/1000 | E37: =C37+D37 | F37: ='Monthly Paper Distribution'!P174 | G37: ='Raw Data (KG)'!E140 | H37: =((F37-G37)*4.8)/1000 | I37: =C37+D37+H37
A38: Feb | C38: =B38*'Emission Factor'!$B$45/1000 | D38: =B38*'Emission Factor'!$B$46/1000 | E38: =C38+D38 | F38: ='Monthly Paper Distribution'!P175 | G38: ='Raw Data (KG)'!E141 | H38: =((F38-G38)*4.8)/1000 | I38: =C38+D38+H38
A39: Mar | C39: =B39*'Emission Factor'!$B$45/1000 | D39: =B39*'Emission Factor'!$B$46/1000 | E39: =C39+D39 | F39: ='Monthly Paper Distribution'!P176 | G39: ='Raw Data (KG)'!E142 | H39: =((F39-G39)*4.8)/1000 | I39: =C39+D39+H39
A40: Apr | C40: =B40*'Emission Factor'!$B$45/1000 | D40: =B40*'Emission Factor'!$B$46/1000 | E40: =C40+D40 | F40: ='Monthly Paper Distribution'!P177 | G40: ='Raw Data (KG)'!E143 | H40: =((F40-G40)*4.8)/1000 | I40: =C40+D40+H40
A41: May | C41: =B41*'Emission Factor'!$B$45/1000 | D41: =B41*'Emission Factor'!$B$46/1000 | E41: =C41+D41 | F41: ='Monthly Paper Distribution'!P178 | G41: ='Raw Data (KG)'!E144 | H41: =((F41-G41)*4.8)/1000 | I41: =C41+D41+H41
A42: Jun | B42: ='Annual Report (Water)'!J13 | C42: =B42*'Emission Factor (new)'!B45/1000 | D42: =B42*'Emission Factor (new)'!B46/1000 | E42: =C42+D42 | F42: ='Monthly Paper Distribution'!P179 | G42: ='Raw Data (KG)'!E145 | H42: =((F42-G42)*4.8)/1000 | I42: =C42+D42+H42
A43: 2024-25 | B43: ='Annual Report (Water)'!J13 | C43: =B43*'Emission Factor (new)'!B45/1000 | D43: =B43*'Emission Factor (new)'!B46/1000 | E43: =C43+D43 | F43: =SUM(F31:F42) | G43: =SUM(G31:G42) | H43: =SUM(H31:H42) | I43: =E43+H43

Sheet Yearly GHG (mCO2)
A1: Date | B1: New Boundary Scope 1 | C1: New Boundary Scope 2 | D1: New Boundary Scope 3 | E1: Total S1&2 | F1: Total S1,2&3 | G1: Capita | H1: GFA | I1: 1&2 Emissions per Capita | J1: 1&2 Emssions per GFA
A2: 2010/11 | B2: 1339.4703 | C2: 48492.309 | D2: 928.8326 | E2: =SUM(B2:C2) | F2: =SUM(B2:D2) | G2: 12358.5 | H2: 396061.69 | I2: =E2/G2 | J2: =(E2*10)/H2
A3: 2011/12 | B3: 1263.7908 | C3: 49759.626 | D3: 933.8326 | E3: =SUM(B3:C3) | F3: =SUM(B3:D3) | G3: 12836.5 | H3: 396150.51 | I3: =E3/G3 | J3: =(E3*10)/H3
A4: 2012/13 | B4: 1130.8805 | C4: 52306.258 | D4: 926.8326 | E4: =SUM(B4:C4) | F4: =SUM(B4:D4) | G4: 15176 | H4: 397633.35 | I4: =E4/G4 | J4: =(E4*10)/H4
A5: 2013/14 | B5: 1047.2195 | C5: 56735.433 | D5: 943.57497 | E5: =SUM(B5:C5) | F5: =SUM(B5:D5) | G5: 15828.5 | H5: 451064.35 | I5: =E5/G5 | J5: =(E5*10)/H5
A6: 2014/15 | B6: 1405.2003 | C6: 59828.187 | D6: 795.24599 | E6: =SUM(B6:C6) | F6: =SUM(B6:D6) | G6: 16340 | H6: 473560.67 | I6: =E6/G6 | J6: =(E6*10)/H6
A7: 2015/16 | B7: 1563.6205 | C7: 52060.221 | D7: 865.87691 | E7: =SUM(B7:C7) | F7: =SUM(B7:D7) | G7: 16621 | H7: 480093.49 | I7: =E7/G7 | J7: =(E7*10)/H7
A8: 2016/17 | B8: 1337.0609 | C8: 51318.439 | D8: 662.19891 | E8: =SUM(B8:C8) | F8: =SUM(B8:D8) | G8: 17299.5 | H8: 508000 | I8: =E8/G8 | J8: =(E8*10)/H8
A9: 2017/18 | B9: 1148.4811 | C9: 47664.457 | D9: 639.41977 | E9: =SUM(B9:C9) | F9: =SUM(B9:D9) | G9: 17923.5 | H9: 512620 | I9: =E9/G9 | J9: =(E9*10)/H9
A10: 2018/19 | B10: 1227.6956 | C10: 46254.13 | D10: 656.55334 | E10: =SUM(B10:C10) | F10: =SUM(B10:D10) | G10: 18508.5 | H10: 515105.14 | I10: =E10/G10 | J10: =(E10*10)/H10
A11: 2019/20 | B11: 971.24594 | C11: 43879.024 | D11: 241.89826 | E11: =SUM(B11:C11) | F11: =SUM(B11:D11) | G11: 17679 | H11: 515105.14 | I11: =E11/G11 | J11: =(E11*10)/H11
A12: 2020/21 | B12: 1017.8077 | C12: 32886.461 | D12: 124.75376 | E12: =SUM(B12:C12) | F12: =SUM(B12:D12) | G12: 19717 | H12: 563595 | I12: =E12/G12 | J12: =(E12*10)/H12
A13: 2021/22 | B13: 1046.6509 | C13: 35205.523 | D13: 258.65209 | E13: =SUM(B13:C13) | F13: =SUM(B13:D13) | G13: 20543 | H13: 578007.25 | I13: =E13/G13 | J13: =(E13*10)/H13
A14: 2022/23 | B14: 1142.8893 | C14: 36870.839 | D14: 555.67178 | E14: =SUM(B14:C14) | F14: =SUM(B14:D14) | G14: 21497 | H14: 578007 | I14: =E14/G14 | J14: =(E14*10)/H14
A15: 2023/24 | B15: 2497.72 | C15: 37968.34 | D15: 425.79 | E15: =SUM(B15:C15) | F15: =SUM(B15:D15) | G15: =4249+17920 | H15: 587292 | I15: =E15/G15 | J15: =(E15*10)/H15
A16: 2024/25 | B16: ='Scope 1'!AC7 | C16: ='Scope 2'!Q5 | D16: ='Scope 3'!I43 | E16: =SUM(B16:C16) | F16: =SUM(B16:D16) | G16: =4593+19284 | H16: 587292 | I16: =E16/G16 | J16: =(E16*10)/H16
A17: 2025/26
E18: =E6*0.6

Sheet Emission Factor (new)
A2: Please update Any changes with emission factor
A4: S1. Stationary Combustion
B5: CO2 | D5: CH4 | H5: N2O | L5: Total CO2e
D6: CH4 | F6: CO2e of CH4 | I6: N2O | J6: CO2e of N2O | O6: Conversion to kWh | P6: CO2e/kWh
A7: Diesel | B7: 2.614 | C7: kg/Litre | D7: 0.0239 | E7: g/Litre | F7: =D7/1000*21 | G7: kg/Litre | H7: 0.0074 | I7: g/Litre | J7: =H7/1000*310 | K7: kg/Litre | L7: =B7+F7+J7 | M7: kg/Litre | O7: 10.03009 | P7: =L7/10.03009027
A8: Towngas | B8: 2.549 | C8: kg/Unit | D8: 0.0446 | E8: g/Unit | F8: =D8/1000*21 | G8: kg/Unit | H8: 0.0099 | I8: g/Unit | J8: =H8/1000*310 | K8: kg/Unit | L8: =B8+F8+J8 | M8: kg/Unit | O8: *48*0.277778 | P8: =L8/13.333344
A10: IPCC Second Assessment Report (1995)
A11: S1. Mobile Combustion
A12: Passenger Car (PC)
B13: CO2 | D13: CH4 | H13: N2O | L13: Total CO2e
D14: CH4 | F14: CO2e of CH4 | I14: N2O | J14: CO2e of N2O
A15: DO | B15: 2.614 | C15: kg/Litre | D15: 0.072 | E15: g/Litre | F15: =D15/1000*21 | G15: kg/Litre | H15: 0.11 | I15: g/Litre | J15: =H15/1000*310 | K15: kg/Litre | L15: =B15+F15+J15 | M15: kg/Litre | O15: *10.03009027 | P15: =L15/10.03009027
A16: ULP(unleaded petrol) | B16: 2.36 | C16: kg/Litre | D16: 0.253 | E16: g/Unit | F16: =D16/1000*21 | G16: kg/Litre | H16: 1.105 | I16: g/Unit | J16: =H16/1000*310 | K16: kg/Litre | L16: =B16+F16+J16 | M16: kg/Litre | O16: 8.8347027 | P16: =L16/8.834702712
A18: Private Van (PV)
B19: CO2 | D19: CH4 | H19: N2O | L19: Total CO2e
D20: CH4 | F20: CO2e of CH4 | I20: N2O | J20: CO2e of N2O
A21: DO | B21: 2.614 | C21: kg/Litre | D21: 0.072 | E21: g/Litre | F21: =D21/1000*21 | G21: kg/Litre | H21: 0.506 | I21: g/Litre | J21: =H21/1000*310 | K21: kg/Litre | L21: =B21+F21+J21 | M21: kg/Litre | O21: *10.03009027 | P21: =L21/10.03009027
A22: ULP(unleaded petrol) | B22: 2.36 | C22: kg/Litre | D22: 0.203 | E22: g/Unit | F22: =D22/1000*21 | G22: kg/Litre | H22: 1.14 | I22: g/Unit | J22: =H22/1000*310 | K22: kg/Litre | L22: =B22+F22+J22 | M22: kg/Litre | O22: *8.834702712 | P22: =L22/8.834702712
A24: Light Goods Vehicle (LGV)
B25: CO2 | D25: CH4 | H25: N2O | L25: Total CO2e
D26: CH4 | F26: CO2e of CH4 | I26: N2O | J26: CO2e of N2O
A27: DO | B27: 2.614 | C27: kg/Litre | D27: 0.072 | E27: g/Litre | F27: =D27/1000*21 | G27: kg/Litre | H27: 0.506 | I27: g/Litre | J27: =H27/1000*310 | K27: kg/Litre | L27: =B27+F27+J27 | M27: kg/Litre | O27: *10.03009027 | P27: =L27/10.03009027
A28: ULP(unleaded petrol) | B28: 2.36 | C28: kg/Litre | D28: 0.203 | E28: g/Unit | F28: =D28/1000*21 | G28: kg/Litre | H28: 1.105 | I28: g/Unit | J28: =H28/1000*310 | K28: kg/Litre | L28: =B28+F28+J28 | M28: kg/Litre | O28: *8.834702712 | P28: =L28/8.834702712
A31: S1.Refrigerant
A32: R22 (HCFC-22) | B32: 1810
A33: R410A | B33: 1725
A34: R407C | B34: 1526 | D34: https://www.gov.uk/government/uploads/system/uploads/attachment_data/file/69554/pb13773-ghg-conversion-factors-2012.pdf
A35: SF6 | B35: 22800 | D35: Defra
A37: S2. Energy Indirect Emissions | F37: 2010 | G37: 2011 | H37: 2012 | I37: 2013 | J37: 2014 | K37: 2015 | L37: 2016 | M37: 2017 | N37: 2018 | O37: 2019 | P37: 2020 | Q37: 2021 | R37: 2022 | S37: 2023 | T37: 2024
B38: Total CO2e | D38: Last updated | F38: Total CO2e
A39: Electricity | B39: 0.38 | C39: kg/ KWh | D39: 2024 | F39: 0.54 | G39: 0.59 | H39: 0.58 | I39: 0.63 | J39: 0.64 | K39: 0.54 | L39: 0.54 | M39: 0.51 | N39: 0.51 | O39: 0.51 | P39: 0.37 | Q39: 0.39 | R39: 0.39 | S39: 0.39 | T39: 0.38 | U39: CLP Sustainability Report
A40: Towngas | B40: 0.548 | C40: kg/ Unit | D40: 2024 | F40: 0.62 | G40: 0.618 | H40: 0.61 | I40: 0.62 | J40: 0.6 | K40: 0.605 | L40: 0.599 | M40: 0.592 | N40: 0.564 | O40: 0.597 | P40: 0.592 | Q40: 0.588 | R40: 0.576 | S40: 0.549 | T40: 0.548 | U40: Towngas Sustainability Report | W40: *48*0.277778
B41: =(B39-J39)/J39 | C41: =(B39-M39)/K39
B42: =(B40-J40)/J40
A43: S3. Other Indirect Emissions
B44: Total CO2e | D44: Last updated | F44: Total CO2e
A45: Fresh Water Processing | B45: 0.256 | C45: kg/ m3 | D45: 2024 | F45: 0.424 | G45: 0.415 | H45: 0.44 | I45: 0.41 | J45: 0.398 | K45: 0.407 | L45: 0.402 | M45: 0.403 | N45: 0.404 | O45: 0.424 | P45: 0.417 | Q45: 0.428 | R45: 0.435 | S45: 0.437 | T45: 0.256 | U45: Water Service Department Annual Report
A46: Sewage Water Processing | B46: 0.22 | C46: kg/ m3 | D46: 2024 | F46: 0.172 | G46: 0.167 | H46: 0.17 | I46: 0.167 | J46: 0.169 | K46: 0.181 | L46: 0.19 | M46: 0.20272 | N46: 0.219 | O46: 0.2 | P46: 0.2 | Q46: 0.21 | R46: 0.21 | S46: 0.21 | T46: 0.22 | U46: Drainage Services Department Sustainability Report
B47: =(B45-J45)/J45
B48: =(B46-J46)/J46
F57: Total CO2e
F58: 2010 | G58: 2011 | H58: 2012 | I58: 2013 | J58: 2014 | K58: 2015 | L58: 2016 | M58: 2017 | N58: 2018 | O58: 2019 | P58: 2020
E59: Electricity (Pre-Baseline) | F59: 0.54 | G59: 0.59 | H59: 0.58 | I59: 0.63
E60: Towngas (Pre-Baseline) | F60: 0.62 | G60: 0.618 | H60: 0.61 | I60: 0.62 | J60: 0.6
E61: Electricity Performance | J61: 0.64 | K61: 0.54 | L61: 0.54 | M61: 0.51 | N61: 0.51 | O61: 0.51 | P61: 0.37
E62: Towngas Performance | J62: 0.6 | K62: 0.605 | L62: 0.599 | M62: 0.592 | N62: 0.564 | O62: 0.564

Sheet Emission Factor
C1: DON’T DELETE THIS SHEET
A2: Please update Any changes with emission factor
A4: S1. Stationary Combustion
B5: CO2 | D5: CH4 | H5: N2O | L5: Total CO2e
D6: CH4 | F6: CO2e of CH4 | I6: N2O | J6: CO2e of N2O | O6: Conversion to kWh | P6: CO2e/kWh
A7: Diesel | B7: 2.614 | C7: kg/Litre | D7: 0.0239 | E7: g/Litre | F7: =D7/1000*21 | G7: kg/Litre | H7: 0.0074 | I7: g/Litre | J7: =H7/1000*310 | K7: kg/Litre | L7: =B7+F7+J7 | M7: kg/Litre | O7: 10.03009 | P7: =L7/10.03009027
A8: Towngas | B8: 2.549 | C8: kg/Unit | D8: 0.0446 | E8: g/Unit | F8: =D8/1000*21 | G8: kg/Unit | H8: 0.0099 | I8: g/Unit | J8: =H8/1000*310 | K8: kg/Unit | L8: =B8+F8+J8 | M8: kg/Unit | O8: *48*0.277778 | P8: =L8/13.333344
A10: IPCC Second Assessment Report (1995)
A11: S1. Mobile Combustion
A12: Passenger Car (PC)
B13: CO2 | D13: CH4 | H13: N2O | L13: Total CO2e
D14: CH4 | F14: CO2e of CH4 | I14: N2O | J14: CO2e of N2O
A15: DO | B15: 2.614 | C15: kg/Litre | D15: 0.072 | E15: g/Litre | F15: =D15/1000*21 | G15: kg/Litre | H15: 0.11 | I15: g/Litre | J15: =H15/1000*310 | K15: kg/Litre | L15: =B15+F15+J15 | M15: kg/Litre | O15: *10.03009027 | P15: =L15/10.03009027
A16: ULP(unleaded petrol) | B16: 2.36 | C16: kg/Litre | D16: 0.253 | E16: g/Unit | F16: =D16/1000*21 | G16: kg/Litre | H16: 1.105 | I16: g/Unit | J16: =H16/1000*310 | K16: kg/Litre | L16: =B16+F16+J16 | M16: kg/Litre | O16: 8.8347027 | P16: =L16/8.834702712
A18: Private Van (PV)
B19: CO2 | D19: CH4 | H19: N2O | L19: Total CO2e
D20: CH4 | F20: CO2e of CH4 | I20: N2O | J20: CO2e of N2O
A21: DO | B21: 2.614 | C21: kg/Litre | D21: 0.072 | E21: g/Litre | F21: =D21/1000*21 | G21: kg/Litre | H21: 0.506 | I21: g/Litre | J21: =H21/1000*310 | K21: kg/Litre | L21: =B21+F21+J21 | M21: kg/Litre | O21: *10.03009027 | P21: =L21/10.03009027
A22: ULP(unleaded petrol) | B22: 2.36 | C22: kg/Litre | D22: 0.203 | E22: g/Unit | F22: =D22/1000*21 | G22: kg/Litre | H22: 1.14 | I22: g/Unit | J22: =H22/1000*310 | K22: kg/Litre | L22: =B22+F22+J22 | M22: kg/Litre | O22: *8.834702712 | P22: =L22/8.834702712
A24: Light Goods Vehicle (LGV)
B25: CO2 | D25: CH4 | H25: N2O | L25: Total CO2e
D26: CH4 | F26: CO2e of CH4 | I26: N2O | J26: CO2e of N2O
A27: DO | B27: 2.614 | C27: kg/Litre | D27: 0.072 | E27: g/Litre | F27: =D27/1000*21 | G27: kg/Litre | H27: 0.506 | I27: g/Litre | J27: =H27/1000*310 | K27: kg/Litre | L27: =B27+F27+J27 | M27: kg/Litre | O27: *10.03009027 | P27: =L27/10.03009027
A28: ULP(unleaded petrol) | B28: 2.36 | C28: kg/Litre | D28: 0.203 | E28: g/Unit | F28: =D28/1000*21 | G28: kg/Litre | H28: 1.105 | I28: g/Unit | J28: =H28/1000*310 | K28: kg/Litre | L28: =B28+F28+J28 | M28: kg/Litre | O28: *8.834702712 | P28: =L28/8.834702712
A31: S1.Refrigerant
A32: R22 (HCFC-22) | B32: 1810
A33: R410A | B33: 1725
A34: R407C | B34: 1526 | D34: https://www.gov.uk/government/uploads/system/uploads/attachment_data/file/69554/pb13773-ghg-conversion-factors-2012.pdf
A35: SF6 | B35: 22800 | D35: Defra
A37: S2. Energy Indirect Emissions | F37: 2010 | G37: 2011 | H37: 2012 | I37: 2013 | J37: 2014 | K37: 2015 | L37: 2016 | M37: 2017 | N37: 2018 | O37: 2019 | P37: 2020 | Q37: 2021
B38: Total CO2e | D38: Last updated | F38: Total CO2e
A39: Electricity | B39: 0.39 | C39: kg/ KWh | D39: 2022 | F39: 0.54 | G39: 0.59 | H39: 0.58 | I39: 0.63 | J39: 0.64 | K39: 0.54 | L39: 0.54 | M39: 0.51 | N39: 0.51 | O39: 0.51 | P39: 0.37 | Q39: 0.39 | R39: CLP Sustainability Report | U39: =B39
A40: Towngas | B40: 0.576 | C40: kg/ Unit | D40: 2022 | F40: 0.62 | G40: 0.618 | H40: 0.61 | I40: 0.62 | J40: 0.6 | K40: 0.605 | L40: 0.599 | M40: 0.592 | N40: 0.564 | O40: 0.597 | P40: 0.592 | Q40: 0.588 | R40: Towngas Sustainability Report | T40: *48*0.277778 | U40: =B40/13.333344
B41: =(B39-J39)/J39 | C41: =(B39-M39)/K39
B42: =(B40-J40)/J40
A43: S3. Other Indirect Emissions
B44: Total CO2e | D44: Last updated | F44: Total CO2e
A45: Fresh Water | B45: 0.428 | C45: kg/ m3 | D45: 2021 | F45: 0.424 | G45: 0.415 | H45: 0.44 | I45: 0.41 | J45: 0.398 | K45: 0.407 | L45: 0.402 | M45: 0.403 | N45: 0.404 | O45: 0.424 | P45: 0.417 | Q45: 0.428 | R45: Water Service Department Annual Report
A46: Sewage Water | B46: 0.21 | C46: kg/ m3 | D46: 2022 | F46: 0.172 | G46: 0.167 | H46: 0.17 | I46: 0.167 | J46: 0.169 | K46: 0.181 | L46: 0.19 | M46: 0.20272 | N46: 0.219 | O46: 0.2 | P46: 0.2 | Q46: 0.21 | R46: Drainage Services Department Sustainability Report
B47: =(B45-J45)/J45
B48: =(B46-J46)/J46
F57: Total CO2e
F58: 2010 | G58: 2011 | H58: 2012 | I58: 2013 | J58: 2014 | K58: 2015 | L58: 2016 | M58: 2017 | N58: 2018 | O58: 2019 | P58: 2020
E59: Electricity (Pre-Baseline) | F59: 0.54 | G59: 0.59 | H59: 0.58 | I59: 0.63
E60: Towngas (Pre-Baseline) | F60: 0.62 | G60: 0.618 | H60: 0.61 | I60: 0.62 | J60: 0.6
E61: Electricity Performance | J61: 0.64 | K61: 0.54 | L61: 0.54 | M61: 0.51 | N61: 0.51 | O61: 0.51 | P61: 0.37
E62: Towngas Performance | J62: 0.6 | K62: 0.605 | L62: 0.599 | M62: 0.592 | N62: 0.564 | O62: 0.564

Sheet Annual Report (Water)
A1: Water Consumption Breakdown
A2: Date | B2: Main Academic Buildings | C2: Cheng Yu Tung Building | D2: LSK Campus | E2: Conference Lodge | F2: Student Housing | G2: Public facilities in campus | H2: Canteens and Commercial | I2: Staff Quarters | J2: Total Water Consumption | K2: Total Water Consumption per capita | L2: capita
A3: ='Yearly Potable (Overview)'!A3 | B3: ='Yearly Potable (Overview)'!B3 | C3: ='Yearly Potable (Overview)'!C3 | D3: ='Yearly Potable (Overview)'!D3 | E3: ='Yearly Potable (Overview)'!E3 | F3: ='Yearly Potable (Overview)'!F3 | G3: ='Yearly Potable (Overview)'!G3 | H3: ='Yearly Potable (Overview)'!H3 | I3: ='Yearly Potable (Overview)'!I3 | J3: =SUM(B3:I3) | K3: =J3/L3 | L3: ='Yearly GHG (mCO2)'!G6
A4: ='Yearly Potable (Overview)'!A4 | B4: ='Yearly Potable (Overview)'!B4 | C4: ='Yearly Potable (Overview)'!C4 | D4: ='Yearly Potable (Overview)'!D4 | E4: ='Yearly Potable (Overview)'!E4 | F4: ='Yearly Potable (Overview)'!F4 | G4: ='Yearly Potable (Overview)'!G4 | H4: ='Yearly Potable (Overview)'!H4 | I4: ='Yearly Potable (Overview)'!I4 | J4: =SUM(B4:I4) | K4: =J4/L4 | L4: ='Yearly GHG (mCO2)'!G7
A5: ='Yearly Potable (Overview)'!A5 | B5: ='Yearly Potable (Overview)'!B5 | C5: ='Yearly Potable (Overview)'!C5 | D5: ='Yearly Potable (Overview)'!D5 | E5: ='Yearly Potable (Overview)'!E5 | F5: ='Yearly Potable (Overview)'!F5 | G5: ='Yearly Potable (Overview)'!G5 | H5: ='Yearly Potable (Overview)'!H5 | I5: ='Yearly Potable (Overview)'!I5 | J5: =SUM(B5:I5) | K5: =J5/L5 | L5: ='Yearly GHG (mCO2)'!G8
A6: ='Yearly Potable (Overview)'!A6 | B6: ='Yearly Potable (Overview)'!B6 | C6: ='Yearly Potable (Overview)'!C6 | D6: ='Yearly Potable (Overview)'!D6 | E6: ='Yearly Potable (Overview)'!E6 | F6: ='Yearly Potable (Overview)'!F6 | G6: ='Yearly Potable (Overview)'!G6 | H6: ='Yearly Potable (Overview)'!H6 | I6: ='Yearly Potable (Overview)'!I6 | J6: =SUM(B6:I6) | K6: =J6/L6 | L6: ='Yearly GHG (mCO2)'!G9
A7: ='Yearly Potable (Overview)'!A7 | B7: ='Yearly Potable (Overview)'!B7 | C7: ='Yearly Potable (Overview)'!C7 | D7: ='Yearly Potable (Overview)'!D7 | E7: ='Yearly Potable (Overview)'!E7 | F7: ='Yearly Potable (Overview)'!F7 | G7: ='Yearly Potable (Overview)'!G7 | H7: ='Yearly Potable (Overview)'!H7 | I7: ='Yearly Potable (Overview)'!I7 | J7: =SUM(B7:I7) | K7: =J7/L7 | L7: ='Yearly GHG (mCO2)'!G10
A8: ='Yearly Potable (Overview)'!A8 | B8: ='Yearly Potable (Overview)'!B8 | C8: ='Yearly Potable (Overview)'!C8 | D8: ='Yearly Potable (Overview)'!D8 | E8: ='Yearly Potable (Overview)'!E8 | F8: ='Yearly Potable (Overview)'!F8 | G8: ='Yearly Potable (Overview)'!G8 | H8: ='Yearly Potable (Overview)'!H8 | I8: ='Yearly Potable (Overview)'!I8 | J8: =SUM(B8:I8) | K8: =J8/L8 | L8: ='Yearly GHG (mCO2)'!G11
A9: ='Yearly Potable (Overview)'!A9 | B9: ='Yearly Potable (Overview)'!B9 | C9: ='Yearly Potable (Overview)'!C9 | D9: ='Yearly Potable (Overview)'!D9 | E9: ='Yearly Potable (Overview)'!E9 | F9: ='Yearly Potable (Overview)'!F9 | G9: ='Yearly Potable (Overview)'!G9 | H9: ='Yearly Potable (Overview)'!H9 | I9: ='Yearly Potable (Overview)'!I9 | J9: =SUM(B9:I9) | K9: =J9/L9 | L9: ='Yearly GHG (mCO2)'!G12
A10: ='Yearly Potable (Overview)'!A10 | B10: ='Yearly Potable (Overview)'!B10 | C10: ='Yearly Potable (Overview)'!C10 | D10: ='Yearly Potable (Overview)'!D10 | E10: ='Yearly Potable (Overview)'!E10 | F10: ='Yearly Potable (Overview)'!F10 | G10: ='Yearly Potable (Overview)'!G10 | H10: ='Yearly Potable (Overview)'!H10 | I10: ='Yearly Potable (Overview)'!I10 | J10: =SUM(B10:I10) | K10: =J10/L10 | L10: ='Yearly GHG (mCO2)'!G13
A11: ='Yearly Potable (Overview)'!A11 | B11: ='Yearly Potable (Overview)'!B11 | C11: 16633 | D11: ='Yearly Potable (Overview)'!D11 | E11: ='Yearly Potable (Overview)'!E11 | F11: ='Yearly Potable (Overview)'!F11 | G11: ='Yearly Potable (Overview)'!G11 | H11: ='Yearly Potable (Overview)'!H11 | I11: ='Yearly Potable (Overview)'!I11 | J11: =SUM(B11:I11) | K11: =J11/L11 | L11: ='Yearly GHG (mCO2)'!G14
A12: ='Yearly Potable (Overview)'!A12 | B12: ='Yearly Potable (Overview)'!B12 | C12: ='Yearly Potable (Overview)'!C12 | D12: ='Yearly Potable (Overview)'!D12 | E12: ='Yearly Potable (Overview)'!E12 | F12: ='Yearly Potable (Overview)'!F12 | G12: ='Yearly Potable (Overview)'!G12 | H12: ='Yearly Potable (Overview)'!H12 | I12: ='Yearly Potable (Overview)'!I12 | J12: =SUM(B12:I12) | K12: =J12/L12 | L12: ='Yearly GHG (mCO2)'!G15
A13: ='Yearly Potable (Overview)'!A13 | B13: ='Yearly Potable (Overview)'!B13 | C13: ='Yearly Potable (Overview)'!C13 | D13: ='Yearly Potable (Overview)'!D13 | E13: ='Yearly Potable (Overview)'!E13 | F13: ='Yearly Potable (Overview)'!F13 | G13: ='Yearly Potable (Overview)'!G13 | H13: ='Yearly Potable (Overview)'!H13 | I13: ='Yearly Potable (Overview)'!I13 | J13: =SUM(B13:I13) | K13: =J13/L13 | L13: ='Yearly GHG (mCO2)'!G16
B14: =B13/$J$13 | C14: =C13/$J$13 | D14: =D13/$J$13 | E14: =E13/$J$13 | F14: =F13/$J$13 | G14: =G13/$J$13 | H14: =H13/$J$13 | I14: =I13/$J$13 | J14: =(J13-J3)/J3 | K14: =(K13-K3)/K3
J15: =J13/J12-1 | K15: =K13/K12-1
K16: =K13/K3-1 | N16: 2014/15 | O16: 516007.78
N17: 2015/16 | O17: 419818.96
N18: 2016/17 | O18: 426360.06
K19: =(J13-J12)/J12 | N19: 2017/18 | O19: 398367.45
K20: =(J13-J3)/J3 | N20: 2018/19 | O20: 395898.66
N21: 2019/20 | O21: 342669.11
N22: 2020/21 | O22: 336162
N23: 2021/22 | O23: 377686.65
N24: 2022/23 | O24: 470431.67
N25: 2023/24 | O25: 463486
N26: Dec 2024 Rolling 12 months | O26: 441256
O28: =(O26-500000)/500000

Sheet Half-Year Report (Water)
A1: Potable Water
A2: Date | B2: Main Academic Buildings + Public Facilities | C2: Cheng Yu Tung Building | D2: LSK Campus | E2: Conference Lodge | F2: Student Housing | G2: Canteens and Commercial | H2: Staff Quarters | I2: Total (m3)
A3: 45108 | B3: {='Monthly Potable (Overview)'!B62:J67} | C3: 1122 | D3: 2675 | E3: 123 | F3: 5054 | G3: 8918 | H3: 5033 | I3: 811 | J3: 39261
A4: 45139 | B4: 13190 | C4: 870 | D4: 2587 | E4: 201 | F4: 3906 | G4: 8003 | H4: 5033 | I4: 893 | J4: 34683
A5: 45170 | B5: 9180 | C5: 817 | D5: 6279 | E5: 1297 | F5: 11143 | G5: 10310 | H5: 4870 | I5: 733 | J5: 44629
A6: 45200 | B6: 11141 | C6: 1366 | D6: 4385 | E6: 740 | F6: 12101 | G6: 11555 | H6: 5010 | I6: 633 | J6: 46931
A7: 45231 | B7: 7139 | C7: 1155 | D7: 5099 | E7: 1127 | F7: 12345 | G7: 9609 | H7: 4848 | I7: 901 | J7: 42223
A8: 45261 | B8: 8690 | C8: 1086 | D8: 1891 | E8: 146 | F8: 12811 | G8: 9607 | H8: 5010 | I8: 814 | J8: 40055
A30: Date | B30: Main Academic Buildings + Public Facilities | C30: Cheng Yu Tung Building | D30: LSK Campus | E30: Conference Lodge | F30: Student Housing | G30: Canteens and Commercial | H30: Staff Quarters | I30: Total (m3)
A31: 45292 | B31: {='Monthly Potable (Overview)'!B68:J73} | C31: 1150 | D31: 1617 | E31: 205 | F31: 5012 | G31: 7282 | H31: 4988 | I31: 719 | J31: 26743
A32: 45323 | B32: 8413 | C32: 752 | D32: 602 | E32: 485 | F32: 8652 | G32: 7959 | H32: 4687 | I32: 587 | J32: 32137
A33: 45352 | B33: 10100 | C33: 908 | D33: 640 | E33: 218 | F33: 10837 | G33: 8977 | H33: 5010 | I33: 568 | J33: 37258
A34: 45383 | B34: 15117 | C34: 890 | D34: 1150 | E34: 131 | F34: 10675 | G34: 9445 | H34: 4848 | I34: 671 | J34: 42927
A35: 45413 | B35: 14227 | C35: 852 | D35: 1062 | E35: 173 | F35: 10554 | G35: 9380 | H35: 5010 | I35: 595 | J35: 41853
A36: 45444 | B36: 15015 | C36: 738 | D36: 1210 | E36: 130 | F36: 4711 | G36: 7496 | H36: 4848 | I36: 638 | J36: 34786

Sheet Monthly Potable (Overview)
