Workbook

Sheet Raw Data (KG)
B1: Trash | C1: Yellow Skip | D1: Paper (LG7/SSID) | E1: Paper (corrugated containers+office paper+ newspapers) | F1: Metal (Aluminium) | G1: Metal Skip (Metal) | H1: Plastic (waste plastic bottles + plastic bag) | I1: Expanded Polystyrene | J1: CD @0.154kg | K1: Glass | L1: Clothes | M1: Fluorescent Tube @ 0.3kg | N1: Lamp @ 0.07kg | O1: Rechargeable Battery | P1: Toner | Q1: Ink Cartridge (expressed in PIECES) | R1: Electronic Ballast (2x32W) @0.34kg | S1: Electronic Ballast (2x36W) @0.13 | T1: Electronic Ballast (1x36W) @0.15 | U1: Electrical Appliance | V1: Wood | W1: Food Waste (Contractor) | X1: Animal Bedding | Y1: Landscape | Z1: Tetra Packs | AA1: Monthly Total of Waste to Landfill | AB1: Waste to Landfill 12 month rolling sum | AC1: Waste to Landfill 12 month rolling average | AD1: Monthly Total of Recycling | AE1: Recycling 12 month rolling sum | AF1: Recycling 12 month rolling average | AH1: Total Waste Generate | AI1: Total Waste (12month rolling sum)
A2: 41456 | B2: 282100 | D2: 2000 | E2: =5120 | F2: 108 | H2: 240 | J2: 3.25 | M2: 217 | N2: 23 | O2: - | P2: =0.67*172 | Q2: 0 | AA2: =SUM(B2:C2) | AD2: =SUM(D2:Z2)
A3: 41487 | B3: 282100 | D3: 2000 | E3: =4100 | F3: 300 | H3: 250 | J3: 1.16 | M3: 203 | N3: 22 | O3: - | P3: =0.67*177 | Q3: 0 | AA3: =SUM(B3:C3) | AD3: =SUM(D3:Z3)
A4: 41518 | B4: 273000 | D4: 2000 | E4: =4900 | F4: 320 | H4: 310 | J4: 0.696 | M4: 223 | N4: 24 | O4: - | P4: =0.67*134 | Q4: 58 | AA4: =SUM(B4:C4) | AD4: =SUM(D4:Z4)
A5: 41548 | B5: 282100 | D5: 2000 | E5: =4700 | F5: 150 | H5: 440 | J5: 0.155 | M5: 400 | N5: 200 | O5: - | P5: =0.67*221 | Q5: 0 | AA5: =SUM(B5:C5) | AD5: =SUM(D5:Z5)
A6: 41579 | B6: 273000 | D6: 2000 | E6: =4450 | F6: 11 | H6: 570 | J6: 2.413 | M6: 800 | N6: 400 | O6: - | P6: =0.67*142 | Q6: 8 | AA6: =SUM(B6:C6) | AD6: =SUM(D6:Z6)
A7: 41609 | B7: 282100 | D7: 2000 | E7: =4150 | F7: 90 | H7: 600 | J7: 1.748 | M7: 600 | N7: 400 | O7: =0.05*68 | P7: =0.67*112 | Q7: 46 | AA7: =SUM(B7:C7) | AD7: =SUM(D7:Z7)
A8: 41640 | B8: 282100 | D8: 2000 | E8: =4360 | F8: 70 | H8: 520 | J8: 1.779 | M8: 600 | N8: 200 | O8: - | P8: =0.67*95 | Q8: 0 | AA8: =SUM(B8:C8) | AD8: =SUM(D8:Z8)
A9: 41671 | B9: 254800 | D9: 2000 | E9: =4400 | F9: 200 | H9: 410 | J9: 3.604 | M9: 800 | N9: 200 | O9: - | P9: =0.67*154 | Q9: 0 | AA9: =SUM(B9:C9) | AD9: =SUM(D9:Z9)
A10: 41699 | B10: 282100 | D10: 2000 | E10: =4800 | F10: 150 | H10: 390 | J10: 0.263 | M10: 800 | N10: 400 | O10: - | P10: =0.67*170 | Q10: 0 | AA10: =SUM(B10:C10) | AD10: =SUM(D10:Z10)
A11: 41730 | B11: 273000 | D11: 2000 | E11: =4620 | F11: 110 | H11: 510 | J11: 8.399 | M11: 800 | N11: 400 | O11: - | P11: =0.67*174 | Q11: 0 | AA11: =SUM(B11:C11) | AD11: =SUM(D11:Z11)
A12: 41760 | B12: 282100 | D12: 2000 | E12: =4900 | F12: 350 | H12: 470 | J12: 22.335 | M12: 800 | N12: 400 | O12: - | P12: =0.67*120 | Q12: 30 | AA12: =SUM(B12:C12) | AD12: =SUM(D12:Z12)
A13: 41791 | B13: 273000 | D13: 2000 | E13: =4700 | F13: 450 | H13: 400 | J13: 14.836 | M13: 800 | N13: 400 | O13: - | P13: =0.67*112 | Q13: 0 | AA13: =SUM(B13:C13) | AB13: =SUM(AA2:AA13) | AC13: =AB13/12 | AD13: =SUM(D13:Z13) | AE13: =SUM(AD2:AD13) | AF13: =AE13/12 | AH13: =AB13+AE13
A14: 41821 | B14: 282100 | D14: 2000 | E14: =4520 | F14: 150 | H14: 370 | J14: 27.087 | M14: 1000 | N14: 600 | O14: - | P14: =0.67*114 | Q14: 0 | AA14: =SUM(B14:C14) | AB14: =SUM(AA3:AA14) | AC14: =AB14/12 | AD14: =SUM(D14:Z14) | AE14: =SUM(AD3:AD14) | AF14: =AE14/12
A15: 41852 | B15: 282100 | D15: 2000 | E15: =4610 | F15: 140 | H15: 400 | J15: 16.097 | K15: 626 | M15: 800 | N15: 400 | O15: - | P15: =0.67*86 | Q15: 0 | AA15: =SUM(B15:C15) | AB15: =SUM(AA4:AA15) | AC15: =AB15/12 | AD15: =SUM(D15:Z15) | AE15: =SUM(AD4:AD15) | AF15: =AE15/12
A16: 41883 | B16: 273000 | D16: 2000 | E16: =4500 | F16: 350 | H16: 390 | J16: 4.022 | K16: 827 | M16: 800 | N16: 400 | O16: - | P16: =0.67*139 | Q16: 0 | AA16: =SUM(B16:C16) | AB16: =SUM(AA5:AA16) | AC16: =AB16/12 | AD16: =SUM(D16:Z16) | AE16: =SUM(AD5:AD16) | AF16: =AE16/12
A17: 41913 | B17: 282100 | D17: 2000 | E17: =4100 | F17: 90 | H17: 420 | J17: 0.526 | K17: 728 | L17: 0 | M17: 800 | N17: 400 | O17: - | P17: =0.67*100 | Q17: 25 | AA17: =SUM(B17:C17) | AB17: =SUM(AA6:AA17) | AC17: =AB17/12 | AD17: =SUM(D17:Z17) | AE17: =SUM(AD6:AD17) | AF17: =AE17/12
A18: 41944 | B18: 273000 | D18: 2000 | E18: =4900 | F18: 110 | H18: 390 | J18: 2.475 | K18: 1653 | L18: 0 | M18: 800 | N18: 400 | O18: - | P18: =0.67*100 | Q18: 0 | AA18: =SUM(B18:C18) | AB18: =SUM(AA7:AA18) | AC18: =AB18/12 | AD18: =SUM(D18:Z18) | AE18: =SUM(AD7:AD18) | AF18: =AE18/12
A19: 41974 | B19: 282100 | D19: 2000 | E19: =4750 | F19: 100 | H19: 420 | J19: 2.521 | K19: 875 | L19: 160 | M19: 1000 | N19: 400 | O19: =0.05*117 | P19: =0.67*93 | Q19: 0 | AA19: =SUM(B19:C19) | AB19: =SUM(AA8:AA19) | AC19: =AB19/12 | AD19: =SUM(D19:Z19) | AE19: =SUM(AD8:AD19) | AF19: =AE19/12
A20: 42005 | B20: 282100 | D20: 2000 | E20: =4640 | F20: 370 | H20: 390 | J20: 4.687 | K20: 870 | L20: 70 | M20: 800 | N20: 400 | O20: - | P20: =0.67*146 | Q20: 0 | AA20: =SUM(B20:C20) | AB20: =SUM(AA9:AA20) | AC20: =AB20/12 | AD20: =SUM(D20:Z20) | AE20: =SUM(AD9:AD20) | AF20: =AE20/12
A21: 42036 | B21: 254800 | D21: 2000 | E21: =4540 | F21: 110 | H21: 380 | J21: 14.617 | K21: 856 | L21: 0 | M21: 800 | N21: 400 | O21: - | P21: =0.67*97 | Q21: 21 | AA21: =SUM(B21:C21) | AB21: =SUM(AA10:AA21) | AC21: =AB21/12 | AD21: =SUM(D21:Z21) | AE21: =SUM(AD10:AD21) | AF21: =AE21/12
A22: 42064 | B22: 282100 | D22: 2000 | E22: =4140 | F22: 140 | H22: 410 | J22: 4.378 | K22: 1953 | L22: 0 | M22: 800 | N22: 400 | O22: - | P22: =0.67*127 | Q22: 0 | AA22: =SUM(B22:C22) | AB22: =SUM(AA11:AA22) | AC22: =AB22/12 | AD22: =SUM(D22:Z22) | AE22: =SUM(AD11:AD22) | AF22: =AE22/12
A23: 42095 | B23: 273000 | D23: 2000 | E23: =4040 | F23: 110 | H23: 500 | J23: 0.65 | K23: 1067 | L23: 240 | M23: 1000 | N23: 400 | O23: - | P23: =0.67*88 | Q23: 0 | AA23: =SUM(B23:C23) | AB23: =SUM(AA12:AA23) | AC23: =AB23/12 | AD23: =SUM(D23:Z23) | AE23: =SUM(AD12:AD23) | AF23: =AE23/12
A24: 42125 | B24: 282100 | D24: 2000 | E24: =4090 | F24: 550 | H24: 460 | J24: 3.357 | K24: 1074 | L24: 400 | M24: 800 | N24: 400 | O24: - | P24: =0.67*115 | Q24: 0 | AA24: =SUM(B24:C24) | AB24: =SUM(AA13:AA24) | AC24: =AB24/12 | AD24: =SUM(D24:Z24) | AE24: =SUM(AD13:AD24) | AF24: =AE24/12
A25: 42156 | B25: 273000 | D25: 2000 | E25: =4000 | F25: 150 | H25: 410 | J25: 1.764 | K25: 1038 | L25: 270 | M25: 800 | N25: 400 | O25: - | P25: =0.67*138 | Q25: 0 | AA25: =SUM(B25:C25) | AB25: =SUM(AA14:AA25) | AC25: =AB25/12 | AD25: =SUM(D25:Z25) | AE25: =SUM(AD14:AD25) | AF25: =AE25/12 | AH25: =AB25+AE25 | AI25: =AE25/AB25
A26: 42186 | B26: 231390 | D26: 2000 | E26: =4150 | F26: 110 | H26: 510 | J26: 0.062 | K26: 957 | L26: 0 | M26: 1000 | N26: 600 | O26: - | P26: =0.67*155 | Q26: 0 | AA26: =SUM(B26:C26) | AB26: =SUM(AA15:AA26) | AC26: =AB26/12 | AD26: =SUM(D26:Z26) | AE26: =SUM(AD15:AD26) | AF26: =AE26/12
A27: 42217 | B27: 281540 | D27: 2000 | E27: =4020 | F27: 130 | H27: 480 | J27: 5.006 | K27: 827 | L27: 270 | M27: 800 | N27: 400 | O27: - | P27: =0.67*105 | Q27: 0 | AA27: =SUM(B27:C27) | AB27: =SUM(AA16:AA27) | AC27: =AB27/12 | AD27: =SUM(D27:Z27) | AE27: =SUM(AD16:AD27) | AF27: =AE27/12
A28: 42248 | B28: 272880 | D28: 2000 | E28: =3810 | F28: 100 | H28: 390 | J28: 1.578 | K28: 1956 | L28: 120 | M28: 1000 | N28: 400 | O28: - | P28: =0.67*128 | Q28: 0 | AA28: =SUM(B28:C28) | AB28: =SUM(AA17:AA28) | AC28: =AB28/12 | AD28: =SUM(D28:Z28) | AE28: =SUM(AD17:AD28) | AF28: =AE28/12
A29: 42278 | B29: 281000 | D29: 2000 | E29: =3970 | F29: 90 | H29: 480 | J29: 2.042 | K29: 3297 | L29: 160 | M29: 800 | N29: 200 | O29: - | P29: =0.67*103 | Q29: 0 | AA29: =SUM(B29:C29) | AB29: =SUM(AA18:AA29) | AC29: =AB29/12 | AD29: =SUM(D29:Z29) | AE29: =SUM(AD18:AD29) | AF29: =AE29/12
A30: 42309 | B30: 274290 | D30: 2000 | E30: =3890 | F30: 100 | H30: 450 | J30: 0.062 | K30: 1785 | L30: 50 | M30: 800 | N30: 600 | O30: - | P30: =0.67*143 | Q30: 0 | AA30: =SUM(B30:C30) | AB30: =SUM(AA19:AA30) | AC30: =AB30/12 | AD30: =SUM(D30:Z30) | AE30: =SUM(AD19:AD30) | AF30: =AE30/12
A31: 42339 | B31: 267880 | D31: 2000 | E31: =3810 | F31: 250 | H31: 370 | J31: 3.224 | K31: 1400 | L31: 250 | M31: 1200 | N31: 1200 | O31: =0.05*97 | P31: =0.67*130 | Q31: 0 | AA31: =SUM(B31:C31) | AB31: =SUM(AA20:AA31) | AC31: =AB31/12 | AD31: =SUM(D31:Z31) | AE31: =SUM(AD20:AD31) | AF31: =AE31/12
A32: 42370 | B32: 269800 | D32: =2000+177.808333 | E32: =4230 | F32: 300 | H32: 460 | J32: 0.17 | K32: 1647 | L32: 100 | M32: 1200 | N32: 400 | O32: - | P32: =0.67*77 | Q32: 20 | AA32: =SUM(B32:C32) | AB32: =SUM(AA21:AA32) | AC32: =AB32/12 | AD32: =SUM(D32:Z32) | AE32: =SUM(AD21:AD32) | AF32: =AE32/12
A33: 42401 | B33: 240500 | D33: =2000+177.808333 | E33: =4070 | F33: 250 | H33: 490 | J33: 0.108 | K33: 3015 | L33: 160 | M33: 600 | N33: 200 | O33: - | P33: =0.67*57 | Q33: 0 | AA33: =SUM(B33:C33) | AB33: =SUM(AA22:AA33) | AC33: =AB33/12 | AD33: =SUM(D33:Z33) | AE33: =SUM(AD22:AD33) | AF33: =AE33/12
A34: 42430 | B34: 263290 | D34: =2000+177.808333 | E34: =4120 | F34: 170 | H34: 500 | J34: 1.436 | K34: 1168 | L34: 30 | M34: 1200 | N34: 400 | O34: - | P34: =0.67*130 | Q34: 0 | AA34: =SUM(B34:C34) | AB34: =SUM(AA23:AA34) | AC34: =AB34/12 | AD34: =SUM(D34:Z34) | AE34: =SUM(AD23:AD34) | AF34: =AE34/12
A35: 42461 | B35: 260100 | D35: =2000+177.808333 | E35: =4050 | F35: 140 | H35: 410 | J35: 1.764 | K35: 1397 | L35: 100 | M35: 600 | N35: 400 | O35: - | P35: =0.67*81 | Q35: 0 | AA35: =SUM(B35:C35) | AB35: =SUM(AA24:AA35) | AC35: =AB35/12 | AD35: =SUM(D35:Z35) | AE35: =SUM(AD24:AD35) | AF35: =AE35/12
A36: 42491 | B36: 279280 | D36: =2000+177.808333 | E36: =4080 | F36: 110 | H36: 500 | J36: 0 | K36: 1824 | L36: 150 | M36: 1000 | N36: 400 | O36: - | P36: =0.67*52 | Q36: 9 | AA36: =SUM(B36:C36) | AB36: =SUM(AA25:AA36) | AC36: =AB36/12 | AD36: =SUM(D36:Z36) | AE36: =SUM(AD25:AD36) | AF36: =AE36/12
A37: 42522 | B37: 265300 | D37: =2000+177.808333 | E37: =4120 | F37: 270 | H37: 490 | J37: 0 | K37: 1672 | L37: 340 | M37: 800 | N37: 400 | O37: - | P37: 0 | Q37: 0 | X37: 0 | AA37: =SUM(B37:C37) | AB37: =SUM(AA26:AA37) | AC37: =AB37/12 | AD37: =SUM(D37:Z37) | AE37: =SUM(AD26:AD37) | AF37: =AE37/12 | AH37: =AB37+AE37
A38: 42552 | B38: 230700 | D38: =2480+177.808333 | E38: 2980 | F38: 260 | H38: 510 | J38: 0 | K38: 2495 | L38: 0 | M38: 1000 | N38: 600 | O38: - | P38: 0 | Q38: 0 | AA38: =SUM(B38:C38) | AB38: =SUM(AA27:AA38) | AC38: =AB38/12 | AD38: =SUM(D38:Z38) | AE38: =SUM(AD27:AD38) | AF38: =AE38/12
A39: 42583 | B39: 249380 | D39: =2580+177.808333 | E39: =7160 | F39: 400 | H39: 577.5 | J39: 0 | K39: 1142 | L39: 200 | M39: 2400 | N39: 200 | O39: - | P39: 0 | Q39: 0 | AA39: =SUM(B39:C39) | AB39: =SUM(AA28:AA39) | AC39: =AB39/12 | AD39: =SUM(D39:Z39) | AE39: =SUM(AD28:AD39) | AF39: =AE39/12
A40: 42614 | B40: 261650 | D40: =2830+177.808333 | E40: 7820 | F40: 250 | H40: 1119.8 | J40: 0 | K40: 2204 | L40: 220 | M40: 1800 | N40: 400 | O40: - | P40: =0.67*253 | Q40: 0 | X40: 0 | AA40: =SUM(B40:C40) | AB40: =SUM(AA29:AA40) | AC40: =AB40/12 | AD40: =SUM(D40:Z40) | AE40: =SUM(AD29:AD40) | AF40: =AE40/12
A41: 42644 | B41: 258900 | D41: 177.80833 | E41: 9300 | F41: 150 | H41: 2310 | J41: 13.462 | K41: 1653 | L41: 0 | M41: 2000 | N41: 200 | O41: - | P41: 0 | Q41: 0 | W41: ='Raw Food Data (KG)'!Q2 | X41: 0 | AA41: =SUM(B41:C41) | AB41: =SUM(AA30:AA41) | AC41: =AB41/12 | AD41: =SUM(D41:Z41) | AE41: =SUM(AD30:AD41) | AF41: =AE41/12
A42: 42675 | B42: 262650 | D42: 177.80833 | E42: 9900 | F42: 110 | H42: 2627.5 | J42: 0 | K42: 3458 | L42: 0 | M42: 1600 | N42: 400 | O42: - | P42: =0.67*221 | Q42: 0 | W42: ='Raw Food Data (KG)'!Q3 | X42: 66 | AA42: =SUM(B42:C42) | AB42: =SUM(AA31:AA42) | AC42: =AB42/12 | AD42: =SUM(D42:Z42) | AE42: =SUM(AD31:AD42) | AF42: =AE42/12
A43: 42705 | B43: 247410 | D43: 177.80833 | E43: 9450 | F43: 270 | H43: 1472.5 | J43: 0 | K43: 1465 | L43: 50 | M43: 1400 | N43: 200 | O43: =0.05*113 | P43: 0 | Q43: 0 | W43: ='Raw Food Data (KG)'!Q4 | X43: 62.5 | AA43: =SUM(B43:C43) | AB43: =SUM(AA32:AA43) | AC43: =AB43/12 | AD43: =SUM(D43:Z43) | AE43: =SUM(AD32:AD43) | AF43: =AE43/12
A44: 42736 | B44: 186070 | C44: 41470 | D44: 2093.875 | E44: 10200 | F44: 180 | H44: 1682 | J44: =8231/1000 | K44: 1726 | L44: 0 | M44: 1400 | N44: 0 | O44: - | P44: =0.67*206 | Q44: 0 | W44: ='Raw Food Data (KG)'!Q5 | X44: 0 | AA44: =SUM(B44:C44) | AB44: =SUM(AA33:AA44) | AC44: =AB44/12 | AD44: =SUM(D44:Z44) | AE44: =SUM(AD33:AD44) | AF44: =AE44/12
A45: 42767 | B45: 189900 | C45: 54160 | D45: 2093.875 | E45: 9070 | F45: 210 | H45: 1845.5 | J45: 0 | K45: 1475 | L45: 120 | M45: 2800 | N45: 400 | O45: - | P45: 0 | Q45: 0 | W45: ='Raw Food Data (KG)'!Q6 | X45: 0 | AA45: =SUM(B45:C45) | AB45: =SUM(AA34:AA45) | AC45: =AB45/12 | AD45: =SUM(D45:Z45) | AE45: =SUM(AD34:AD45) | AF45: =AE45/12
A46: 42795 | B46: 218930 | C46: 32240 | D46: 2093.875 | E46: 9840 | F46: 210 | H46: 1991 | J46: 0 | K46: 1816 | L46: 0 | M46: 3000 | N46: 0 | O46: - | P46: =0.67*121 | Q46: 0 | W46: ='Raw Food Data (KG)'!Q7 | X46: 0 | AA46: =SUM(B46:C46) | AB46: =SUM(AA35:AA46) | AC46: =AB46/12 | AD46: =SUM(D46:Z46) | AE46: =SUM(AD35:AD46) | AF46: =AE46/12
A47: 42826 | B47: 200140 | C47: 35860 | D47: 2093.875 | E47: 10420 | F47: 290 | H47: 2070.2 | J47: 0 | K47: 1894 | L47: 150 | M47: 1400 | N47: 400 | O47: - | P47: 0 | Q47: 0 | R47: =0.34*1900 | S47: =0.13*40 | T47: =0.15*60 | W47: ='Raw Food Data (KG)'!Q8 | X47: 0 | AA47: =SUM(B47:C47) | AB47: =SUM(AA36:AA47) | AC47: =AB47/12 | AD47: =SUM(D47:Z47) | AE47: =SUM(AD36:AD47) | AF47: =AE47/12
A48: 42856 | B48: 194190 | C48: 41550 | D48: 2093.875 | E48: 11250 | F48: 260 | H48: 1900 | J48: =29-8-13 | K48: 1563 | L48: 250 | M48: 3400 | N48: 400 | O48: - | P48: =0.67*129 | Q48: 0 | W48: ='Raw Food Data (KG)'!Q9 | X48: 0 | AA48: =SUM(B48:C48) | AB48: =SUM(AA37:AA48) | AC48: =AB48/12 | AD48: =SUM(D48:Z48) | AE48: =SUM(AD37:AD48) | AF48: =AE48/12
A49: 42887 | B49: 204680 | C49: 51440 | D49: 2093.875 | E49: 7160 | F49: 400 | H49: =1991+1020 | J49: 0 | K49: 1981 | L49: 250 | M49: 800 | N49: 400 | O49: - | P49: 0 | Q49: 0 | R49: =0.34*1000 | W49: ='Raw Food Data (KG)'!Q10 | X49: 0 | AA49: =SUM(B49:C49) | AB49: =SUM(AA38:AA49) | AC49: =AB49/12 | AD49: =SUM(D49:Z49) | AE49: =SUM(AD38:AD49) | AF49: =AE49/12 | AH49: =AB49+AE49
A50: 42917 | B50: 180020 | C50: 45550 | D50: 2093.875 | E50: 10930 | F50: 270 | H50: 1863.5 | J50: 2.568 | K50: 1948 | L50: 100 | M50: 3200 | N50: 400 | O50: - | P50: =0.67*148 | Q50: 3 | W50: ='Raw Food Data (KG)'!Q11 | X50: 0 | AA50: =SUM(B50:C50) | AB50: =SUM(AA39:AA50) | AC50: =AB50/12 | AD50: =SUM(D50:Z50) | AE50: =SUM(AD39:AD50) | AF50: =AE50/12
A51: 42948 | B51: 205980 | C51: 48250 | D51: 2093.875 | E51: 10700 | F51: 210 | H51: 975 | J51: 0 | K51: 1726 | L51: 0 | M51: 800 | N51: 400 | O51: - | P51: 0 | Q51: 0 | R51: =0.34*700 | S51: =0.13*300 | W51: ='Raw Food Data (KG)'!Q12 | X51: 0 | AA51: =SUM(B51:C51) | AB51: =SUM(AA40:AA51) | AC51: =AB51/12 | AD51: =SUM(D51:Z51) | AE51: =SUM(AD40:AD51) | AF51: =AE51/12
A52: 42979 | B52: 204680 | C52: 55310 | D52: 721 | E52: 7160 | F52: 400 | H52: 975 | J52: 3.434 | K52: 3290 | L52: 200 | M52: 800 | N52: 400 | O52: - | P52: 0 | Q52: 0 | W52: ='Raw Food Data (KG)'!Q13 | X52: 0 | AA52: =SUM(B52:C52) | AB52: =SUM(AA41:AA52) | AC52: =AB52/12 | AD52: =SUM(D52:Z52) | AE52: =SUM(AD41:AD52) | AF52: =AE52/12
A53: 43009 | B53: 205980 | C53: 65260 | D53: 423 | E53: 9910 | F53: 200 | H53: 1691 | J53: 0 | K53: 0 | L53: 70 | M53: 800 | N53: 400 | O53: - | P53: =0.67*193 | Q53: 7 | W53: ='Raw Food Data (KG)'!Q14 | X53: 0 | AA53: =SUM(B53:C53) | AB53: =SUM(AA42:AA53) | AC53: =AB53/12 | AD53: =SUM(D53:Z53) | AE53: =SUM(AD42:AD53) | AF53: =AE53/12
A54: 43040 | B54: 227040 | C54: 65070 | D54: 828 | E54: 9740 | F54: 210 | H54: 975 | J54: 2.011 | K54: 3956 | L54: 100 | M54: 1200 | N54: 600 | O54: - | P54: 0 | Q54: 0 | R54: =0.34*700 | S54: =0.13*300 | W54: ='Raw Food Data (KG)'!Q15 | X54: 0 | AA54: =SUM(B54:C54) | AB54: =SUM(AA43:AA54) | AC54: =AB54/12 | AD54: =SUM(D54:Z54) | AE54: =SUM(AD43:AD54) | AF54: =AE54/12
A55: 43070 | B55: 212210 | C55: 24760 | D55: 1935 | E55: 8410 | F55: 150 | H55: 1882 | I55: 110.05 | J55: 0 | K55: 4858 | L55: 100 | M55: 1800 | N55: 400 | O55: =0.05*92 | P55: =0.67*193 | Q55: 0 | R55: =0.34*500 | T55: =0.15*500 | W55: ='Raw Food Data (KG)'!Q16 | X55: 0 | AA55: =SUM(B55:C55) | AB55: =SUM(AA44:AA55) | AC55: =AB55/12 | AD55: =SUM(D55:Z55) | AE55: =SUM(AD44:AD55) | AF55: =AE55/12
A56: 43101 | B56: 214260 | C56: 65070 | D56: 196 | E56: 9740 | F56: 210 | H56: 975 | I56: 58.3 | J56: 0 | K56: 0 | L56: 150 | M56: 1600 | N56: 400 | O56: - | P56: 0 | Q56: 0 | W56: ='Raw Food Data (KG)'!Q17 | X56: 0 | AA56: =SUM(B56:C56) | AB56: =SUM(AA45:AA56) | AC56: =AB56/12 | AD56: =SUM(D56:Z56) | AE56: =SUM(AD45:AD56) | AF56: =AE56/12
A57: 43132 | B57: 202080 | C57: 18960 | D57: 313 | E57: 7530 | F57: 150 | H57: 140 | I57: 60.3 | J57: 0 | K57: 2040 | L57: 0 | M57: 1200 | N57: 200 | O57: - | P57: 0 | Q57: 0 | V57: 1300 | W57: ='Raw Food Data (KG)'!Q18 | X57: 0 | AA57: =SUM(B57:C57) | AB57: =SUM(AA46:AA57) | AC57: =AB57/12 | AD57: =SUM(D57:Z57) | AE57: =SUM(AD46:AD57) | AF57: =AE57/12
A58: 43160 | B58: 195120 | C58: 41590 | D58: 181 | E58: 9500 | F58: 170 | G58: 330 | H58: 450 | I58: 68.5 | J58: 0 | K58: 1740 | L58: 80 | M58: 1600 | N58: 400 | O58: - | P58: =0.67*260 | Q58: 7 | V58: 1500 | W58: ='Raw Food Data (KG)'!Q19 | X58: 0 | AA58: =SUM(B58:C58) | AB58: =SUM(AA47:AA58) | AC58: =AB58/12 | AD58: =SUM(D58:Z58) | AE58: =SUM(AD47:AD58) | AF58: =AE58/12
A59: 43191 | B59: 177650 | C59: 25270 | D59: 0 | E59: 9790 | F59: 170 | H59: 460 | I59: 56.4 | J59: 11.511 | K59: 1490 | L59: 180 | M59: 4600 | N59: 400 | O59: - | P59: 0 | Q59: 0 | S59: =0.13*(1000+1600) | T59: =0.15*(1000+400) | V59: 1300 | W59: ='Raw Food Data (KG)'!Q20 | X59: 0 | Y59: 3000 | AA59: =SUM(B59:C59) | AB59: =SUM(AA48:AA59) | AC59: =AB59/12 | AD59: =SUM(D59:Z59) | AE59: =SUM(AD48:AD59) | AF59: =AE59/12
A60: 43221 | B60: 172500 | C60: 37170 | D60: 130 | E60: 11580 | F60: 170 | H60: 670 | I60: 0 | J60: 0 | K60: 0 | L60: 170 | M60: 2400 | N60: 200 | O60: - | P60: 0 | Q60: 0 | V60: 3400 | W60: ='Raw Food Data (KG)'!Q21 | X60: 0 | Y60: 12000 | AA60: =SUM(B60:C60) | AB60: =SUM(AA49:AA60) | AC60: =AB60/12 | AD60: =SUM(D60:Z60) | AE60: =SUM(AD49:AD60) | AF60: =AE60/12
A61: 43252 | B61: 172790 | C61: 40100 | D61: 4124 | E61: 10110 | F61: 210 | H61: 340 | I61: 119.65 | J61: 0 | K61: 3470 | L61: 280 | M61: 800 | N61: 400 | O61: - | P61: 0 | Q61: 0 | V61: 40370 | W61: ='Raw Food Data (KG)'!Q22 | X61: 0 | Y61: 6000 | AA61: =SUM(B61:C61) | AB61: =SUM(AA50:AA61) | AC61: =AB61/12 | AD61: =SUM(D61:Z61) | AE61: =SUM(AD50:AD61) | AF61: =AE61/12 | AH61: =AB61+AE61
A62: 43282 | B62: 181220 | C62: 34440 | D62: 144 | E62: 11130 | F62: 260 | H62: 560 | I62: 57.8 | J62: 0 | K62: 0 | L62: 130 | M62: 800 | N62: 400 | O62: - | P62: 0 | Q62: 0 | R62: 0 | S62: =0.13*800 | T62: =0.15*200 | V62: 0 | W62: ='Raw Food Data (KG)'!Q23 | X62: 0 | Y62: 5000 | AA62: =SUM(B62:C62) | AB62: =SUM(AA51:AA62) | AC62: =AB62/12 | AD62: =SUM(D62:Z62) | AE62: =SUM(AD51:AD62) | AF62: =AE62/12
A63: 43313 | B63: 176530 | C63: 29500 | D63: 66 | E63: 10170 | F63: 310 | H63: 540 | I63: 29.5 | J63: 0 | K63: 2620 | L63: 0 | M63: 800 | N63: 400 | O63: - | P63: 0 | Q63: 0 | R63: 0 | S63: 0 | T63: 0 | U63: =17*27+3*35+4*4.5 | V63: 7200 | W63: ='Raw Food Data (KG)'!Q24 | X63: 0 | Y63: 3500 | AA63: =SUM(B63:C63) | AB63: =SUM(AA52:AA63) | AC63: =AB63/12 | AD63: =SUM(D63:Z63) | AE63: =SUM(AD52:AD63) | AF63: =AE63/12
A64: 43344 | B64: 173070 | C64: 23680 | D64: 589 | E64: 9110 | F64: 270 | H64: 660 | I64: 0 | J64: 0.186 | K64: 845 | L64: 260 | M64: 800 | N64: 400 | O64: - | P64: =0.67*238 | Q64: 14 | R64: 0 | S64: 0 | T64: 0 | V64: 3800 | W64: ='Raw Food Data (KG)'!Q25 | X64: 7680 | Y64: 45500 | AA64: =SUM(B64:C64) | AB64: =SUM(AA53:AA64) | AC64: =AB64/12 | AD64: =SUM(D64:Z64) | AE64: =SUM(AD53:AD64) | AF64: =AE64/12
A65: 43374 | B65: 177500 | C65: 28200 | D65: 225 | E65: 7540 | F65: 190 | H65: 1170 | I65: 223.45 | J65: 0 | K65: 1663 | L65: 30 | M65: 2400 | N65: 600 | O65: - | P65: 0 | Q65: 0 | U65: =12*27+1*7.5+2*4.5 | V65: 2700 | W65: ='Raw Food Data (KG)'!Q26 | X65: 7680 | Y65: 0 | AA65: =SUM(B65:C65) | AB65: =SUM(AA54:AA65) | AC65: =AB65/12 | AD65: =SUM(D65:Z65) | AE65: =SUM(AD54:AD65) | AF65: =AE65/12
A66: 43405 | B66: 208090 | C66: 25670 | D66: 366 | E66: 7720 | F66: 170 | H66: 820 | I66: 159.65 | J66: 0.449 | K66: 812 | L66: 0 | M66: 1800 | N66: 200 | O66: - | P66: 0 | Q66: 0 | S66: =0.13*2000 | U66: =32*27+9*35 | V66: 3700 | W66: ='Raw Food Data (KG)'!Q27 | X66: 7680 | Y66: 21000 | AA66: =SUM(B66:C66) | AB66: =SUM(AA55:AA66) | AC66: =AB66/12 | AD66: =SUM(D66:Z66) | AE66: =SUM(AD55:AD66) | AF66: =AE66/12
A67: 43435 | B67: 202560 | C67: 31590 | D67: 739 | E67: 7080 | F67: 120 | H67: 830 | I67: 78 | J67: 0.186 | K67: 2191 | L67: 100 | M67: 1800 | N67: 400 | O67: - | P67: =0.67*370 | Q67: 20 | V67: 32700 | W67: ='Raw Food Data (KG)'!Q28 | X67: 7680 | Y67: 28000 | AA67: =SUM(B67:C67) | AB67: =SUM(AA56:AA67) | AC67: =AB67/12 | AD67: =SUM(D67:Z67) | AE67: =SUM(AD56:AD67) | AF67: =AE67/12
A68: 43466 | B68: 145940.26 | C68: 23670 | D68: 0 | E68: 9880 | F68: 170 | H68: 610 | I68: 79.5 | J68: 0 | K68: 1388 | L68: 180 | M68: 2800 | N68: 400 | O68: - | P68: 0 | Q68: 0 | U68: =17*27+6*7.5+19*4.5+7*35+2*4.5+1*6.5 | V68: 7800 | W68: ='Raw Food Data (KG)'!Q29 | X68: =160*48 | Y68: 38500 | AA68: =SUM(B68:C68) | AB68: =SUM(AA57:AA68) | AC68: =AB68/12 | AD68: =SUM(D68:Z68) | AE68: =SUM(AD57:AD68) | AF68: =AE68/12
A69: 43497 | B69: 138993.92 | C69: 20250 | D69: 233 | E69: 7000 | F69: 160 | H69: 390 | I69: 61.5 | J69: 3.945 | K69: 1172 | L69: 0 | M69: 1400 | N69: 400 | O69: - | P69: =0.67*125 | Q69: 3 | V69: 1900 | W69: ='Raw Food Data (KG)'!Q30 | X69: =160*48 | Y69: 0 | AA69: =SUM(B69:C69) | AB69: =SUM(AA58:AA69) | AC69: =AB69/12 | AD69: =SUM(D69:Z69) | AE69: =SUM(AD58:AD69) | AF69: =AE69/12
A70: 43525 | B70: 162063.14 | C70: 14620 | D70: 224 | E70: 9520 | F70: 180 | H70: 950 | I70: 70.2 | J70: 0 | K70: 1793 | L70: 120 | M70: 800 | N70: 200 | O70: - | P70: =0.67*90 | Q70: 0 | V70: 2500 | W70: ='Raw Food Data (KG)'!Q31 | Y70: 3500 | AA70: =SUM(B70:C70) | AB70: =SUM(AA59:AA70) | AC70: =AB70/12 | AD70: =SUM(D70:Z70) | AE70: =SUM(AD59:AD70) | AF70: =AE70/12
A71: 43556 | B71: 134497.64 | C71: 13820 | D71: 485 | E71: 8220 | F71: 160 | H71: 920 | I71: 0 | J71: 1.47 | K71: 1845 | L71: 100 | M71: 2200 | N71: 400 | O71: - | P71: =0.67*137 | Q71: 18 | V71: 7800 | W71: ='Raw Food Data (KG)'!Q32 | Y71: 0 | AA71: =SUM(B71:C71) | AB71: =SUM(AA60:AA71) | AC71: =AB71/12 | AD71: =SUM(D71:Z71) | AE71: =SUM(AD60:AD71) | AF71: =AE71/12
A72: 43586 | B72: 155093.38 | C72: 28910 | D72: 11581 | E72: 6735 | F72: 140 | H72: 1080 | I72: 62.35 | J72: 1.841 | K72: 1356 | L72: 130 | M72: 800 | N72: 200 | O72: - | P72: 0 | Q72: 0 | U72: =27*27+9*4.5+21*35 | V72: 10400 | W72: ='Raw Food Data (KG)'!Q33 | Y72: 0 | AA72: =SUM(B72:C72) | AB72: =SUM(AA61:AA72) | AC72: =AB72/12 | AD72: =SUM(D72:Z72) | AE72: =SUM(AD61:AD72) | AF72: =AE72/12
A73: 43617 | B73: 155588.34 | C73: 37750 | D73: 575 | E73: 7100 | F73: 170 | H73: 870 | I73: 63.8 | J73: 0 | K73: 2613 | L73: 150 | M73: 800 | N73: 200 | O73: - | P73: 0 | Q73: 0 | V73: 11000 | W73: ='Raw Food Data (KG)'!Q34 | Y73: 0 | AA73: =SUM(B73:C73) | AB73: =SUM(AA62:AA73) | AC73: =AB73/12 | AD73: =SUM(D73:Z73) | AE73: =SUM(AD62:AD73) | AF73: =AE73/12 | AH73: =AB73+AE73
A74: 43647 | B74: 141020 | C74: 39000 | D74: 3106 | E74: =5696+6456 | F74: 100 | G74: 423 | H74: 390 | J74: 20.067 | K74: 1388 | L74: 110 | M74: 800 | N74: 400 | O74: - | P74: =0.67*112 | Q74: 0 | V74: 19200 | W74: ='Raw Food Data (KG)'!Q35 | Y74: 0 | AA74: =SUM(B74:C74) | AB74: =SUM(AA63:AA74) | AC74: =AB74/12 | AD74: =SUM(D74:Z74) | AE74: =SUM(AD63:AD74) | AF74: =AE74/12
A75: 43678 | B75: 150570 | C75: 51750 | D75: 4099.2 | E75: 5646 | F75: 51 | G75: 267 | H75: 302 | I75: 67.1 | J75: 0 | K75: 2411 | L75: 70 | M75: 600 | N75: 400 | O75: - | P75: 0 | Q75: 0 | V75: 25600 | W75: ='Raw Food Data (KG)'!Q36 | Y75: 0 | AA75: =SUM(B75:C75) | AB75: =SUM(AA64:AA75) | AC75: =AB75/12 | AD75: =SUM(D75:Z75) | AE75: =SUM(AD64:AD75) | AF75: =AE75/12
A76: 43709 | B76: 138430 | C76: 62990 | D76: 7886.4 | E76: =6755+4050 | F76: 83 | G76: 169 | H76: 380 | I76: 157.25 | J76: 0.789 | K76: 2352 | L76: 40 | M76: 800 | N76: 600 | O76: - | P76: =0.67*105 | Q76: 20 | U76: =31*27+2*7.5 | V76: 24100 | W76: ='Raw Food Data (KG)'!Q37 | X76: =10560 | Y76: 17500 | AA76: =SUM(B76:C76) | AB76: =SUM(AA65:AA76) | AC76: =AB76/12 | AD76: =SUM(D76:Z76) | AE76: =SUM(AD65:AD76) | AF76: =AE76/12
A77: 43739 | B77: 133570 | C77: 59480 | D77: 622 | E77: 14330 | F77: 107 | G77: 179 | H77: 462 | I77: 81 | J77: 15.38 | K77: 2259 | L77: 40 | M77: 400 | N77: 400 | O77: - | P77: =0.67*120 | Q77: 9 | R77: 0 | S77: 0 | T77: 0 | U77: 0 | V77: 14400 | W77: ='Raw Food Data (KG)'!Q38 | X77: 10560 | Y77: 10500 | AA77: =SUM(B77:C77) | AB77: =SUM(AA66:AA77) | AC77: =AB77/12 | AD77: =SUM(D77:Z77) | AE77: =SUM(AD66:AD77) | AF77: =AE77/12
A78: 43770 | B78: 106670 | C78: 49040 | D78: 2214 | E78: 12030 | F78: 107 | G78: 220 | H78: 401 | I78: 391.95 | J78: 3.4 | K78: 542 | L78: 30 | M78: 800 | N78: 400 | O78: - | P78: =0.67*95 | Q78: 6 | V78: 10500 | W78: ='Raw Food Data (KG)'!Q39 | X78: 10240 | Y78: 14000 | AA78: =SUM(B78:C78) | AB78: =SUM(AA67:AA78) | AC78: =AB78/12 | AD78: =SUM(D78:Z78) | AE78: =SUM(AD67:AD78) | AF78: =AE78/12
A79: 43800 | B79: 114530 | C79: 56380 | D79: 909 | E79: 13715 | F79: 94 | G79: 197 | H79: 340 | I79: 72.35 | J79: 5.57 | K79: 874 | L79: 50 | M79: 800 | N79: 400 | O79: - | P79: =0.67*74 | Q79: 11 | U79: =36*27+1*4.5+22*35 | V79: 10100 | W79: ='Raw Food Data (KG)'!Q40 | X79: 10240 | Y79: 24500 | AA79: =SUM(B79:C79) | AB79: =SUM(AA68:AA79) | AC79: =AB79/12 | AD79: =SUM(D79:Z79) | AE79: =SUM(AD68:AD79) | AF79: =AE79/12
A80: 43831 | B80: 86780 | C80: 27790 | D80: 1011 | E80: 12753 | F80: 80 | G80: 214 | H80: 280 | I80: 76.85 | J80: 0 | K80: 0 | L80: 80 | M80: 800 | N80: 400 | O80: - | P80: 0 | Q80: 0 | U80: 0 | V80: 11200 | W80: ='Raw Food Data (KG)'!Q41 | X80: 5120 | Y80: 21000 | AA80: =SUM(B80:C80) | AB80: =SUM(AA69:AA80) | AC80: =AB80/12 | AD80: =SUM(D80:Z80) | AE80: =SUM(AD69:AD80) | AF80: =AE80/12
A81: 43862 | B81: 68320 | C81: 16600 | D81: 0 | E81: 7410 | F81: 56 | G81: 164 | H81: 250 | I81: 71.9 | J81: 0 | K81: 0 | L81: 0 | M81: 400 | N81: 200 | O81: - | P81: 0 | Q81: 0 | U81: 0 | V81: 7900 | W81: ='Raw Food Data (KG)'!Q42 | X81: 6400 | Y81: 21000 | AA81: =SUM(B81:C81) | AB81: =SUM(AA70:AA81) | AC81: =AB81/12 | AD81: =SUM(D81:Z81) | AE81: =SUM(AD70:AD81) | AF81: =AE81/12
A82: 43891 | B82: 74000 | C82: 24090 | D82: 190 | E82: 10071 | F82: 77 | G82: 211 | H82: 356 | I82: 82.1 | J82: 0 | K82: 1020 | L82: 0 | M82: 400 | N82: 200 | O82: - | P82: 0 | Q82: 0 | U82: 0 | V82: 10000 | W82: ='Raw Food Data (KG)'!Q43 | X82: 4800 | Y82: 21000 | AA82: =SUM(B82:C82) | AB82: =SUM(AA71:AA82) | AC82: =AB82/12 | AD82: =SUM(D82:Z82) | AE82: =SUM(AD71:AD82) | AF82: =AE82/12
A83: 43922 | B83: 77800 | C83: 24780 | D83: 174 | E83: 8981 | F83: 67 | G83: 214 | H83: 284 | I83: 136 | J83: 0 | K83: 0 | L83: 0 | M83: 400 | N83: 200 | O83: - | P83: 0 | Q83: 0 | V83: 5200 | W83: ='Raw Food Data (KG)'!Q44 | X83: 4800 | Y83: 24500 | AA83: =SUM(B83:C83) | AB83: =SUM(AA72:AA83) | AC83: =AB83/12 | AD83: =SUM(D83:Z83) | AE83: =SUM(AD72:AD83) | AF83: =AE83/12
A84: 43952 | B84: 95690 | C84: 46630 | D84: 862 | E84: 9906 | F84: 76 | G84: 1743 | H84: 291 | I84: 223.15 | J84: 10.829 | K84: 863 | L84: 0 | M84: 800 | N84: 400 | O84: - | P84: =0.67*163 | Q84: 2 | U84: =27*27 | V84: 11500 | W84: ='Raw Food Data (KG)'!Q45 | X84: 6400 | Y84: 28000 | AA84: =SUM(B84:C84) | AB84: =SUM(AA73:AA84) | AC84: =AB84/12 | AD84: =SUM(D84:Z84) | AE84: =SUM(AD73:AD84) | AF84: =AE84/12
A85: 43983 | B85: 100890 | C85: 43240 | D85: 657 | E85: 12620 | F85: 88 | G85: 2264 | H85: 322 | I85: 145.1 | J85: 10.52 | K85: 982 | L85: 180 | M85: 1600 | N85: 400 | O85: - | P85: =0.67*250 | Q85: 0 | U85: =23*27+1*4.5+12*35 | V85: 7200 | W85: ='Raw Food Data (KG)'!Q46 | X85: 6400 | Y85: 28000 | AA85: =SUM(B85:C85) | AB85: =SUM(AA74:AA85) | AC85: =AB85/12 | AD85: =SUM(D85:Z85) | AE85: =SUM(AD74:AD85) | AF85: =AE85/12 | AG85: =(AC87-AC25)/AC25
A86: 44013 | B86: 99540 | C86: 25450 | D86: 481 | E86: 12224 | F86: 107 | G86: 1459 | H86: 340 | I86: 233.8 | J86: 0.851 | K86: 0 | L86: 70 | M86: 400 | N86: 200 | O86: - | P86: =0.67*220 | Q86: 6 | U86: 0 | V86: 12300 | W86: ='Raw Food Data (KG)'!Q47 | X86: 4800 | Y86: 17500 | AA86: =SUM(B86:C86) | AB86: =SUM(AA75:AA86) | AC86: =AB86/12 | AD86: =SUM(D86:Z86) | AE86: =SUM(AD75:AD86) | AF86: =AE86/12
A87: 44044 | B87: 98190 | C87: 25100 | D87: 735 | E87: 11764 | F87: 107 | G87: 1874 | H87: 343 | I87: 137.15 | J87: 0 | K87: 734 | L87: 100 | M87: 1200 | N87: 600 | O87: - | P87: 0 | Q87: 0 | U87: =5*27+27*35 | V87: 12400 | W87: ='Raw Food Data (KG)'!Q48 | X87: 4800 | Y87: 24000 | AA87: =SUM(B87:C87) | AB87: =SUM(AA76:AA87) | AC87: =AB87/12 | AD87: =SUM(D87:Z87) | AE87: =SUM(AD76:AD87) | AF87: =AE87/12
A88: 44075 | B88: 103480 | C88: 26450 | D88: 2051 | E88: 12331 | F88: 105 | G88: 266 | H88: 344 | I88: 168.75 | J88: 0.789 | K88: 643 | L88: 0 | M88: 800 | N88: 400 | O88: - | P88: =0.67*123 | Q88: 0 | U88: 0 | V88: 10400 | W88: ='Raw Food Data (KG)'!Q49 | X88: 6400 | Y88: 21000 | AA88: =SUM(B88:C88) | AB88: =SUM(AA77:AA88) | AC88: =AB88/12 | AD88: =SUM(D88:Z88) | AE88: =SUM(AD77:AD88) | AF88: =AE88/12
A89: 44105 | B89: 99600 | C89: 18840 | D89: 807 | E89: 13196 | F89: 96 | G89: 249 | H89: 348 | I89: 162.7 | J89: 0 | K89: 971 | L89: 0 | M89: 400 | N89: 400 | O89: - | P89: =0.67*86 | Q89: 6 | U89: =29*27+2*4.5 | V89: 12200 | W89: ='Raw Food Data (KG)'!Q50 | X89: 4800 | Y89: 24500 | AA89: =SUM(B89:C89) | AB89: =SUM(AA78:AA89) | AC89: =AB89/12 | AD89: =SUM(D89:Z89) | AE89: =SUM(AD78:AD89) | AF89: =AE89/12
A90: 44136 | B90: 100780 | C90: 20400 | D90: 866 | E90: 11978 | F90: 100 | G90: 321 | H90: 477 | I90: 242.15 | J90: 0.464 | K90: 781 | L90: 0 | M90: 800 | N90: 400 | O90: - | P90: =0.67*125 | Q90: 7 | U90: =(18+29)*27+7.5*2+(22+2)*4.5+1*35 | V90: 13500 | W90: ='Raw Food Data (KG)'!Q51 | X90: 3200 | Y90: 21000 | AA90: =SUM(B90:C90) | AB90: =SUM(AA79:AA90) | AC90: =AB90/12 | AD90: =SUM(D90:Z90) | AE90: =SUM(AD79:AD90) | AF90: =AE90/12
A91: 44166 | B91: 92840 | C91: 19120 | D91: 731 | E91: 11422 | F91: 86 | G91: 321 | H91: 352 | I91: 161.05 | J91: 0.928 | K91: 971 | L91: 0 | M91: 600 | N91: 200 | O91: - | P91: =0.67*100 | Q91: 0 | U91: 0 | V91: 14600 | W91: ='Raw Food Data (KG)'!Q52 | X91: 3200 | Y91: 10500 | AA91: =SUM(B91:C91) | AB91: =SUM(AA80:AA91) | AC91: =AB91/12 | AD91: =SUM(D91:Z91) | AE91: =SUM(AD80:AD91) | AF91: =AE91/12
A92: 44197 | B92: 82270 | C92: 19600 | D92: 291 | E92: 12557 | F92: 82 | G92: 262 | H92: 305 | I92: 83.55 | J92: 4.64 | K92: 1544 | L92: 0 | M92: 600 | N92: 400 | O92: - | P92: =0.67*112 | Q92: 0 | U92: 0 | V92: 18700 | W92: ='Raw Food Data (KG)'!Q53 | X92: 3200 | Y92: 24500 | AA92: =SUM(B92:C92) | AB92: =SUM(AA81:AA92) | AC92: =AB92/12 | AD92: =SUM(D92:Z92) | AE92: =SUM(AD81:AD92) | AF92: =AE92/12
A93: 44228 | B93: 91040 | C93: 16990 | D93: 90 | E93: 11838 | F93: 89 | G93: 1701 | H93: 366 | I93: 185.05 | J93: 3.911 | K93: 0 | L93: 0 | M93: 600 | N93: 400 | O93: - | P93: 0 | Q93: 0 | U93: =24*27+4.5*1 | V93: 6000 | W93: ='Raw Food Data (KG)'!Q54 | X93: 4800 | Y93: 14000 | AA93: =SUM(B93:C93) | AB93: =SUM(AA82:AA93) | AC93: =AB93/12 | AD93: =SUM(D93:Z93) | AE93: =SUM(AD82:AD93) | AF93: =AE93/12
A94: 44256 | B94: 108160 | C94: 20300 | D94: 588 | E94: 14191 | F94: 90 | G94: 251 | H94: 433 | I94: 142.6 | J94: 4.363 | K94: 758 | L94: 30 | M94: 400 | N94: 200 | O94: - | P94: =0.67*110 | Q94: 0 | U94: 0 | V94: 14700 | W94: ='Raw Food Data (KG)'!Q55 | X94: 8000 | Y94: 17500 | AA94: =SUM(B94:C94) | AB94: =SUM(AA83:AA94) | AC94: =AB94/12 | AD94: =SUM(D94:Z94) | AE94: =SUM(AD83:AD94) | AF94: =AE94/12
A95: 44287 | B95: 97900 | C95: 25520 | D95: 317 | E95: 12749 | F95: 77 | G95: 1274 | H95: 383 | I95: 124.75 | J95: 0.356 | K95: 0 | L95: 130 | M95: 800 | N95: 400 | O95: - | P95: =0.67*180 | Q95: 0 | U95: 0 | V95: 20500 | W95: ='Raw Food Data (KG)'!Q56 | X95: 4800 | Y95: 14000 | AA95: =SUM(B95:C95) | AB95: =SUM(AA84:AA95) | AC95: =AB95/12 | AD95: =SUM(D95:Z95) | AE95: =SUM(AD84:AD95) | AF95: =AE95/12
A96: 44317 | B96: 114090 | C96: 22770 | D96: 476 | E96: 12531 | F96: 77 | G96: 802 | H96: 563 | I96: 130.3 | J96: 5.415 | K96: 1085 | L96: 50 | M96: 800 | N96: 400 | O96: - | P96: =0.67*185 | Q96: 0 | U96: =25*27 | V96: 10400 | W96: ='Raw Food Data (KG)'!Q57 | X96: 6400 | Y96: 17500 | AA96: =SUM(B96:C96) | AB96: =SUM(AA85:AA96) | AC96: =AB96/12 | AD96: =SUM(D96:Z96) | AE96: =SUM(AD85:AD96) | AF96: =AE96/12
A97: 44348 | B97: 91870 | C97: 19320 | D97: 1449 | E97: 13034 | F97: 73 | G97: 259 | H97: 350 | I97: 115.7 | J97: 3.868 | K97: 908 | L97: 130 | M97: 800 | N97: 400 | O97: - | P97: =0.67*120 | Q97: 0 | U97: 0 | V97: 10400 | W97: ='Raw Food Data (KG)'!Q58 | X97: 4800 | Y97: 24500 | AA97: =SUM(B97:C97) | AB97: =SUM(AA86:AA97) | AC97: =AB97/12 | AD97: =SUM(D97:Z97) | AE97: =SUM(AD86:AD97) | AF97: =AE97/12 | AH97: =AB97+AE97
A98: 44378 | B98: 94540 | C98: 23190 | D98: 1001 | E98: 12407 | F98: 79 | G98: 1049 | H98: 535 | I98: 81.85 | J98: 3.868 | K98: 1043 | L98: 150 | M98: 800 | N98: 400 | O98: - | P98: =0.67*150 | Q98: 0 | U98: 0 | V98: 16700 | W98: ='Raw Food Data (KG)'!Q59 | X98: 8000 | Y98: 21000 | AA98: =SUM(B98:C98) | AB98: =SUM(AA87:AA98) | AC98: =AB98/12 | AD98: =SUM(D98:Z98) | AE98: =SUM(AD87:AD98) | AF98: =AE98/12
A99: 44409 | B99: 104460 | C99: 27760 | D99: 1112 | E99: 14252 | F99: 82 | G99: 294 | H99: 356 | I99: 75.95 | J99: 0.203 | K99: 0 | L99: 130 | M99: 800 | N99: 400 | O99: - | P99: =0.67*182 | Q99: 0 | U99: 0 | V99: 13700 | W99: ='Raw Food Data (KG)'!Q60 | X99: 6400 | Y99: 35000 | AA99: =SUM(B99:C99) | AB99: =SUM(AA88:AA99) | AC99: =AB99/12 | AD99: =SUM(D99:Z99) | AE99: =SUM(AD88:AD99) | AF99: =AE99/12
A100: 44440 | B100: 125580 | C100: 28910 | D100: 624 | E100: 15030 | F100: 92 | G100: 810 | H100: 336 | I100: 70.05 | J100: 0 | K100: 1006 | L100: 80 | M100: 800 | N100: 400 | O100: - | P100: =0.67*100 | Q100: 0 | U100: 0 | V100: 9500 | W100: ='Raw Food Data (KG)'!Q61 | X100: 6400 | Y100: 28000 | AA100: =SUM(B100:C100) | AB100: =SUM(AA89:AA100) | AC100: =AB100/12 | AD100: =SUM(D100:Z100) | AE100: =SUM(AD89:AD100) | AF100: =AE100/12
...
