Workbook
Name Category: #REF!
Name dd: #REF!
Name GHGItems: #REF!
Name GHGItems: #REF!
Name New: #REF!
Name New: #REF!
Name newyear: #REF!
Name newyear: #REF!
Name Reduction: #REF!
Name Reduction: #REF!
Name s: #REF!
Name Y: #REF!
Name Y: #REF!
Name Year: #REF!

Sheet CLP Tariff
B1: Total (Group A) (kWh) | C1: LPT Total (excluding Gp B) (kWh) | D1: LPT Group B (kWh) | E1: FiT Renewable Energy Generation (kWh) | K1: No. of days. | L1: Billing Days
B2: Whole Campus | C2: Teaching Buildings, Public Facilities & Student Hostels | D2: Staff Quarters & Commercial Outlets | E2: LPT Bill | F2: SSQ Bill | G2: JSQ Bill | H2: VC & Guest Lodge | I2: Solar kWhTotal | J2: % of Solar kWh / Whole Campus kWh | N2: Period | O2: 12-month Rolling Sum in Electricity Consumption (kWh) | P2: 12-month Rolling Sum in Renewable Energy Generation (kWh) | Q2: 12-month Rolling Sum of Net Electricity Consumption (kWh) | R2: 12-month Rolling Saving Performance | S2: 12-month Rolling Net Saving Performance
A3: 41456 | B3: =SUM(C3:D3) -> 8917775 | C3: 8036102 | D3: 881673 | K3: 32 | N3: 41456
A4: 41487 | B4: =SUM(C4:D4) -> 8906248 | C4: 8026656 | D4: 879592 | K4: 31 | N4: 41487
A5: 41518 | B5: =SUM(C5:D5) -> 8919899 | C5: 8108930 | D5: 810969 | K5: 31 | N5: 41518
A6: 41548 | B6: =SUM(C6:D6) -> 7600046 | C6: 6953433 | D6: 646613 | K6: 30 | N6: 41548
A7: 41579 | B7: =SUM(C7:D7) -> 6995914 | C7: 6475053 | D7: 520861 | K7: 30 | N7: 41579
A8: 41609 | B8: =SUM(C8:D8) -> 6133318 | C8: 5561498 | D8: 571820 | K8: 31 | N8: 41609
A9: 41640 | B9: =SUM(C9:D9) -> 5938547 | C9: 5376916 | D9: 561631 | K9: 31 | L9: =SUM(K9:K20) -> 365 | O9: =SUM(B9:B20) -> 91444196 | V9: Jul-Sep 2014 | W9: =SUM(B15:B17) -> 27948305
A10: 41671 | B10: =SUM(C10:D10) -> 5888877 | C10: 5294961 | D10: 593916 | K10: 29 | O10: =SUM(B10:B21) -> 91543286 | V10: Jul-Sep 2015 | W10: =SUM(B27:B29) -> 27470305
A11: 41699 | B11: =SUM(C11:D11) -> 6018786 | C11: 5479270 | D11: 539516 | K11: 28 | O11: =SUM(B11:B22) -> 91349924 | V11: Jul-Sep 2016 | W11: =SUM(B39:B41) -> 28145108
A12: 41730 | B12: =SUM(C12:D12) -> 7488350 | C12: 6908484 | D12: 579866 | K12: 33 | O12: =SUM(B12:B23) -> 92139511 | V12: Jul-Sep 2017 | W12: =SUM(B51:B53) -> 27598323
A13: 41760 | B13: =SUM(C13:D13) -> 7986119 | C13: 7273483 | D13: 712636 | K13: 30 | O13: =SUM(B13:B24) -> 92026556 | V13: Jul-Sep 2018 | W13: =SUM(B63:B65) -> 26978153
A14: 41791 | B14: =SUM(C14:D14) -> 8876152 | C14: 7988748 | D14: 887404 | K14: 31 | O14: =SUM(B14:B25) -> 92230972 | V14: Jul-Sep 2019 | W14: =SUM(B75:B77) -> 27880497
A15: 41821 | B15: =SUM(C15:D15) -> 9340526 | C15: 8442124 | D15: 898402 | K15: 31 | N15: Jul 14 - Jun 15 | O15: =SUM(B15:B26) -> 93067207 | Q15: 93067207 | R15: Base Year | V15: Jul-Sep 2020 | W15: =SUM(B87:B89) -> 26237832
A16: 41852 | B16: =SUM(C16:D16) -> 8583907 | C16: 7793747 | D16: 790160 | K16: 29 | O16: =SUM(B16:B27) -> 92560708 | Q16: 92560708 | R16: =(O16-$O$15)/$O$15 -> -0.0054422929 | V16: Jul-Sep 2021 | W16: =SUM(B99:B101) -> 27528189
A17: 41883 | B17: =SUM(C17:D17) -> 10023872 | C17: 9097454 | D17: 926418 | K17: 32 | O17: =SUM(B17:B28) -> 92658683 | Q17: 92658683 | R17: =(O17-$O$15)/$O$15 -> -0.004389559
A18: 41913 | B18: =SUM(C18:D18) -> 8035429 | C18: 7401930 | D18: 633499 | K18: 30 | O18: =SUM(B18:B29) -> 92589207 | Q18: 92589207 | R18: =(O18-$O$15)/$O$15 -> -0.0051360733
A19: 41944 | B19: =SUM(C19:D19) -> 6858052 | C19: 6380644 | D19: 477408 | K19: 29 | O19: =SUM(B19:B30) -> 92906500 | Q19: 92906500 | R19: =(O19-$O$15)/$O$15 -> -0.0017267844
A20: 41974 | B20: =SUM(C20:D20) -> 6405579 | C20: 5826218 | D20: 579361 | K20: 32 | O20: =SUM(B20:B31) -> 94099443 | Q20: 94099443 | R20: =(O20-$O$15)/$O$15 -> 0.011091297
A21: 42005 | B21: =SUM(C21:D21) -> 6037637 | C21: 5490107 | D21: 547530 | K21: 31 | L21: =SUM(K21:K32) -> 365 | O21: =SUM(B21:B32) -> 94187317 | Q21: 94187317 | R21: =(O21-$O$15)/$O$15 -> 0.012035496
A22: 42036 | B22: =SUM(C22:D22) -> 5695515 | C22: 5208132 | D22: 487383 | K22: 28 | O22: =SUM(B22:B33) -> 94394903 | Q22: 94394903 | R22: =(O22-$O$15)/$O$15 -> 0.014265992
A23: 42064 | B23: =SUM(C23:D23) -> 6808373 | C23: 6247610 | D23: 560763 | K23: 31 | O23: =SUM(B23:B34) -> 95166272 | Q23: 95166272 | R23: =(O23-$O$15)/$O$15 -> 0.022554292
A24: 42095 | B24: =SUM(C24:D24) -> 7375395 | C24: 6824851 | D24: 550544 | K24: 31 | O24: =SUM(B24:B35) -> 94971369 | Q24: 94971369 | R24: =(O24-$O$15)/$O$15 -> 0.020460075
A25: 42125 | B25: =SUM(C25:D25) -> 8190535 | C25: 7514422 | D25: 676113 | K25: 29 | O25: =SUM(B25:B36) -> 95180695 | Q25: 95180695 | R25: =(O25-$O$15)/$O$15 -> 0.022709266
A26: 42156 | B26: =SUM(C26:D26) -> 9712387 | C26: 8760382 | D26: 952005 | K26: 32 | O26: =SUM(B26:B37) -> 95720512 | Q26: 95720512 | R26: =(O26-$O$15)/$O$15 -> 0.028509559
A27: 42186 | B27: =SUM(C27:D27) -> 8834027 | C27: 8050260 | D27: 783767 | K27: 30 | N27: Jul 15 - Jun 16 | O27: =SUM(B27:B38) -> 95800070 | Q27: 95800070 | R27: =(O27-$O$15)/$O$15 -> 0.029364403
A28: 42217 | B28: =SUM(C28:D28) -> 8681882 | C28: 7874121 | D28: 807761 | K28: 29 | O28: =SUM(B28:B39) -> 96134757 | Q28: 96134757 | R28: =(O28-$O$15)/$O$15 -> 0.032960589
A29: 42248 | B29: =SUM(C29:D29) -> 9954396 | C29: 9106237 | D29: 848159 | K29: 33 | O29: =SUM(B29:B40) -> 96947485 | Q29: 96947485 | R29: =(O29-$O$15)/$O$15 -> 0.041693289
A30: 42278 | B30: =SUM(C30:D30) -> 8352722 | C30: 7743078 | D30: 609644 | K30: 30 | O30: =SUM(B30:B41) -> 96474873 | Q30: 96474873 | R30: =(O30-$O$15)/$O$15 -> 0.03661511
A31: 42309 | B31: =SUM(C31:D31) -> 8050995 | C31: 7497518 | D31: 553477 | K31: 31 | O31: =SUM(B31:B42) -> 96161212 | Q31: 96161212 | R31: =(O31-$O$15)/$O$15 -> 0.033244846
A32: 42339 | B32: =SUM(C32:D32) -> 6493453 | C32: 6007766 | D32: 485687 | K32: 30 | O32: =SUM(B32:B43) -> 96368281 | Q32: 96368281 | R32: =(O32-$O$15)/$O$15 -> 0.035469787
A33: 42370 | B33: =SUM(C33:D33) -> 6245223 | C33: 5677744 | D33: 567479 | K33: 30 | L33: =SUM(K33:K44) -> 366 | O33: =SUM(B33:B44) -> 96342853 | Q33: 96342853 | R33: =(O33-$O$15)/$O$15 -> 0.035196565
A34: 42401 | B34: =SUM(C34:D34) -> 6466884 | C34: 5859419 | D34: 607465 | K34: 31 | O34: =SUM(B34:B45) -> 95623203 | Q34: 95623203 | R34: =(O34-$O$15)/$O$15 -> 0.027463981
A35: 42430 | B35: =SUM(C35:D35) -> 6613470 | C35: 6048978 | D35: 564492 | K35: 30 | O35: =SUM(B35:B46) -> 95982844 | Q35: 95982844 | R35: =(O35-$O$15)/$O$15 -> 0.031328296
A36: 42461 | B36: =SUM(C36:D36) -> 7584721 | C36: 7011981 | D36: 572740 | K36: 30 | O36: =SUM(B36:B47) -> 96253205 | Q36: 96253205 | R36: =(O36-$O$15)/$O$15 -> 0.034233304
A37: 42491 | B37: =SUM(C37:D37) -> 8730352 | C37: 8032494 | D37: 697858 | K37: 31 | O37: =SUM(B37:B48) -> 95356819 | Q37: 95356819 | R37: =(O37-$O$15)/$O$15 -> 0.024601705
A38: 42522 | B38: =SUM(C38:D38) -> 9791945 | C38: 8895567 | D38: 896378 | K38: 31 | O38: =SUM(B38:B49) -> 94764032 | Q38: 94764032 | R38: =(O38-$O$15)/$O$15 -> 0.018232254
A39: 42552 | B39: =SUM(C39:D39) -> 9168714 | C39: 8357768 | D39: 810946 | K39: 29 | N39: Jul 16 - Jun 17 | O39: =SUM(B39:B50) -> 94486358 | Q39: 94486358 | R39: =(O39-$O$15)/$O$15 -> 0.015248669
A40: 42583 | B40: =SUM(C40:D40) -> 9494610 | C40: 8718549 | D40: 776061 | K40: 32 | O40: =SUM(B40:B51) -> 93560730 | Q40: 93560730 | R40: =(O40-$O$15)/$O$15 -> 0.0053028668
A41: 42614 | B41: =SUM(C41:D41) -> 9481784 | C41: 8768279 | D41: 713505 | K41: 31 | O41: =SUM(B41:B52) -> 93908381 | Q41: 93908381 | R41: =(O41-$O$15)/$O$15 -> 0.0090383501
A42: 42644 | B42: =SUM(C42:D42) -> 8039061 | C42: 7474272 | D42: 564789 | K42: 28 | O42: =SUM(B42:B53) -> 93939573 | Q42: 93939573 | R42: =(O42-$O$15)/$O$15 -> 0.0093735058
A43: 42675 | B43: =SUM(C43:D43) -> 8258064 | C43: 7711029 | D43: 547035 | K43: 33 | O43: =SUM(B43:B54) -> 94414956 | Q43: 94414956 | R43: =(O43-$O$15)/$O$15 -> 0.01448146
A44: 42705 | B44: =SUM(C44:D44) -> 6468025 | C44: 6023715 | D44: 444310 | K44: 30 | O44: =SUM(B44:B55) -> 93418878 | Q44: 93418878 | R44: =(O44-$O$15)/$O$15 -> 0.0037786779
A45: 42736 | B45: =SUM(C45:D45) -> 5525573 | C45: 5117411 | D45: 408162 | K45: 27 | L45: =SUM(K45:K56) -> 364 | O45: =SUM(B45:B56) -> 92921703 | Q45: 92921703 | R45: =(O45-$O$15)/$O$15 -> -0.0015634293
A46: 42767 | B46: =SUM(C46:D46) -> 6826525 | C46: 6291044 | D46: 535481 | K46: 33 | O46: =SUM(B46:B57) -> 93736605 | Q46: 93736605 | R46: =(O46-$O$15)/$O$15 -> 0.0071926302
A47: 42795 | B47: =SUM(C47:D47) -> 6883831 | C47: 6371149 | D47: 512682 | K47: 31 | O47: =SUM(B47:B58) -> 92920952 | Q47: 92920952 | R47: =(O47-$O$15)/$O$15 -> -0.0015714988
A48: 42826 | B48: =SUM(C48:D48) -> 6688335 | C48: 6233637 | D48: 454698 | K48: 28 | O48: =SUM(B48:B59) -> 92503642 | Q48: 92503642 | R48: =(O48-$O$15)/$O$15 -> -0.0060554627
A49: 42856 | B49: =SUM(C49:D49) -> 8137565 | C49: 7570218 | D49: 567347 | K49: 31 | O49: =SUM(B49:B60) -> 93292059 | Q49: 93292059 | R49: =(O49-$O$15)/$O$15 -> 0.0024160175
A50: 42887 | B50: =SUM(C50:D50) -> 9514271 | C50: 8753106 | D50: 761165 | K50: 32 | O50: =SUM(B50:B61) -> 94135291 | Q50: 94135291 | R50: =(O50-$O$15)/$O$15 -> 0.011476481
A51: 42917 | B51: =SUM(C51:D51) -> 8243086 | C51: 7666129 | D51: 576957 | K51: 28 | N51: Jul 17 - Jun 18 | O51: =SUM(B51:B62) -> 92966450 | Q51: 92966450 | R51: =(O51-$O$15)/$O$15 -> -0.0010826262
A52: 42948 | B52: =SUM(C52:D52) -> 9842261 | C52: 9054474 | D52: 787787 | K52: 33 | O52: =SUM(B52:B63) -> 93887240 | Q52: 93887240 | R52: =(O52-$O$15)/$O$15 -> 0.0088111917
A53: 42979 | B53: =SUM(C53:D53) -> 9512976 | C53: 8757918 | D53: 755058 | K53: 30 | O53: =SUM(B53:B64) -> 93309781 | Q53: 93309781 | R53: =(O53-$O$15)/$O$15 -> 0.002606439
A54: 43009 | B54: =SUM(C54:D54) -> 8514444 | C54: 7909925 | D54: 604519 | K54: 31 | O54: =SUM(B54:B65) -> 92346280 | Q54: 92346280 | R54: =(O54-$O$15)/$O$15 -> -0.0077463053
A55: 43040 | B55: =SUM(C55:D55) -> 7261986 | C55: 6818995 | D55: 442991 | K55: 31 | O55: =SUM(B55:B66) -> 91966795 | Q55: 91966795 | R55: =(O55-$O$15)/$O$15 -> -0.011823843
A56: 43070 | B56: =SUM(C56:D56) -> 5970850 | C56: 5558859 | D56: 411991 | K56: 29 | O56: =SUM(B56:B67) -> 92006183 | Q56: 92006183 | R56: =(O56-$O$15)/$O$15 -> -0.011400621
A57: 43101 | B57: =SUM(C57:D57) -> 6340475 | C57: 5808228 | D57: 532247 | K57: 32 | L57: =SUM(K57:K68) -> 364 | O57: =SUM(B57:B68) -> 91781095 | Q57: 91781095 | R57: =(O57-$O$15)/$O$15 -> -0.013819175
A58: 43132 | B58: =SUM(C58:D58) -> 6010872 | C58: 5421415 | D58: 589457 | K58: 29 | O58: =SUM(B58:B69) -> 91689287 | Q58: 91689287 | R58: =(O58-$O$15)/$O$15 -> -0.014805645
A59: 43160 | B59: =SUM(C59:D59) -> 6466521 | C59: 5978909 | D59: 487612 | K59: 29 | O59: =SUM(B59:B70) -> 91511184 | Q59: 91511184 | R59: =(O59-$O$15)/$O$15 -> -0.016719348
A60: 43191 | B60: =SUM(C60:D60) -> 7476752 | C60: 6938041 | D60: 538711 | K60: 32 | O60: =SUM(B60:B71) -> 91375813 | Q60: 91375813 | R60: =(O60-$O$15)/$O$15 -> -0.018173899
A61: 43221 | B61: =SUM(C61:D61) -> 8980797 | C61: 8185413 | D61: 795384 | K61: 31 | O61: =SUM(B61:B72) -> 91623394 | Q61: 91623394 | R61: =(O61-$O$15)/$O$15 -> -0.01551366
A62: 43252 | B62: =SUM(C62:D62) -> 8345430 | C62: 7594964 | D62: 750466 | K62: 29 | O62: =SUM(B62:B73) -> 90483094 | Q62: 90483094 | R62: =(O62-$O$15)/$O$15 -> -0.027766096
A63: 43282 | B63: =SUM(C63:D63) -> 9163876 | C63: 8355701 | D63: 808175 | K63: 31 | N63: Jul 18 - Jun 19 | O63: =SUM(B63:B74) -> 90186094 | Q63: 90186094 | R63: =(O63-$O$15)/$O$15 -> -0.030957338
A64: 43313 | B64: =SUM(C64:D64) -> 9264802 | C64: 8444730 | D64: 820072 | K64: 31 | O64: =SUM(B64:B75) -> 90323695 | Q64: 90323695 | R64: =(O64-$O$15)/$O$15 -> -0.029478826
A65: 43344 | B65: =SUM(C65:D65) -> 8549475 | C65: 7770627 | D65: 778848 | K65: 29 | O65: =SUM(B65:B76) -> 90175858 | Q65: 90175858 | R65: =(O65-$O$15)/$O$15 -> -0.031067323
A66: 43374 | B66: =SUM(C66:D66) -> 8134959 | C66: 7499305 | D66: 635654 | K66: 32 | O66: =SUM(B66:B77) -> 91088438 | Q66: 91088438 | R66: =(O66-$O$15)/$O$15 -> -0.021261721
A67: 43405 | B67: =SUM(C67:D67) -> 7301374 | C67: 6747706 | D67: 553668 | K67: 31 | O67: =SUM(B67:B78) -> 91275557 | Q67: 91275557 | R67: =(O67-$O$15)/$O$15 -> -0.019251142
A68: 43435 | B68: =SUM(C68:D68) -> 5745762 | C68: 5262845 | D68: 482917 | K68: 28 | O68: =SUM(B68:B79) -> 90389256 | Q68: 90389256 | R68: =(O68-$O$15)/$O$15 -> -0.028774378
A69: 43466 | B69: =SUM(C69:D69) -> 6248667 | C69: 5661498 | D69: 587169 | K69: 33 | L69: =SUM(K69:K80) -> 367 | O69: =SUM(B69:B80) -> 90542578 | Q69: 90542578 | R69: =(O69-$O$15)/$O$15 -> -0.027126945
A70: 43497 | B70: =SUM(C70:D70) -> 5832769 | C70: 5343091 | D70: 489678 | K70: 29 | O70: =SUM(B70:B81) -> 90062702 | Q70: 90062702 | R70: =(O70-$O$15)/$O$15 -> -0.032283176
A71: 43525 | B71: =SUM(C71:D71) -> 6331150 | C71: 5789178 | D71: 541972 | K71: 29 | O71: =SUM(B71:B82) -> 89253740 | Q71: 89253740 | R71: =(O71-$O$15)/$O$15 -> -0.04097541
A72: 43556 | B72: =SUM(C72:D72) -> 7724333 | C72: 7067925 | D72: 656408 | K72: 32 | O72: =SUM(B72:B83) -> 88747332 | Q72: 88747332 | R72: =(O72-$O$15)/$O$15 -> -0.046416725
A73: 43586 | B73: =SUM(C73:D73) -> 7840497 | C73: 7155218 | D73: 685279 | K73: 30 | O73: =SUM(B73:B84) -> 86704720 | Q73: 86704720 | R73: =(O73-$O$15)/$O$15 -> -0.068364435
A74: 43617 | B74: =SUM(C74:D74) -> 8048430 | C74: 7293315 | D74: 755115 | K74: 29 | O74: =SUM(B74:B85) -> 86447454 | Q74: 86447454 | R74: =(O74-$O$15)/$O$15 -> -0.071128738
A75: 43647 | B75: =SUM(C75:D75) -> 9301477 | C75: 8435990 | D75: 865487 | K75: 32 | N75: Jul 19 - Jun 20 | O75: =SUM(B75:B86) -> 87353244 | Q75: 87353244 | R75: =(O75-$O$15)/$O$15 -> -0.061396094
A76: 43678 | B76: =SUM(C76:D76) -> 9116965 | C76: 8229577 | D76: 887388 | K76: 31 | O76: =SUM(B76:B87) -> 86884899 | Q76: 86884899 | R76: =(O76-$O$15)/$O$15 -> -0.066428425
A77: 43709 | B77: =SUM(C77:D77) -> 9462055 | C77: 8525446 | D77: 936609 | K77: 31 | O77: =SUM(B77:B88) -> 85699386 | Q77: 85699386 | R77: =(O77-$O$15)/$O$15 -> -0.079166671
A78: 43739 | B78: =SUM(C78:D78) -> 8322078 | C78: 7572072 | D78: 750006 | K78: 30 | O78: =SUM(B79:B90) -> 84624859 | Q78: 84624859 | R78: =(O78-$O$15)/$O$15 -> -0.090712382
A79: 43770 | B79: =SUM(C79:D79) -> 6415073 | C79: 5928634 | D79: 486439 | K79: 30 | O79: =SUM(B80:B91) -> 84979994 | Q79: 84979994 | R79: =(O79-$O$15)/$O$15 -> -0.086896483
A80: 43800 | B80: =SUM(C80:D80) -> 5899084 | C80: 5413894 | D80: 485190 | K80: 31 | O80: =SUM(B81:B92) -> 84854430 | Q80: 84854430 | R80: =(O80-$O$15)/$O$15 -> -0.088245659
A81: 43831 | B81: =SUM(C81:D81) -> 5768791 | C81: 5285490 | D81: 483301 | K81: 31 | L81: =SUM(K81:K92) -> 366 | O81: =SUM(B82:B93) -> 84786987 | Q81: 84786987 | R81: =(O81-$O$15)/$O$15 -> -0.088970329
A82: 43862 | B82: =SUM(C82:D82) -> 5023807 | C82: 4555575 | D82: 468232 | K82: 29 | O82: =SUM(B83:B94) -> 85189795 | P82: =SUM(I83:I94) -> 48047 | Q82: =O82-P82 -> 85141748 | R82: =(O82-$O$15)/$O$15 -> -0.084642188 | S82: =(Q82-$O$15)/$O$15 -> -0.085158449 | T82: =$O$15 -> 93067207
A83: 43891 | B83: =SUM(C83:D83) -> 5824742 | C83: 5326585 | D83: 498157 | E83: 552 | I83: =SUM(E83:H83) -> 552 | J83: =I83/(B83+I83) -> 9.4759166e-05 | K83: 31 | O83: =SUM(B84:B95) -> 86161740 | P83: =SUM(I84:I95) -> 97324 | Q83: =O83-P83 -> 86064416 | R83: =(O83-$O$15)/$O$15 -> -0.074198713 | S83: =(Q83-$O$15)/$O$15 -> -0.075244452
A84: 43922 | B84: =SUM(C84:D84) -> 5681721 | C84: 5205503 | D84: 476218 | E84: 832 | I84: =SUM(E84:H84) -> 832 | J84: =I84/(B84+I84) -> 0.00014641306 | K84: 30 | O84: =SUM(B85:B96) -> 87567752 | P84: =SUM(I85:I96) -> 152319 | Q84: =O84-P84 -> 87415433 | R84: =(O84-$O$15)/$O$15 -> -0.059091222 | S84: =(Q84-$O$15)/$O$15 -> -0.060727878
A85: 43952 | B85: =SUM(C85:D85) -> 7583231 | C85: 6856352 | D85: 726879 | E85: 756 | I85: =SUM(E85:H85) -> 756 | J85: =I85/(B85+I85) -> 9.9683715e-05 | K85: 30 | O85: =SUM(B86:B97) -> 88775236 | P85: =SUM(I86:I97) -> 281265 | Q85: =O85-P85 -> 88493971 | R85: =(O85-$O$15)/$O$15 -> -0.046116899 | S85: =(Q85-$O$15)/$O$15 -> -0.04913907
A86: 43983 | B86: =SUM(C86:D86) -> 8954220 | C86: 7984631 | D86: 969589 | E86: 780 | I86: =SUM(E86:H86) -> 780 | J86: =I86/(B86+I86) -> 8.7102178e-05 | K86: 32 | N86: Jul 20 - Jun 21 | O86: =SUM(B87:B98) -> 88318175 | P86: =SUM(I87:I98) -> 391443 | Q86: =O86-P86 -> 87926732 | R86: =(O86-$O$15)/$O$15 -> -0.051027985 | S86: =(Q86-$O$15)/$O$15 -> -0.05523401
A87: 44013 | B87: =SUM(C87:D87) -> 8833132 | C87: 7807372 | D87: 1025760 | E87: 954 | I87: =SUM(E87:H87) -> 954 | J87: =I87/(B87+I87) -> 0.0001079908 | K87: 30 | O87: =SUM(B88:B99) -> 88449963 | P87: =SUM(I88:I99) -> 550622 | Q87: =O87-P87 -> 87899341 | R87: =(O87-$O$15)/$O$15 -> -0.049611933 | S87: =(Q87-$O$15)/$O$15 -> -0.055528324
A88: 44044 | B88: =SUM(C88:D88) -> 7931452 | C88: 7101113 | D88: 830339 | E88: 1462 | I88: =SUM(E88:H88) -> 1462 | J88: =I88/(B88+I88) -> 0.00018429546 | K88: 29 | O88: =SUM(B89:B100) -> 89334599 | P88: =SUM(I89:I100) -> 708464 | Q88: =O88-P88 -> 88626135 | R88: =(O88-$O$15)/$O$15 -> -0.040106587 | S88: =(Q88-$O$15)/$O$15 -> -0.047718978
A89: 44075 | B89: =SUM(C89:D89) -> 9473248 | C89: 8546119 | D89: 927129 | E89: 1419 | I89: =SUM(E89:H89) -> 1419 | J89: =I89/(B89+I89) -> 0.0001497678 | K89: 33 | O89: =SUM(B90:B101) -> 89608532 | P89: =SUM(I90:I101) -> 922923 | Q89: =O89-P89 -> 88685609 | R89: =(O89-$O$15)/$O$15 -> -0.037163198 | S89: =(Q89-$O$15)/$O$15 -> -0.047079934
A90: 44105 | B90: =SUM(C90:D90) -> 7236358 | C90: 6648694 | D90: 587664 | E90: 1699 | I90: =SUM(E90:H90) -> 1699 | J90: =I90/(B90+I90) -> 0.0002347315 | K90: 30 | O90: =SUM(B91:B102) -> 90225077 | P90: =SUM(I91:I102) -> 1060438 | Q90: =O90-P90 -> 89164639 | R90: =(O90-$O$15)/$O$15 -> -0.030538469 | S90: =(Q90-$O$15)/$O$15 -> -0.041932794
A91: 44136 | B91: =SUM(C91:D91) -> 6770208 | C91: 6244756 | D91: 525452 | E91: 1498 | I91: =SUM(E91:H91) -> 1498 | J91: =I91/(B91+I91) -> 0.00022121457 | K91: 31 | O91: =SUM(B92:B103) -> 90922176 | P91: =SUM(I92:I103) -> 1229018 | Q91: =O91-P91 -> 89693158 | R91: =(O91-$O$15)/$O$15 -> -0.023048194 | S91: =(Q91-$O$15)/$O$15 -> -0.036253898
A92: 44166 | B92: =SUM(C92:D92) -> 5773520 | C92: 5264036 | D92: 509484 | E92: 7001 | I92: =SUM(E92:H92) -> 7001 | J92: =I92/(B92+I92) -> 0.0012111365 | K92: 30 | O92: =SUM(B93:B104) -> 91369619 | P92: =SUM(I93:I104) -> 1350990 | Q92: =O92-P92 -> 90018629 | R92: =(O92-$O$15)/$O$15 -> -0.018240453 | S92: =(Q92-$O$15)/$O$15 -> -0.032756737
A93: 44197 | B93: =SUM(C93:D93) -> 5701348 | C93: 5114633 | D93: 586715 | E93: 8076 | I93: =SUM(E93:H93) -> 8076 | J93: =I93/(B93+I93) -> 0.0014145035 | K93: 30 | L93: =SUM(K93:K104) -> 365 | O93: =SUM(B94:B105) -> 91387901 | P93: =SUM(I94:I105) -> 1446027 | Q93: =O93-P93 -> 89941874 | R93: =(O93-$O$15)/$O$15 -> -0.018044014 | S93: =(Q93-$O$15)/$O$15 -> -0.033581463
A94: 44228 | B94: =SUM(C94:D94) -> 5426615 | C94: 5003131 | D94: 423484 | E94: 23018 | I94: =SUM(E94:H94) -> 23018 | J94: =I94/(B94+I94) -> 0.0042237707 | K94: 28 | O94: =SUM(B95:B106) -> 91934658 | P94: =SUM(I95:I106) -> 1539276 | Q94: =O94-P94 -> 90395382 | R94: =(O94-$O$15)/$O$15 -> -0.012169152 | S94: =(Q94-$O$15)/$O$15 -> -0.028708555
A95: 44256 | B95: =SUM(C95:D95) -> 6796687 | C95: 6271855 | D95: 524832 | E95: 49829 | I95: =SUM(E95:H95) -> 49829 | J95: =I95/(B95+I95) -> 0.0072780083 | K95: 32 | O95: =SUM(B96:B107) -> 91174346 | P95: =SUM(I96:I107) -> 1648360 | Q95: =O95-P95 -> 89525986 | R95: =(O95-$O$15)/$O$15 -> -0.020338646 | S95: =(Q95-$O$15)/$O$15 -> -0.038050148
A96: 44287 | B96: =SUM(C96:D96) -> 7087733 | C96: 6533473 | D96: 554260 | E96: 55827 | I96: =SUM(E96:H96) -> 55827 | J96: =I96/(B96+I96) -> 0.007815011 | K96: 30 | O96: =SUM(B97:B108) -> 90701082 | P96: =SUM(I97:I108) -> 1810542 | Q96: =O96-P96 -> 88890540 | R96: =(O96-$O$15)/$O$15 -> -0.025423832 | S96: =(Q96-$O$15)/$O$15 -> -0.044877967
A97: 44317 | B97: =SUM(C97:D97) -> 8790715 | C97: 7902561 | D97: 888154 | E97: 129702 | I97: =SUM(E97:H97) -> 129702 | J97: =I97/(B97+I97) -> 0.014539903 | K97: 32 | O97: =SUM(B98:B109) -> 89446511 | P97: =SUM(I98:I109) -> 1838200 | Q97: =O97-P97 -> 87608311 | R97: =(O97-$O$15)/$O$15 -> -0.038904101 | S97: =(Q97-$O$15)/$O$15 -> -0.058655419
A98: 44348 | B98: =SUM(C98:D98) -> 8497159 | C98: 7685956 | D98: 811203 | E98: 110958 | I98: =SUM(E98:H98) -> 110958 | J98: =I98/(B98+I98) -> 0.012889927 | K98: 29 | N98: Jul 21 - Jun 22 | O98: =SUM(B99:B110) -> 89692408 | P98: =SUM(I99:I110) -> 1912721 | Q98: =O98-P98 -> 87779687 | R98: =(O98-$O$15)/$O$15 -> -0.036261956 | S98: =(Q98-$O$15)/$O$15 -> -0.056813997
A99: 44378 | B99: =SUM(C99:D99) -> 8964920 | C99: 8034975 | D99: 929945 | E99: 160133 | F99: 0 | I99: =SUM(E99:H99) -> 160133 | J99: =I99/(B99+I99) -> 0.01754872 | K99: 31 | O99: =SUM(B100:B111) -> 89386136 | P99: =SUM(I100:I111) -> 2000567 | Q99: =O99-P99 -> 87385569 | R99: =(O99-$O$15)/$O$15 -> -0.039552826 | S99: =(Q99-$O$15)/$O$15 -> -0.061048764
A100: 44409 | B100: =SUM(C100:D100) -> 8816088 | C100: 7961984 | D100: 854104 | E100: 147598 | F100: 8279 | G100: 3427 | I100: =SUM(E100:H100) -> 159304 | J100: =I100/(B100+I100) -> 0.017748974 | K100: 31 | O100: =SUM(B101:B112) -> 90058326 | P100: =SUM(I101:I112) -> 2062316 | Q100: =O100-P100 -> 87996010 | R100: =(O100-$O$15)/$O$15 -> -0.032330196 | S100: =(Q100-$O$15)/$O$15 -> -0.054489623
...

Sheet Breakdown
A1: HKUST Electricity Consumption (kWh)
A2: # Remark : The electricity consumption by category should not be double counted.
A3: Period | B3: CLP Total | C3: Main Academic Buildings & Other Public Facilities | D3: EC (ALL) | E3: CYT | F3: Shaw Auditorium | G3: APCF (R/F Zone L) | H3: New Data Centre (2/F Zone L) | I3: Main Chiller Plant | J3: LSKBB | K3: IAS | L3: Conference Lodge | M3: LSK Hostel | N3: LSK Chiller Plant | O3: WWT | P3: Water Sport Centre | Q3: SISC | R3: HPC5 | S3: RB2 | T3: IB | U3: SRD (UG10-13) | V3: TA-B | W3: GGT | X3: Student Housing UG1-UG9, PG1-PG2 | Y3: Staff Quarters & Commercial Outlets | Z3: Commercial Outlets | AA3: Staff Quarters | AB3: Combined Chiller Plants | AD3: TKO JC Hall | AE3: EC 3/F Data Centre (Elect) | AF3: SRD (Chiller kWhe) | AG3: IB (Chiller kWhe) | AH3: BMW EV Charger kWh (LG7 & WWT) | AI3: Corner Stone EV Charger kWh | AJ3: TEST BUILDING 1 | AL3: TEST BUILDING 2
A4: 41640 | B4: ='CLP Tariff'!B9 -> 5938547 | C4: =B4-SUM(D4:Y4) -> 3924710 | D4: 190811 | E4: 41274 | F4: 0 | G4: 0 | H4: 0 | I4: 500427 | J4: 205345 | K4: 44678 | L4: 0 | M4: 0 | N4: 48446 | O4: 59654 | P4: 0 | Q4: 0 | T4: 0 | U4: 0 | W4: 0 | X4: 361571 | Y4: ='CLP Tariff'!D9 -> 561631 | Z4: ='Commercial & Quarter'!K72 -> 229909 | AA4: =Y4-Z4 -> 331722 | AB4: =I4+N4 -> 548873 | AD4: 0 | AE4: 0 | AF4: 0 | AG4: 0
A5: 41671 | B5: ='CLP Tariff'!B10 -> 5888877 | C5: =B5-SUM(D5:Y5) -> 3565612 | D5: 252064 | E5: 28315 | F5: 0 | G5: 0 | H5: 0 | I5: 502155 | J5: 290449 | K5: 56447 | L5: 0 | M5: 0 | N5: 47613 | O5: 47313 | P5: 0 | Q5: 0 | T5: 0 | U5: 0 | W5: 0 | X5: 504993 | Y5: ='CLP Tariff'!D10 -> 593916 | Z5: ='Commercial & Quarter'!L72 -> 220164 | AA5: =Y5-Z5 -> 373752 | AB5: =I5+N5 -> 549768 | AD5: 0 | AE5: 0 | AF5: 0 | AG5: 0
A6: 41699 | B6: ='CLP Tariff'!B11 -> 6018786 | C6: =B6-SUM(D6:Y6) -> 3680694 | D6: 185065 | E6: 40257 | F6: 0 | G6: 0 | H6: 0 | I6: 754593 | J6: 182485 | K6: 34491 | L6: 0 | M6: 0 | N6: 46854 | O6: 43566 | P6: 0 | Q6: 0 | T6: 0 | U6: 0 | W6: 0 | X6: 511265 | Y6: ='CLP Tariff'!D11 -> 539516 | Z6: ='Commercial & Quarter'!M72 -> 247766 | AA6: =Y6-Z6 -> 291750 | AB6: =I6+N6 -> 801447 | AD6: 0 | AE6: 0 | AF6: 0 | AG6: 0
A7: 41730 | B7: ='CLP Tariff'!B12 -> 7488350 | C7: =B7-SUM(D7:Y7) -> 4459315 | D7: 203049 | E7: 56946 | F7: 0 | G7: 0 | H7: 0 | I7: 1100944 | J7: 213938 | K7: 46284 | L7: 0 | M7: 0 | N7: 141417 | O7: 73814 | P7: 0 | Q7: 0 | T7: 0 | U7: 0 | W7: 0 | X7: 612777 | Y7: ='CLP Tariff'!D12 -> 579866 | Z7: ='Commercial & Quarter'!N72 -> 295835 | AA7: =Y7-Z7 -> 284031 | AB7: =I7+N7 -> 1242361 | AD7: 0 | AE7: 0 | AF7: 0 | AG7: 0
A8: 41760 | B8: ='CLP Tariff'!B13 -> 7986119 | C8: =B8-SUM(D8:Y8) -> 3816523 | D8: 345876 | E8: 89452 | F8: 0 | G8: 0 | H8: 0 | I8: 1749797 | J8: 224043 | K8: 103456 | L8: 0 | M8: 0 | N8: 170062 | O8: 82044 | P8: 0 | Q8: 0 | T8: 0 | U8: 0 | W8: 0 | X8: 692230 | Y8: ='CLP Tariff'!D13 -> 712636 | Z8: ='Commercial & Quarter'!O72 -> 281303 | AA8: =Y8-Z8 -> 431333 | AB8: =I8+N8 -> 1919859 | AD8: 0 | AE8: 0 | AF8: 0 | AG8: 0
A9: 41791 | B9: ='CLP Tariff'!B14 -> 8876152 | C9: =B9-SUM(D9:Y9) -> 4173507 | D9: 250379 | E9: 92936 | F9: 0 | G9: 0 | H9: 0 | I9: 2204099 | J9: 250703 | K9: 71494 | L9: 0 | M9: 0 | N9: 273139 | O9: 97780 | P9: 0 | Q9: 0 | T9: 0 | U9: 0 | W9: 0 | X9: 574711 | Y9: ='CLP Tariff'!D14 -> 887404 | Z9: ='Commercial & Quarter'!P72 -> 266840 | AA9: =Y9-Z9 -> 620564 | AB9: =I9+N9 -> 2477238 | AD9: 0 | AE9: 0 | AF9: 0 | AG9: 0
A10: 41821 | B10: ='CLP Tariff'!B15 -> 9340526 | C10: =B10-SUM(D10:Y10) -> 4361073 | D10: 221804 | E10: 97729 | F10: 0 | G10: 0 | H10: 0 | I10: 2443732 | J10: 225313 | K10: 48903 | L10: 0 | M10: 0 | N10: 246402 | O10: 109439 | P10: 0 | Q10: 0 | T10: 0 | U10: 0 | W10: 0 | X10: 687729 | Y10: ='CLP Tariff'!D15 -> 898402 | Z10: ='Commercial & Quarter'!Q72 -> 274134 | AA10: =Y10-Z10 -> 624268 | AB10: =I10+N10 -> 2690134 | AD10: 0 | AE10: 0 | AF10: 0 | AG10: 0
A11: 41852 | B11: ='CLP Tariff'!B16 -> 8583907 | C11: =B11-SUM(D11:Y11) -> 3673176 | D11: 228122 | E11: 146934 | F11: 0 | G11: 0 | H11: 0 | I11: 2460070 | J11: 232978 | K11: 53454 | L11: 0 | M11: 0 | N11: 275655 | O11: 99316 | P11: 0 | Q11: 0 | T11: 0 | U11: 0 | W11: 0 | X11: 624042 | Y11: ='CLP Tariff'!D16 -> 790160 | Z11: ='Commercial & Quarter'!R72 -> 264880 | AA11: =Y11-Z11 -> 525280 | AB11: =I11+N11 -> 2735725 | AD11: 0 | AE11: 0 | AF11: 0 | AG11: 0
A12: 41883 | B12: ='CLP Tariff'!B17 -> 10023872 | C12: =B12-SUM(D12:Y12) -> 4469625 | D12: 276014 | E12: 132812 | F12: 0 | G12: 0 | H12: 0 | I12: 2515785 | J12: 269881 | K12: 79871 | L12: 0 | M12: 0 | N12: 307475 | O12: 89352 | P12: 0 | Q12: 0 | T12: 0 | U12: 0 | W12: 0 | X12: 956639 | Y12: ='CLP Tariff'!D17 -> 926418 | Z12: ='Commercial & Quarter'!S72 -> 311968 | AA12: =Y12-Z12 -> 614450 | AB12: =I12+N12 -> 2823260 | AD12: 0 | AE12: 0 | AF12: 0 | AG12: 0
A13: 41913 | B13: ='CLP Tariff'!B18 -> 8035429 | C13: =B13-SUM(D13:Y13) -> 4049333 | D13: 203926 | E13: 145929 | F13: 0 | G13: 0 | H13: 0 | I13: 1763222 | J13: 248622 | K13: 39903 | L13: 0 | M13: 0 | N13: 153059 | O13: 89097 | P13: 0 | Q13: 0 | T13: 0 | U13: 0 | W13: 0 | X13: 708839 | Y13: ='CLP Tariff'!D18 -> 633499 | Z13: ='Commercial & Quarter'!T72 -> 297097 | AA13: =Y13-Z13 -> 336402 | AB13: =I13+N13 -> 1916281 | AD13: 0 | AE13: 0 | AF13: 0 | AG13: 0
A14: 41944 | B14: ='CLP Tariff'!B19 -> 6858052 | C14: =B14-SUM(D14:Y14) -> 3872340 | D14: 214292 | E14: 95091 | F14: 0 | G14: 0 | H14: 0 | I14: 1119362 | J14: 267023 | K14: 50426 | L14: 0 | M14: 0 | N14: 153510 | O14: 76299 | P14: 0 | Q14: 0 | T14: 0 | U14: 0 | W14: 0 | X14: 532301 | Y14: ='CLP Tariff'!D19 -> 477408 | Z14: ='Commercial & Quarter'!U72 -> 276436 | AA14: =Y14-Z14 -> 200972 | AB14: =I14+N14 -> 1272872 | AD14: 0 | AE14: 0 | AF14: 0 | AG14: 0
A15: 41974 | B15: ='CLP Tariff'!B20 -> 6405579 | C15: =B15-SUM(D15:Y15) -> 3982954 | D15: 253212 | E15: 117318 | F15: 0 | G15: 0 | H15: 0 | I15: 548769 | J15: 246466 | K15: 71670 | L15: 0 | M15: 0 | N15: 67209 | O15: 55450 | P15: 0 | Q15: 0 | T15: 0 | U15: 0 | W15: 0 | X15: 483170 | Y15: ='CLP Tariff'!D20 -> 579361 | Z15: ='Commercial & Quarter'!V72 -> 281511 | AA15: =Y15-Z15 -> 297850 | AB15: =I15+N15 -> 615978 | AD15: 0 | AE15: 0 | AF15: 0 | AG15: 0
A16: 42005 | B16: ='CLP Tariff'!B21 -> 6037637 | C16: =B16-SUM(D16:Y16) -> 3908677 | D16: 195665 | E16: 99565 | F16: 0 | G16: 0 | H16: 0 | I16: 544141 | J16: 233787 | K16: 42271 | L16: 0 | M16: 0 | N16: 40400 | O16: 48517 | P16: 0 | Q16: 0 | T16: 0 | U16: 0 | W16: 0 | X16: 377084 | Y16: ='CLP Tariff'!D21 -> 547530 | Z16: ='Commercial & Quarter'!W72 -> 262207 | AA16: =Y16-Z16 -> 285323 | AB16: =I16+N16 -> 584541 | AD16: 0 | AE16: 0 | AF16: 0 | AG16: 0
A17: 42036 | B17: ='CLP Tariff'!B22 -> 5695515 | C17: =B17-SUM(D17:Y17) -> 3489436 | D17: 224244 | E17: 114195 | F17: 0 | G17: 0 | H17: 0 | I17: 515349 | J17: 235819 | K17: 56423 | L17: 0 | M17: 0 | N17: 52158 | O17: 49783 | P17: 0 | Q17: 0 | T17: 0 | U17: 0 | W17: 0 | X17: 470725 | Y17: ='CLP Tariff'!D22 -> 487383 | Z17: ='Commercial & Quarter'!X72 -> 247789 | AA17: =Y17-Z17 -> 239594 | AB17: =I17+N17 -> 567507 | AD17: 0 | AE17: 0 | AF17: 0 | AG17: 0
A18: 42064 | B18: ='CLP Tariff'!B23 -> 6808373 | C18: =B18-SUM(D18:Y18) -> 4118527 | D18: 218508 | E18: 125033 | F18: 0 | G18: 0 | H18: 0 | I18: 822631 | J18: 265435 | K18: 53193 | L18: 0 | M18: 0 | N18: 66141 | O18: 74567 | P18: 0 | Q18: 0 | T18: 0 | U18: 0 | W18: 0 | X18: 503575 | Y18: ='CLP Tariff'!D23 -> 560763 | Z18: ='Commercial & Quarter'!Y72 -> 302505 | AA18: =Y18-Z18 -> 258258 | AB18: =I18+N18 -> 888772 | AD18: 0 | AE18: 0 | AF18: 0 | AG18: 0
A19: 42095 | B19: ='CLP Tariff'!B24 -> 7375395 | C19: =B19-SUM(D19:Y19) -> 4123782 | D19: 205482 | E19: 172615 | F19: 0 | G19: 0 | H19: 0 | I19: 1230463 | J19: 237697 | K19: 54391 | L19: 0 | M19: 0 | N19: 110064 | O19: 97242 | P19: 0 | Q19: 0 | T19: 0 | U19: 0 | W19: 0 | X19: 593115 | Y19: ='CLP Tariff'!D24 -> 550544 | Z19: ='Commercial & Quarter'!Z72 -> 303017 | AA19: =Y19-Z19 -> 247527 | AB19: =I19+N19 -> 1340527 | AD19: 0 | AE19: 0 | AF19: 0 | AG19: 0
A20: 42125 | B20: ='CLP Tariff'!B25 -> 8190535 | C20: =B20-SUM(D20:Y20) -> 3697825 | D20: 220809 | E20: 203655 | F20: 0 | G20: 0 | H20: 0 | I20: 2094261 | J20: 212132 | K20: 49088 | L20: 0 | M20: 0 | N20: 186711 | O20: 72445 | P20: 0 | Q20: 0 | T20: 0 | U20: 0 | W20: 0 | X20: 777496 | Y20: ='CLP Tariff'!D25 -> 676113 | Z20: ='Commercial & Quarter'!AA72 -> 293556 | AA20: =Y20-Z20 -> 382557 | AB20: =I20+N20 -> 2280972 | AD20: 0 | AE20: 0 | AF20: 0 | AG20: 0
A21: 42156 | B21: ='CLP Tariff'!B26 -> 9712387 | C21: =B21-SUM(D21:Y21) -> 4414578 | D21: 239524 | E21: 194738 | F21: 0 | G21: 0 | H21: 0 | I21: 2544609 | J21: 280980 | K21: 129946 | L21: 0 | M21: 0 | N21: 255852 | O21: 111119 | P21: 0 | Q21: 0 | T21: 0 | U21: 0 | W21: 0 | X21: 589036 | Y21: ='CLP Tariff'!D26 -> 952005 | Z21: ='Commercial & Quarter'!AB72 -> 302993 | AA21: =Y21-Z21 -> 649012 | AB21: =I21+N21 -> 2800461 | AD21: 0 | AE21: 0 | AF21: 0 | AG21: 0
A22: 42186 | B22: ='CLP Tariff'!B27 -> 8834027 | C22: =B22-SUM(D22:Y22) -> 3840527 | D22: 216309 | E22: 224950 | F22: 0 | G22: 0 | H22: 0 | I22: 2507656 | J22: 217810 | K22: 77610 | L22: 25769 | M22: 0 | N22: 212246 | O22: 90399 | P22: 0 | Q22: 0 | T22: 0 | U22: 0 | W22: 0 | X22: 636984 | Y22: ='CLP Tariff'!D27 -> 783767 | Z22: ='Commercial & Quarter'!AC72 -> 277550 | AA22: =Y22-Z22 -> 506217 | AB22: =I22+N22 -> 2719902 | AD22: 0 | AE22: 0 | AF22: 0 | AG22: 0
A23: 42217 | B23: ='CLP Tariff'!B28 -> 8681882 | C23: =B23-SUM(D23:Y23) -> 3336768 | D23: 260880 | E23: 198008 | F23: 0 | G23: 0 | H23: 0 | I23: 2564183 | J23: 268478 | K23: 71460 | L23: 134760 | M23: 0 | N23: 252328 | O23: 107250 | P23: 0 | Q23: 0 | T23: 0 | U23: 0 | W23: 0 | X23: 680006 | Y23: ='CLP Tariff'!D28 -> 807761 | Z23: ='Commercial & Quarter'!AD72 -> 278196 | AA23: =Y23-Z23 -> 529565 | AB23: =I23+N23 -> 2816511 | AD23: 0 | AE23: 0 | AF23: 0 | AG23: 0
A24: 42248 | B24: ='CLP Tariff'!B29 -> 9954396 | C24: =B24-SUM(D24:Y24) -> 4633259 | D24: 234187 | E24: 228598 | F24: 0 | G24: 0 | H24: 0 | I24: 2359914 | J24: 263450 | K24: 56020 | L24: 135352 | M24: 0 | N24: 222957 | O24: 84622 | P24: 0 | Q24: 0 | T24: 0 | U24: 0 | W24: 0 | X24: 887878 | Y24: ='CLP Tariff'!D29 -> 848159 | Z24: ='Commercial & Quarter'!AE72 -> 338617 | AA24: =Y24-Z24 -> 509542 | AB24: =I24+N24 -> 2582871 | AD24: 0 | AE24: 0 | AF24: 0 | AG24: 0
A25: 42278 | B25: ='CLP Tariff'!B30 -> 8352722 | C25: =B25-SUM(D25:Y25) -> 4009560 | D25: 212948 | E25: 252642 | F25: 0 | G25: 0 | H25: 0 | I25: 1873529 | J25: 247453 | K25: 52867 | L25: 131511 | M25: 0 | N25: 179183 | O25: 77686 | P25: 0 | Q25: 0 | T25: 0 | U25: 0 | W25: 0 | X25: 705699 | Y25: ='CLP Tariff'!D30 -> 609644 | Z25: ='Commercial & Quarter'!AF72 -> 309456 | AA25: =Y25-Z25 -> 300188 | AB25: =I25+N25 -> 2052712 | AD25: 0 | AE25: 0 | AF25: 0 | AG25: 0
A26: 42309 | B26: ='CLP Tariff'!B31 -> 8050995 | C26: =B26-SUM(D26:Y26) -> 4200888 | D26: 229804 | E26: 304409 | F26: 0 | G26: 0 | H26: 0 | I26: 1464223 | J26: 278579 | K26: 45990 | L26: 146949 | M26: 0 | N26: 173483 | O26: 65641 | P26: 0 | Q26: 0 | T26: 0 | U26: 0 | W26: 0 | X26: 587552 | Y26: ='CLP Tariff'!D31 -> 553477 | Z26: ='Commercial & Quarter'!AG72 -> 318937 | AA26: =Y26-Z26 -> 234540 | AB26: =I26+N26 -> 1637706 | AD26: 0 | AE26: 0 | AF26: 0 | AG26: 0
A27: 42339 | B27: ='CLP Tariff'!B32 -> 6493453 | C27: =B27-SUM(D27:Y27) -> 3614603 | D27: 290741 | E27: 333130 | F27: 0 | G27: 0 | H27: 0 | I27: 690904 | J27: 285264 | K27: 65483 | L27: 103943 | M27: 0 | N27: 90243 | O27: 79484 | P27: 0 | Q27: 0 | T27: 0 | U27: 0 | W27: 0 | X27: 453971 | Y27: ='CLP Tariff'!D32 -> 485687 | Z27: ='Commercial & Quarter'!AH72 -> 282739 | AA27: =Y27-Z27 -> 202948 | AB27: =I27+N27 -> 781147 | AD27: 0 | AE27: 0 | AF27: 0 | AG27: 0
A28: 42370 | B28: ='CLP Tariff'!B33 -> 6245223 | C28: =B28-SUM(D28:Y28) -> 3831763 | D28: 139048 | E28: 277210 | F28: 0 | G28: 0 | H28: 0 | I28: 516685 | J28: 242251 | K28: 42075 | L28: 122690 | M28: 0 | N28: 50559 | O28: 78005 | P28: 0 | Q28: 0 | T28: 0 | U28: 0 | W28: 0 | X28: 377458 | Y28: ='CLP Tariff'!D33 -> 567479 | Z28: ='Commercial & Quarter'!AI72 -> 259474 | AA28: =Y28-Z28 -> 308005 | AB28: =I28+N28 -> 567244 | AD28: 0 | AE28: 0 | AF28: 0 | AG28: 0
A29: 42401 | B29: ='CLP Tariff'!B34 -> 6466884 | C29: =B29-SUM(D29:Y29) -> 3779412 | D29: 298078 | E29: 343984 | F29: 0 | G29: 0 | H29: 0 | I29: 406263 | J29: 294647 | K29: 45944 | L29: 117026 | M29: 0 | N29: 48852 | O29: 37408 | P29: 0 | Q29: 0 | T29: 0 | U29: 0 | W29: 0 | X29: 487805 | Y29: ='CLP Tariff'!D34 -> 607465 | Z29: ='Commercial & Quarter'!AJ72 -> 272882 | AA29: =Y29-Z29 -> 334583 | AB29: =I29+N29 -> 455115 | AD29: 0 | AE29: 0 | AF29: 0 | AG29: 0
A30: 42430 | B30: ='CLP Tariff'!B35 -> 6613470 | C30: =B30-SUM(D30:Y30) -> 3972874 | D30: 204423 | E30: 276509 | F30: 0 | G30: 0 | H30: 0 | I30: 553500 | J30: 237417 | K30: 58069 | L30: 81220 | M30: 0 | N30: 57570 | O30: 60129 | P30: 0 | Q30: 0 | T30: 0 | U30: 0 | W30: 0 | X30: 547267 | Y30: ='CLP Tariff'!D35 -> 564492 | Z30: ='Commercial & Quarter'!AK72 -> 289377 | AA30: =Y30-Z30 -> 275115 | AB30: =I30+N30 -> 611070 | AD30: 0 | AE30: 0 | AF30: 0 | AG30: 0
A31: 42461 | B31: ='CLP Tariff'!B36 -> 7584721 | C31: =B31-SUM(D31:Y31) -> 4018970 | D31: 215813 | E31: 296537 | F31: 0 | G31: 0 | H31: 0 | I31: 1283919 | J31: 271059 | K31: 49082 | L31: 118821 | M31: 0 | N31: 135895 | O31: 63059 | P31: 0 | Q31: 0 | T31: 0 | U31: 0 | W31: 0 | X31: 558826 | Y31: ='CLP Tariff'!D36 -> 572740 | Z31: ='Commercial & Quarter'!AL72 -> 308674 | AA31: =Y31-Z31 -> 264066 | AB31: =I31+N31 -> 1419814 | AD31: 0 | AE31: 0 | AF31: 0 | AG31: 0
A32: 42491 | B32: ='CLP Tariff'!B37 -> 8730352 | C32: =B32-SUM(D32:Y32) -> 3773707 | D32: 263078 | E32: 405553 | F32: 0 | G32: 0 | H32: 0 | I32: 1964154 | J32: 277527 | K32: 71026 | L32: 204440 | M32: 0 | N32: 241532 | O32: 102506 | P32: 0 | Q32: 0 | T32: 0 | U32: 0 | W32: 0 | X32: 728971 | Y32: ='CLP Tariff'!D37 -> 697858 | Z32: ='Commercial & Quarter'!AM72 -> 320173 | AA32: =Y32-Z32 -> 377685 | AB32: =I32+N32 -> 2205686 | AD32: 0 | AE32: 0 | AF32: 0 | AG32: 0
A33: 42522 | B33: ='CLP Tariff'!B38 -> 9791945 | C33: =B33-SUM(D33:Y33) -> 4046518 | D33: 274465 | E33: 503779 | F33: 0 | G33: 0 | H33: 0 | I33: 2672172 | J33: 247180 | K33: 48151 | L33: 162606 | M33: 0 | N33: 204368 | O33: 87014 | P33: 0 | Q33: 0 | T33: 0 | U33: 0 | W33: 0 | X33: 649314 | Y33: ='CLP Tariff'!D38 -> 896378 | Z33: ='Commercial & Quarter'!AN72 -> 301989 | AA33: =Y33-Z33 -> 594389 | AB33: =I33+N33 -> 2876540 | AD33: 0 | AE33: 0 | AF33: 0 | AG33: 0
A34: 42552 | B34: ='CLP Tariff'!B39 -> 9168714 | C34: =B34-SUM(D34:Y34) -> 3655670 | D34: 171816 | E34: 346896 | F34: 0 | G34: 0 | H34: 0 | I34: 2679758 | J34: 241218 | K34: 56433 | L34: 183048 | M34: 0 | N34: 231512 | O34: 89776 | P34: 0 | Q34: 0 | T34: 0 | U34: 0 | W34: 0 | X34: 701641 | Y34: ='CLP Tariff'!D39 -> 810946 | Z34: ='Commercial & Quarter'!AO72 -> 285596 | AA34: =Y34-Z34 -> 525350 | AB34: =I34+N34 -> 2911270 | AD34: 0 | AE34: 0 | AF34: 0 | AG34: 0
A35: 42583 | B35: ='CLP Tariff'!B40 -> 9494610 | C35: =B35-SUM(D35:Y35) -> 3873088 | D35: 267163 | E35: 515939 | F35: 0 | G35: 0 | H35: 0 | I35: 2450437 | J35: 296189 | K35: 70401 | L35: 187636 | M35: 0 | N35: 253271 | O35: 98211 | P35: 0 | Q35: 0 | T35: 0 | U35: 0 | W35: 0 | X35: 706214 | Y35: ='CLP Tariff'!D40 -> 776061 | Z35: ='Commercial & Quarter'!AP72 -> 313559 | AA35: =Y35-Z35 -> 462502 | AB35: =I35+N35 -> 2703708 | AD35: 0 | AE35: 0 | AF35: 0 | AG35: 0
A36: 42614 | B36: ='CLP Tariff'!B41 -> 9481784 | C36: =B36-SUM(D36:Y36) -> 4228883 | D36: 247221 | E36: 400844 | F36: 0 | G36: 0 | H36: 0 | I36: 2315953 | J36: 260266 | K36: 58317 | L36: 155062 | M36: 0 | N36: 205585 | O36: 86794 | P36: 0 | Q36: 0 | T36: 0 | U36: 0 | W36: 0 | X36: 809354 | Y36: ='CLP Tariff'!D41 -> 713505 | Z36: ='Commercial & Quarter'!AQ72 -> 333329 | AA36: =Y36-Z36 -> 380176 | AB36: =I36+N36 -> 2521538 | AD36: 0 | AE36: 0 | AF36: 0 | AG36: 0
A37: 42644 | B37: ='CLP Tariff'!B42 -> 8039061 | C37: =B37-SUM(D37:Y37) -> 3320287 | D37: 244358 | E37: 301842 | F37: 0 | G37: 0 | H37: 0 | I37: 2065366 | J37: 252484 | K37: 59236 | L37: 143725 | M37: 0 | N37: 191013 | O37: 67897 | P37: 0 | Q37: 0 | T37: 0 | U37: 0 | W37: 0 | X37: 828064 | Y37: ='CLP Tariff'!D42 -> 564789 | Z37: ='Commercial & Quarter'!AR72 -> 295061 | AA37: =Y37-Z37 -> 269728 | AB37: =I37+N37 -> 2256379 | AD37: 0 | AE37: 0 | AF37: 0 | AG37: 0
A38: 42675 | B38: ='CLP Tariff'!B43 -> 8258064 | C38: =B38-SUM(D38:Y38) -> 4405647 | D38: 269652 | E38: 561953 | F38: 0 | G38: 0 | H38: 0 | I38: 1190430 | J38: 309914 | K38: 74983 | L38: 137244 | M38: 0 | N38: 161352 | O38: 68587 | P38: 0 | Q38: 0 | T38: 0 | U38: 0 | W38: 0 | X38: 531267 | Y38: ='CLP Tariff'!D43 -> 547035 | Z38: ='Commercial & Quarter'!AS72 -> 351124 | AA38: =Y38-Z38 -> 195911 | AB38: =I38+N38 -> 1351782 | AD38: 0 | AE38: 0 | AF38: 0 | AG38: 0
A39: 42705 | B39: ='CLP Tariff'!B44 -> 6468025 | C39: =B39-SUM(D39:Y39) -> 3593398 | D39: 239740 | E39: 398980 | F39: 0 | G39: 0 | H39: 0 | I39: 761395 | J39: 261691 | K39: 59003 | L39: 108647 | M39: 0 | N39: 86111 | O39: 51534 | P39: 0 | Q39: 0 | T39: 0 | U39: 0 | W39: 0 | X39: 463216 | Y39: ='CLP Tariff'!D44 -> 444310 | Z39: ='Commercial & Quarter'!AT72 -> 303998 | AA39: =Y39-Z39 -> 140312 | AB39: =I39+N39 -> 847506 | AD39: 0 | AE39: 0 | AF39: 0 | AG39: 0
A40: 42736 | B40: ='CLP Tariff'!B45 -> 5525573 | C40: =B40-SUM(D40:Y40) -> 3099589 | D40: 214435 | E40: 370050 | F40: 0 | G40: 0 | H40: 0 | I40: 618875 | J40: 233523 | K40: 46449 | L40: 99324 | M40: 0 | N40: 55694 | O40: 41576 | P40: 0 | Q40: 0 | T40: 0 | U40: 0 | W40: 0 | X40: 337896 | Y40: ='CLP Tariff'!D45 -> 408162 | Z40: ='Commercial & Quarter'!AU72 -> 243772 | AA40: =Y40-Z40 -> 164390 | AB40: =I40+N40 -> 674569 | AD40: 0 | AE40: 0 | AF40: 0 | AG40: 0
A41: 42767 | B41: ='CLP Tariff'!B46 -> 6826525 | C41: =B41-SUM(D41:Y41) -> 4036987 | D41: 254971 | E41: 430923 | F41: 0 | G41: 0 | H41: 0 | I41: 526051 | J41: 277051 | K41: 57162 | L41: 104695 | M41: 0 | N41: 58566 | O41: 46491 | P41: 0 | Q41: 0 | T41: 0 | U41: 0 | W41: 0 | X41: 498147 | Y41: ='CLP Tariff'!D46 -> 535481 | Z41: ='Commercial & Quarter'!AV72 -> 308838 | AA41: =Y41-Z41 -> 226643 | AB41: =I41+N41 -> 584617 | AD41: 0 | AE41: 0 | AF41: 0 | AG41: 0
A42: 42795 | B42: ='CLP Tariff'!B47 -> 6883831 | C42: =B42-SUM(D42:Y42) -> 3870515 | D42: 248895 | E42: 445814 | F42: 0 | G42: 0 | H42: 0 | I42: 740508 | J42: 295298 | K42: 58107 | L42: 92166 | M42: 0 | N42: 72031 | O42: 46835 | P42: 0 | Q42: 0 | T42: 0 | U42: 0 | W42: 0 | X42: 500980 | Y42: ='CLP Tariff'!D47 -> 512682 | Z42: ='Commercial & Quarter'!AW72 -> 317794 | AA42: =Y42-Z42 -> 194888 | AB42: =I42+N42 -> 812539 | AD42: 0 | AE42: 0 | AF42: 0 | AG42: 0
A43: 42826 | B43: ='CLP Tariff'!B48 -> 6688335 | C43: =B43-SUM(D43:Y43) -> 3328654 | D43: 212465 | E43: 375876 | F43: 0 | G43: 0 | H43: 0 | I43: 1194038 | J43: 235542 | K43: 49717 | L43: 105608 | M43: 0 | N43: 123848 | O43: 51501 | P43: 0 | Q43: 0 | T43: 0 | U43: 0 | W43: 0 | X43: 556388 | Y43: ='CLP Tariff'!D48 -> 454698 | Z43: ='Commercial & Quarter'!AX72 -> 278250 | AA43: =Y43-Z43 -> 176448 | AB43: =I43+N43 -> 1317886 | AD43: 0 | AE43: 0 | AF43: 0 | AG43: 0
A44: 42856 | B44: ='CLP Tariff'!B49 -> 8137565 | C44: =B44-SUM(D44:Y44) -> 3720289 | D44: 252700 | E44: 428220 | F44: 0 | G44: 0 | H44: 0 | I44: 1738362 | J44: 282988 | K44: 64509 | L44: 160553 | M44: 0 | N44: 193845 | O44: 68219 | P44: 0 | Q44: 0 | T44: 0 | U44: 0 | W44: 0 | X44: 660533 | Y44: ='CLP Tariff'!D49 -> 567347 | Z44: ='Commercial & Quarter'!AY72 -> 318068 | AA44: =Y44-Z44 -> 249279 | AB44: =I44+N44 -> 1932207 | AD44: 0 | AE44: 0 | AF44: 0 | AG44: 0
A45: 42887 | B45: ='CLP Tariff'!B50 -> 9514271 | C45: =B45-SUM(D45:Y45) -> 4066105 | D45: 258022 | E45: 446908 | F45: 0 | G45: 0 | H45: 0 | I45: 2500352 | J45: 267111 | K45: 70932 | L45: 204894 | M45: 0 | N45: 240351 | O45: 86736 | P45: 0 | Q45: 0 | T45: 0 | U45: 0 | W45: 0 | X45: 611695 | Y45: ='CLP Tariff'!D50 -> 761165 | Z45: ='Commercial & Quarter'!AZ72 -> 307686 | AA45: =Y45-Z45 -> 453479 | AB45: =I45+N45 -> 2740703 | AD45: 0 | AE45: 0 | AF45: 0 | AG45: 0
A46: 42917 | B46: ='CLP Tariff'!B51 -> 8243086 | C46: =B46-SUM(D46:Y46) -> 3001369 | D46: 231436 | E46: 384666 | F46: 0 | G46: 0 | H46: 0 | I46: 2544886 | J46: 241317 | K46: 62499 | L46: 192870 | M46: 0 | N46: 223983 | O46: 82519 | P46: 0 | Q46: 0 | T46: 0 | U46: 0 | W46: 0 | X46: 700584 | Y46: ='CLP Tariff'!D51 -> 576957 | Z46: ='Commercial & Quarter'!BA72 -> 212800 | AA46: =Y46-Z46 -> 364157 | AB46: =I46+N46 -> 2768869 | AD46: 0 | AE46: 0 | AF46: 0 | AG46: 0
A47: 42948 | B47: ='CLP Tariff'!B52 -> 9842261 | C47: =B47-SUM(D47:Y47) -> 4031396 | D47: 275532 | E47: 493213 | F47: 0 | G47: 0 | H47: 0 | I47: 2551418 | J47: 296187 | K47: 74921 | L47: 248922 | M47: 0 | N47: 278456 | O47: 82128 | P47: 0 | Q47: 0 | T47: 0 | U47: 0 | W47: 0 | X47: 722301 | Y47: ='CLP Tariff'!D52 -> 787787 | Z47: ='Commercial & Quarter'!BB72 -> 241411 | AA47: =Y47-Z47 -> 546376 | AB47: =I47+N47 -> 2829874 | AD47: 0 | AE47: 0 | AF47: 0 | AG47: 0
A48: 42979 | B48: ='CLP Tariff'!B53 -> 9512976 | C48: =B48-SUM(D48:Y48) -> 3773479 | D48: 258590 | E48: 442915 | F48: 0 | G48: 0 | H48: 0 | I48: 2600804 | J48: 288653 | K48: 60546 | L48: 207848 | M48: 0 | N48: 265391 | O48: 71953 | P48: 0 | Q48: 0 | T48: 0 | U48: 0 | W48: 0 | X48: 787739 | Y48: ='CLP Tariff'!D53 -> 755058 | Z48: ='Commercial & Quarter'!BC72 -> 247909 | AA48: =Y48-Z48 -> 507149 | AB48: =I48+N48 -> 2866195 | AD48: 0 | AE48: 0 | AF48: 0 | AG48: 0
A49: 43009 | B49: ='CLP Tariff'!B54 -> 8514444 | C49: =B49-SUM(D49:Y49) -> 3744126 | D49: 270654 | E49: 452584 | F49: 0 | G49: 0 | H49: 0 | I49: 1841190 | J49: 292092 | K49: 63022 | L49: 183095 | M49: 0 | N49: 217543 | O49: 42173 | P49: 0 | Q49: 0 | T49: 0 | U49: 0 | W49: 0 | X49: 803446 | Y49: ='CLP Tariff'!D54 -> 604519 | Z49: ='Commercial & Quarter'!BD72 -> 246432 | AA49: =Y49-Z49 -> 358087 | AB49: =I49+N49 -> 2058733 | AD49: 0 | AE49: 0 | AF49: 0 | AG49: 0
A50: 43040 | B50: ='CLP Tariff'!B55 -> 7261986 | C50: =B50-SUM(D50:Y50) -> 3933330 | D50: 249042 | E50: 421911 | F50: 0 | G50: 0 | H50: 0 | I50: 1084163 | J50: 284103 | K50: 55715 | L50: 122475 | M50: 0 | N50: 126984 | O50: 29219 | P50: 0 | Q50: 0 | T50: 0 | U50: 0 | W50: 0 | X50: 512053 | Y50: ='CLP Tariff'!D55 -> 442991 | Z50: ='Commercial & Quarter'!BE72 -> 271273 | AA50: =Y50-Z50 -> 171718 | AB50: =I50+N50 -> 1211147 | AD50: 0 | AE50: 0 | AF50: 0 | AG50: 0
A51: 43070 | B51: ='CLP Tariff'!B56 -> 5970850 | C51: =B51-SUM(D51:Y51) -> 3266116 | D51: 230252 | E51: 430229 | F51: 0 | G51: 0 | H51: 0 | I51: 611381 | J51: 273022 | K51: 56181 | L51: 119923 | M51: 0 | N51: 73274 | O51: 29061 | P51: 0 | Q51: 0 | T51: 0 | U51: 0 | W51: 0 | X51: 469420 | Y51: ='CLP Tariff'!D56 -> 411991 | Z51: ='Commercial & Quarter'!BF72 -> 234655 | AA51: =Y51-Z51 -> 177336 | AB51: =I51+N51 -> 684655 | AD51: 0 | AE51: 0 | AF51: 0 | AG51: 0
A52: 43101 | B52: ='CLP Tariff'!B57 -> 6340475 | C52: =B52-SUM(D52:Y52) -> 3715383 | D52: 255100 | E52: 462317 | F52: 0 | G52: 0 | H52: 0 | I52: 511044 | J52: 277806 | K52: 57343 | L52: 115237 | M52: 0 | N52: 61658 | O52: 26266 | P52: 0 | Q52: 0 | T52: 0 | U52: 0 | W52: 0 | X52: 326074 | Y52: ='CLP Tariff'!D57 -> 532247 | Z52: ='Commercial & Quarter'!BG72 -> 267046 | AA52: =Y52-Z52 -> 265201 | AB52: =I52+N52 -> 572702 | AD52: 0 | AE52: 0 | AF52: 0 | AG52: 0
A53: 43132 | B53: ='CLP Tariff'!B58 -> 6010872 | C53: =B53-SUM(D53:Y53) -> 3437800 | D53: 218539 | E53: 418582 | F53: 0 | G53: 0 | H53: 0 | I53: 439104 | J53: 229353 | K53: 59346 | L53: 112008 | M53: 0 | N53: 44948 | O53: 24999 | P53: 0 | Q53: 0 | T53: 0 | U53: 0 | W53: 0 | X53: =39175+19167+27335+42962+31361+34378+71998+56393+57513+56454 -> 436736 | Y53: ='CLP Tariff'!D58 -> 589457 | Z53: ='Commercial & Quarter'!BH72 -> 272614 | AA53: =Y53-Z53 -> 316843 | AB53: =I53+N53 -> 484052 | AD53: =22730+60523+309 -> 83562 | AE53: 0 | AF53: 0 | AG53: 0
A54: 43160 | B54: ='CLP Tariff'!B59 -> 6466521 | C54: =B54-SUM(D54:Y54) -> 3450924 | D54: 266749 | E54: 428068 | F54: 0 | G54: 0 | H54: 0 | I54: 808368 | J54: 298704 | K54: 42758 | L54: 101870 | M54: 0 | N54: 87607 | O54: 22757 | P54: 0 | Q54: 0 | T54: 0 | U54: 0 | W54: 0 | X54: =35899+25987+31159+37865+36028+45002+87843+49897+61264+60160 -> 471104 | Y54: ='CLP Tariff'!D59 -> 487612 | Z54: ='Commercial & Quarter'!BI72 -> 306197 | AA54: =Y54-Z54 -> 181415 | AB54: =I54+N54 -> 895975 | AD54: =20554+262+49529 -> 70345 | AE54: 0 | AF54: 0 | AG54: 0
A55: 43191 | B55: ='CLP Tariff'!B60 -> 7476752 | C55: =B55-SUM(D55:Y55) -> 3890381 | D55: 238376 | E55: 450705 | F55: 0 | G55: 0 | H55: 0 | I55: 1208521 | J55: 275522 | K55: 52528 | L55: 124604 | M55: 0 | N55: 137799 | O55: 21167 | P55: 0 | Q55: 0 | T55: 0 | U55: 0 | W55: 0 | X55: =51471+24852+45387+51205+42368+54226+83687+63378+60741+61123 -> 538438 | Y55: ='CLP Tariff'!D60 -> 538711 | Z55: ='Commercial & Quarter'!BJ72 -> 333892 | AA55: =Y55-Z55 -> 204819 | AB55: =I55+N55 -> 1346320 | AD55: =54177+25995+312 -> 80484 | AE55: 0 | AF55: 0 | AG55: 0
A56: 43221 | B56: ='CLP Tariff'!B61 -> 8980797 | C56: =B56-SUM(D56:Y56) -> 3663428 | D56: 275700 | E56: 506370 | F56: 0 | G56: 0 | H56: 0 | I56: 2176575 | J56: 304399 | K56: 60569 | L56: 183261 | M56: 0 | N56: 224034 | O56: 35915 | P56: 0 | Q56: 16340 | T56: 0 | U56: 0 | W56: 0 | X56: =74617+27953+45417+70156+78126+60601+119701+79398+92019+90834 -> 738822 | Y56: ='CLP Tariff'!D61 -> 795384 | Z56: ='Commercial & Quarter'!BK72 -> 342020 | AA56: =Y56-Z56 -> 453364 | AB56: =I56+N56 -> 2400609 | AD56: =81706+293+34362 -> 116361 | AE56: 0 | AF56: 0 | AG56: 0
A57: 43252 | B57: ='CLP Tariff'!B62 -> 8345430 | C57: =B57-SUM(D57:Y57) -> 3243600 | D57: 230102 | E57: 463971 | F57: 0 | G57: 0 | H57: 0 | I57: 2314940 | J57: 265718 | K57: 74569 | L57: 191322 | M57: 0 | N57: 226980 | O57: 23888 | P57: 0 | Q57: 8379 | T57: 0 | U57: 0 | W57: 0 | X57: 551495 | Y57: ='CLP Tariff'!D62 -> 750466 | Z57: ='Commercial & Quarter'!BL72 -> 296584 | AA57: =Y57-Z57 -> 453882 | AB57: =I57+N57 -> 2541920 | AD57: =64166+32697+294 -> 97157 | AE57: 0 | AF57: 0 | AG57: 0
A58: 43282 | B58: ='CLP Tariff'!B63 -> 9163876 | C58: =B58-SUM(D58:Y58) -> 3596301 | D58: 269714 | E58: 448922 | F58: 0 | G58: 0 | H58: 0 | I58: 2556472 | J58: 246603 | K58: 84978 | L58: 217407 | M58: 0 | N58: 246683 | O58: 37883 | P58: 0 | Q58: 12527 | T58: 0 | U58: 0 | W58: 0 | X58: 638211 | Y58: ='CLP Tariff'!D63 -> 808175 | Z58: ='Commercial & Quarter'!BM72 -> 301748 | AA58: =Y58-Z58 -> 506427 | AB58: =I58+N58 -> 2803155 | AD58: =43931+26372+275 -> 70578 | AE58: 0 | AF58: 0 | AG58: 0
A59: 43313 | B59: ='CLP Tariff'!B64 -> 9264802 | C59: =B59-SUM(D59:Y59) -> 3681107 | D59: 221923 | E59: 513076 | F59: 0 | G59: 0 | H59: 0 | I59: 2576284 | J59: 280930 | K59: 84295 | L59: 181347 | M59: 0 | N59: 248971 | O59: 36067 | P59: 0 | Q59: 8409 | T59: 0 | U59: 0 | W59: 0 | X59: 612321 | Y59: ='CLP Tariff'!D64 -> 820072 | Z59: ='Commercial & Quarter'!BN72 -> 314766 | AA59: =Y59-Z59 -> 505306 | AB59: =I59+N59 -> 2825255 | AD59: =53476+31531+334 -> 85341 | AE59: 0 | AF59: 0 | AG59: 0
A60: 43344 | B60: ='CLP Tariff'!B65 -> 8549475 | C60: =B60-SUM(D60:Y60) -> 3388624 | D60: 222460 | E60: 448695 | F60: 0 | G60: 0 | H60: 0 | I60: 2177118 | J60: 269617 | K60: 68024 | L60: 147015 | M60: 0 | N60: 204451 | O60: 23465 | P60: 0 | Q60: 16958 | T60: 0 | U60: 0 | W60: 0 | X60: 804200 | Y60: ='CLP Tariff'!D65 -> 778848 | Z60: ='Commercial & Quarter'!BO72 -> 322443 | AA60: =Y60-Z60 -> 456405 | AB60: =I60+N60 -> 2381569 | AD60: =67523+283+29439 -> 97245 | AE60: 0 | AF60: 0 | AG60: 0
A61: 43374 | B61: ='CLP Tariff'!B66 -> 8134959 | C61: =B61-SUM(D61:Y61) -> 3908089 | D61: 246334 | E61: 488440 | F61: 0 | G61: 0 | H61: 0 | I61: 1485329 | J61: 305093 | K61: 67677 | L61: 138871 | M61: 0 | N61: 167478 | O61: 22031 | P61: 0 | Q61: 85312 | T61: 0 | U61: 0 | W61: 0 | X61: 584651 | Y61: ='CLP Tariff'!D66 -> 635654 | Z61: ='Commercial & Quarter'!BP72 -> 351483 | AA61: =Y61-Z61 -> 284171 | AB61: =I61+N61 -> 1652807 | AD61: =332+35133+76998 -> 112463 | AE61: 0 | AF61: 0 | AG61: 0
A62: 43405 | B62: ='CLP Tariff'!B67 -> 7301374 | C62: =B62-SUM(D62:Y62) -> 3828466 | D62: 218939 | E62: 407239 | F62: 0 | G62: 0 | H62: 0 | I62: 1134112 | J62: 287286 | K62: 57308 | L62: 113093 | M62: 0 | N62: 126558 | O62: 26144 | P62: 0 | Q62: 62066 | T62: 0 | U62: 0 | W62: 0 | X62: 486495 | Y62: ='CLP Tariff'!D67 -> 553668 | Z62: ='Commercial & Quarter'!BQ72 -> 356420 | AA62: =Y62-Z62 -> 197248 | AB62: =I62+N62 -> 1260670 | AD62: =26747+51867+285 -> 78899 | AE62: 0 | AF62: 0 | AG62: 0
A63: 43435 | B63: ='CLP Tariff'!B68 -> 5745762 | C63: =B63-SUM(D63:Y63) -> 3003100 | D63: 208027 | E63: 405643 | F63: 0 | G63: 0 | H63: 0 | I63: 682534 | J63: 253715 | K63: 49747 | L63: 97643 | M63: 0 | N63: 75003 | O63: 14837 | P63: 0 | Q63: 56360 | T63: 0 | U63: 0 | W63: 0 | X63: 416236 | Y63: ='CLP Tariff'!D68 -> 482917 | Z63: ='Commercial & Quarter'!BR72 -> 321018 | AA63: =Y63-Z63 -> 161899 | AB63: =I63+N63 -> 757537 | AD63: =46715+23783+273 -> 70771 | AE63: 0 | AF63: 0 | AG63: 0
A64: 43466 | B64: ='CLP Tariff'!B69 -> 6248667 | C64: =B64-SUM(D64:Y64) -> 3629709 | D64: 222775 | E64: 421202 | F64: 0 | G64: 0 | H64: 0 | I64: 484198 | J64: 263925 | K64: 55886 | L64: 105554 | M64: 0 | N64: 60895 | O64: 21572 | P64: 0 | Q64: 53837 | T64: 0 | U64: 0 | W64: 0 | X64: 341945 | Y64: ='CLP Tariff'!D69 -> 587169 | Z64: ='Commercial & Quarter'!BS72 -> 326358 | AA64: =Y64-Z64 -> 260811 | AB64: =I64+N64 -> 545093 | AD64: =302+19174+31924 -> 51400 | AE64: 0 | AF64: 0 | AG64: 0
A65: 43497 | B65: ='CLP Tariff'!B70 -> 5832769 | C65: =B65-SUM(D65:Y65) -> 3264996 | D65: 209124 | E65: 395384 | F65: 0 | G65: 0 | H65: 0 | I65: 597453 | J65: 254927 | K65: 43422 | L65: 87204 | M65: 0 | N65: 60345 | O65: 16313 | P65: 0 | Q65: 50658 | T65: 0 | U65: 0 | W65: 0 | X65: 363265 | Y65: ='CLP Tariff'!D70 -> 489678 | Z65: ='Commercial & Quarter'!BT72 -> 301948 | AA65: =Y65-Z65 -> 187730 | AB65: =I65+N65 -> 657798 | AD65: =45113+22969+321 -> 68403 | AE65: 0 | AF65: 0 | AG65: 0
A66: 43525 | B66: ='CLP Tariff'!B71 -> 6331150 | C66: =B66-SUM(D66:Y66) -> 3345129 | D66: 207872 | E66: 391830 | F66: 0 | G66: 0 | H66: 0 | I66: 793174 | J66: 242810 | K66: 51330 | L66: 107277 | M66: 0 | N66: 90434 | O66: 27877 | P66: 0 | Q66: 51807 | T66: 0 | U66: 0 | W66: 0 | X66: 479638 | Y66: ='CLP Tariff'!D71 -> 541972 | Z66: ='Commercial & Quarter'!BU72 -> 329756 | AA66: =Y66-Z66 -> 212216 | AB66: =I66+N66 -> 883608 | AD66: =48530+21725+264 -> 70519 | AE66: 0 | AF66: 0 | AG66: 0
A67: 43556 | B67: ='CLP Tariff'!B72 -> 7724333 | C67: =B67-SUM(D67:Y67) -> 3897277 | D67: 239709 | E67: 416769 | F67: 0 | G67: 0 | H67: 0 | I67: 1267906 | J67: 261684 | K67: 54547 | L67: 131475 | M67: 0 | N67: 128377 | O67: 50411 | P67: 0 | Q67: 74731 | T67: 0 | U67: 0 | W67: 0 | X67: 545039 | Y67: ='CLP Tariff'!D72 -> 656408 | Z67: ='Commercial & Quarter'!BV72 -> 354868 | AA67: =Y67-Z67 -> 301540 | AB67: =I67+N67 -> 1396283 | AD67: =61713+29341+321 -> 91375 | AE67: 0 | AF67: 0 | AG67: 0
A68: 43586 | B68: ='CLP Tariff'!B73 -> 7840497 | C68: =B68-SUM(D68:Y68) -> 3553410 | D68: 223486 | E68: 408004 | F68: 0 | G68: 0 | H68: 0 | I68: 1567740 | J68: 252730 | K68: 60316 | L68: 146843 | M68: 0 | N68: 168006 | O68: 48567 | P68: 0 | Q68: 75552 | T68: 0 | U68: 0 | W68: 0 | X68: 650564 | Y68: ='CLP Tariff'!D73 -> 685279 | Z68: ='Commercial & Quarter'!BW72 -> 332260 | AA68: =Y68-Z68 -> 353019 | AB68: =I68+N68 -> 1735746 | AD68: =287+31209+71467 -> 102963 | AE68: 0 | AF68: 0 | AG68: 0
A69: 43617 | B69: ='CLP Tariff'!B74 -> 8048430 | C69: =B69-SUM(D69:Y69) -> 3274264 | D69: 215214 | E69: 385131 | F69: 0 | G69: 0 | H69: 0 | I69: 2054826 | J69: 226595 | K69: 65999 | L69: 175675 | M69: 0 | N69: 204845 | O69: 60310 | P69: 0 | Q69: 75530 | T69: 0 | U69: 0 | W69: 0 | X69: 554926 | Y69: ='CLP Tariff'!D74 -> 755115 | Z69: ='Commercial & Quarter'!BX72 -> 242424 | AA69: =Y69-Z69 -> 512691 | AB69: =I69+N69 -> 2259671 | AD69: =31571+322+58996 -> 90889 | AE69: 0 | AF69: 0 | AG69: 0
A70: 43647 | B70: ='CLP Tariff'!B75 -> 9301477 | C70: =B70-SUM(D70:Y70) -> 3802878 | D70: 252456 | E70: 452014 | F70: 0 | G70: 0 | H70: 0 | I70: 2356091 | J70: 265538 | K70: 83679 | L70: 215366 | M70: 0 | N70: 249610 | O70: 71160 | P70: 0 | Q70: 101005 | T70: 0 | U70: 0 | W70: 0 | X70: 586193 | Y70: ='CLP Tariff'!D75 -> 865487 | Z70: ='Commercial & Quarter'!BY72 -> 260859 | AA70: =Y70-Z70 -> 604628 | AB70: =I70+N70 -> 2605701 | AD70: =48436+26271+288 -> 74995 | AE70: 0 | AF70: 0 | AG70: 0
A71: 43678 | B71: ='CLP Tariff'!B76 -> 9116965 | C71: =B71-SUM(D71:Y71) -> 3220290 | D71: 242645 | E71: 422221 | F71: 0 | G71: 424725 | H71: 0 | I71: 2390328 | J71: 252699 | K71: 74912 | L71: 170764 | M71: 0 | N71: 227597 | O71: 54203 | P71: 0 | Q71: 94217 | T71: 0 | U71: 0 | W71: 0 | X71: 654976 | Y71: ='CLP Tariff'!D76 -> 887388 | Z71: ='Commercial & Quarter'!BZ72 -> 258945 | AA71: =Y71-Z71 -> 628443 | AB71: =I71+N71 -> 2617925 | AD71: =41473+25885+295 -> 67653 | AE71: 0 | AF71: 0 | AG71: 0
A72: 43709 | B72: ='CLP Tariff'!B77 -> 9462055 | C72: =B72-SUM(D72:Y72) -> 3755080.2 | D72: 230045 | E72: 402702 | F72: 0 | G72: 100551 | H72: 59436 | I72: 2310802.8 | J72: 249415 | K72: 75384 | L72: 160706 | M72: 0 | N72: 225882 | O72: 44385 | P72: 0 | Q72: 83764 | T72: 0 | U72: 0 | W72: 0 | X72: 827293 | Y72: ='CLP Tariff'!D77 -> 936609 | Z72: ='Commercial & Quarter'!CA72 -> 377836 | AA72: =Y72-Z72 -> 558773 | AB72: =I72+N72 -> 2536684.8 | AD72: =83640+31252+275 -> 115167 | AE72: 0 | AF72: 0 | AG72: 0
A73: 43739 | B73: ='CLP Tariff'!B78 -> 8322078 | C73: =B73-SUM(D73:Y73) -> 3512233.2 | D73: 253825 | E73: 442513 | F73: 0 | G73: 113044 | H73: 55451 | I73: 1831017.8 | J73: 275324 | K73: 63423 | L73: 128778 | M73: 0 | N73: 187955 | O73: 49676 | P73: 0 | Q73: 85459 | T73: 0 | U73: 0 | W73: 0 | X73: 573373 | Y73: ='CLP Tariff'!D78 -> 750006 | Z73: ='Commercial & Quarter'!CB72 -> 348709 | AA73: =Y73-Z73 -> 401297 | AB73: =I73+N73 -> 2018972.8 | AD73: =104966+39415+323 -> 144704 | AE73: 0 | AF73: 0 | AG73: 0
A74: 43770 | B74: ='CLP Tariff'!B79 -> 6415073 | C74: =B74-SUM(D74:Y74) -> 3281818.7 | D74: 216193 | E74: 367280 | F74: 0 | G74: 91082 | H74: 59722 | I74: 910263.32 | J74: 218913 | K74: 48453 | L74: 98766 | M74: 0 | N74: 102398 | O74: 38563 | P74: 0 | Q74: 44065 | T74: 0 | U74: 0 | W74: 0 | X74: 451117 | Y74: ='CLP Tariff'!D79 -> 486439 | Z74: ='Commercial & Quarter'!CC72 -> 283909 | AA74: =Y74-Z74 -> 202530 | AB74: =I74+N74 -> 1012661.3 | AD74: =54732+27503+296 -> 82531 | AE74: 0 | AF74: 0 | AG74: 0
A75: 43800 | B75: ='CLP Tariff'!B80 -> 5899084 | C75: =B75-SUM(D75:Y75) -> 3254720.9 | D75: 229842 | E75: 390890 | F75: 0 | G75: 105592 | H75: 59707 | I75: 538670.13 | J75: 232536 | K75: 46020 | L75: 77558 | M75: 0 | N75: 73091 | O75: 40146 | P75: 0 | Q75: 39890 | T75: 0 | U75: 0 | W75: 0 | X75: 325231 | Y75: ='CLP Tariff'!D80 -> 485190 | Z75: ='Commercial & Quarter'!CD72 -> 280873 | AA75: =Y75-Z75 -> 204317 | AB75: =I75+N75 -> 611761.13 | AD75: =27950+19867+304 -> 48121 | AE75: 0 | AF75: 0 | AG75: 0
A76: 43831 | B76: ='CLP Tariff'!B81 -> 5768791 | C76: =B76-SUM(D76:Y76) -> 3078548.9 | D76: 236757 | E76: 414212 | F76: 0 | G76: 135848 | H76: 74925 | I76: 514211.08 | J76: 258161 | K76: 45705 | L76: 85583 | M76: 0 | N76: 64772 | O76: 41213 | P76: 0 | Q76: 31253 | T76: 0 | U76: 0 | W76: 0 | X76: 304301 | Y76: ='CLP Tariff'!D81 -> 483301 | Z76: ='Commercial & Quarter'!CE72 -> 262219 | AA76: =Y76-Z76 -> 221082 | AB76: =I76+N76 -> 578983.08 | AD76: =16801+283+19521 -> 36605 | AE76: 0 | AF76: 0 | AG76: 0
A77: 43862 | B77: ='CLP Tariff'!B82 -> 5023807 | C77: =B77-SUM(D77:Y77) -> 2865741.8 | D77: 157931 | E77: 298508 | F77: 0 | G77: 92910 | H77: 51118 | I77: 421075.24 | J77: 164814 | K77: 38096 | L77: 58743 | M77: 0 | N77: 50512 | O77: 40527 | P77: 0 | Q77: 10207 | T77: 0 | U77: 0 | W77: 0 | X77: 305392 | Y77: ='CLP Tariff'!D82 -> 468232 | Z77: ='Commercial & Quarter'!CF72 -> 208348 | AA77: =Y77-Z77 -> 259884 | AB77: =I77+N77 -> 471587.24 | AD77: =19698+22887+332 -> 42917 | AE77: 0 | AF77: 0 | AG77: 0
A78: 43891 | B78: ='CLP Tariff'!B83 -> 5824742 | C78: =B78-SUM(D78:Y78) -> 3080473.8 | D78: 230277 | E78: 366209 | F78: 0 | G78: 127209 | H78: 78486 | I78: 672076.24 | J78: 226846 | K78: 40647 | L78: 51768 | M78: 0 | N78: 62594 | O78: 53768 | P78: 0 | Q78: 26680 | T78: 0 | U78: 0 | W78: 0 | X78: 309551 | Y78: ='CLP Tariff'!D83 -> 498157 | Z78: ='Commercial & Quarter'!CG72 -> 261289 | AA78: =Y78-Z78 -> 236868 | AB78: =I78+N78 -> 734670.24 | AD78: =16802+19522+284 -> 36608 | AE78: 0 | AF78: 0 | AG78: 0
A79: 43922 | B79: ='CLP Tariff'!B84 -> 5681721 | C79: =B79-SUM(D79:Y79) -> 2963980.1 | D79: 186270 | E79: 350090 | F79: 0 | G79: 107135.8 | H79: 90793 | I79: 719292.13 | J79: 201132 | K79: 48025 | L79: 62887 | M79: 0 | N79: 78033 | O79: 36680 | P79: 0 | Q79: 33324 | T79: 0 | U79: 0 | W79: 0 | X79: 327861 | Y79: ='CLP Tariff'!D84 -> 476218 | Z79: ='Commercial & Quarter'!CH72 -> 231032 | AA79: =Y79-Z79 -> 245186 | AB79: =I79+N79 -> 797325.13 | AD79: =17381+20195+293 -> 37869 | AE79: 0 | AF79: 0 | AG79: 0
A80: 43952 | B80: ='CLP Tariff'!B85 -> 7583231 | C80: =B80-SUM(D80:Y80) -> 3071782.2 | D80: 208650 | E80: 384452 | F80: 0 | G80: 99522 | H80: 97251 | I80: 1805652.8 | J80: 223924 | K80: 62443 | L80: 84897 | M80: 0 | N80: 186627 | O80: 63932 | P80: 0 | Q80: 76640 | T80: 0 | U80: 0 | W80: 0 | X80: 490579 | Y80: ='CLP Tariff'!D85 -> 726879 | Z80: ='Commercial & Quarter'!CI72 -> 260510 | AA80: =Y80-Z80 -> 466369 | AB80: =I80+N80 -> 1992279.8 | AD80: =72311+118528+1191 -> 192030 | AE80: 0 | AF80: 0 | AG80: 0
A81: 43983 | B81: ='CLP Tariff'!B86 -> 8954220 | C81: =B81-SUM(D81:Y81) -> 3648771.2 | D81: 228347 | E81: 396101 | F81: 0 | G81: 109687 | H81: 115327 | I81: 2206132.8 | J81: 240416 | K81: 78338 | L81: 119344 | M81: 0 | N81: 225215 | O81: 67302 | P81: 0 | Q81: 93585 | T81: 0 | U81: 0 | W81: 0 | X81: 456065 | Y81: ='CLP Tariff'!D86 -> 969589 | Z81: ='Commercial & Quarter'!CJ72 -> 291027 | AA81: =Y81-Z81 -> 678562 | AB81: =I81+N81 -> 2431347.8 | AD81: =42159+26024+314 -> 68497 | AE81: 0 | AF81: 0 | AG81: 0
A82: 44013 | B82: ='CLP Tariff'!B87 -> 8833132 | C82: =B82-SUM(D82:Y82) -> 3490262.4 | D82: 228257 | E82: 404540 | F82: 0 | G82: 110641 | H82: 120796 | I82: 2154407.6 | J82: 231715 | K82: 83182 | L82: 140263 | M82: 0 | N82: 242508 | O82: 88475 | P82: 0 | Q82: 47947 | T82: 0 | U82: 0 | W82: 0 | X82: 464378 | Y82: ='CLP Tariff'!D87 -> 1025760 | Z82: ='Commercial & Quarter'!CK72 -> 265659 | AA82: =Y82-Z82 -> 760101 | AB82: =I82+N82 -> 2396915.6 | AD82: =38207+23584+285 -> 62076 | AE82: 0 | AF82: 0 | AG82: 0
A83: 44044 | B83: ='CLP Tariff'!B88 -> 7931452 | C83: =B83-SUM(D83:Y83) -> 2706435.5 | D83: 197866 | E83: 348726 | F83: 0 | G83: 107732 | H83: 136811 | I83: 2394486.5 | J83: 200857 | K83: 76791 | L83: 121644 | M83: 0 | N83: 229261 | O83: 53605 | P83: 0 | Q83: 45846 | T83: 0 | U83: 0 | W83: 0 | X83: 481052 | Y83: ='CLP Tariff'!D88 -> 830339 | Z83: ='Commercial & Quarter'!CL72 -> 232096 | AA83: =Y83-Z83 -> 598243 | AB83: =I83+N83 -> 2623747.5 | AD83: =43477+26837+325 -> 70639 | AE83: 0 | AF83: 0 | AG83: 0
A84: 44075 | B84: ='CLP Tariff'!B89 -> 9473248 | C84: =B84-SUM(D84:Y84) -> 4067167.6 | D84: 227234 | E84: 401301 | F84: 0 | G84: 105161 | H84: 145991 | I84: 2048304.4 | J84: 250434 | K84: 74921 | L84: 130572 | M84: 0 | N84: 227888 | O84: 53030 | P84: 0 | Q84: 67681 | T84: 0 | U84: 0 | W84: 290330 | X84: 456104 | Y84: ='CLP Tariff'!D89 -> 927129 | Z84: ='Commercial & Quarter'!CM72 -> 303922 | AA84: =Y84-Z84 -> 623207 | AB84: =I84+N84 -> 2276192.4 | AD84: =150139+77193+879 -> 228211 | AE84: 0 | AF84: 0 | AG84: 0
A85: 44105 | B85: ='CLP Tariff'!B90 -> 7236358 | C85: =B85-SUM(D85:Y85) -> 3329580 | D85: 211299 | E85: 373141 | F85: 0 | G85: 104277.6 | H85: 145355 | I85: 1335753.4 | J85: 232357 | K85: 54482 | L85: 100678 | M85: 0 | N85: 152364 | O85: 47889 | P85: 0 | Q85: 59602 | T85: 0 | U85: 0 | W85: 89769 | X85: 412147 | Y85: ='CLP Tariff'!D90 -> 587664 | Z85: 267278 | AA85: =Y85-Z85 -> 320386 | AB85: =I85+N85 -> 1488117.4 | AD85: =63355+26899+286 -> 90540 | AE85: 0 | AF85: 0 | AG85: 0
A86: 44136 | B86: ='CLP Tariff'!B91 -> 6770208 | C86: =B86-SUM(D86:Y86) -> 3423239.6 | D86: 227410 | E86: 396796 | F86: 0 | G86: 108587 | H86: 177222 | I86: 915177.39 | J86: 234747 | K86: 51126 | L86: 81285 | M86: 0 | N86: 98770 | O86: 37909 | P86: 0 | Q86: 53349 | T86: 0 | U86: 0 | W86: 74036 | X86: 365102 | Y86: ='CLP Tariff'!D91 -> 525452 | Z86: 293224 | AA86: =Y86-Z86 -> 232228 | AB86: =I86+N86 -> 1013947.4 | AD86: =22443+268+46012 -> 68723 | AE86: 0 | AF86: 0 | AG86: 0
A87: 44166 | B87: ='CLP Tariff'!B92 -> 5773520 | C87: =B87-SUM(D87:Y87) -> 3075672.2 | D87: 200695 | E87: 380382 | F87: 0 | G87: 97232 | H87: 152820 | I87: 506804.8 | J87: 232272 | K87: 47403 | L87: 48764 | M87: 0 | N87: 50904 | O87: 62080 | P87: 0 | Q87: 34551 | T87: 0 | U87: 0 | W87: 70802 | X87: 303654 | Y87: ='CLP Tariff'!D92 -> 509484 | Z87: 259382 | AA87: =Y87-Z87 -> 250102 | AB87: =I87+N87 -> 557708.8 | AD87: =18798+268+40311 -> 59377 | AE87: 0 | AF87: 0 | AG87: 0
A88: 44197 | B88: ='CLP Tariff'!B93 -> 5701348 | C88: =B88-SUM(D88:Y88) -> 3020329.8 | D88: 206965 | E88: 382076 | F88: 0 | G88: 147415 | H88: 147739 | I88: 393066.22 | J88: 223334 | K88: 44857 | L88: 48817 | M88: 0 | N88: 47672 | O88: 30752 | P88: 0 | Q88: 16074 | T88: 0 | U88: 0 | W88: 79942 | X88: 325594 | Y88: ='CLP Tariff'!D93 -> 586715 | Z88: 249052 | AA88: =Y88-Z88 -> 337663 | AB88: =I88+N88 -> 440738.22 | AD88: =44855+17399+268 -> 62522 | AE88: 0 | AF88: 0 | AG88: 0
A89: 44228 | B89: ='CLP Tariff'!B94 -> 5426615 | C89: =B89-SUM(D89:Y89) -> 2958403 | D89: 170515 | E89: 321055 | F89: 0 | G89: 102737 | H89: 161735 | I89: 528780.96 | J89: 197886 | K89: 40970 | L89: 42444 | M89: 0 | N89: 52226 | O89: 26966 | P89: 0 | Q89: 14515 | T89: 0 | U89: 0 | W89: 65365 | X89: 319533 | Y89: ='CLP Tariff'!D94 -> 423484 | Z89: 237507 | AA89: =Y89-Z89 -> 185977 | AB89: =I89+N89 -> 581006.96 | AD89: =44855+17399+268 -> 62522 | AE89: 0 | AF89: 0 | AG89: 0
A90: 44256 | B90: ='CLP Tariff'!B95 -> 6796687 | C90: =B90-SUM(D90:Y90) -> 3625896.4 | D90: 213068 | E90: 392798 | F90: 0 | G90: 119602 | H90: 177452 | I90: 785188.6 | J90: 242322 | K90: 52128 | L90: 54444 | M90: 0 | N90: 77337 | O90: 34524 | P90: 0 | Q90: 57884 | T90: 0 | U90: 0 | W90: 81956 | X90: 357255 | Y90: ='CLP Tariff'!D95 -> 524832 | Z90: 288377 | AA90: =Y90-Z90 -> 236455 | AB90: =I90+N90 -> 862525.6 | AD90: =40269+18910+249 -> 59428 | AE90: 0 | AF90: 0 | AG90: 0
A91: 44287 | B91: ='CLP Tariff'!B96 -> 7087733 | C91: =B91-SUM(D91:Y91) -> 3510739.4 | D91: 201013 | E91: 384122 | F91: 0 | G91: 106950 | H91: 160888 | I91: 1050938.6 | J91: 233551 | K91: 52762 | L91: 53047 | M91: 0 | N91: 122683 | O91: 44705 | P91: 3251 | Q91: 67675 | T91: 0 | U91: 0 | W91: 91645 | X91: 449503 | Y91: ='CLP Tariff'!D96 -> 554260 | Z91: 282594 | AA91: =Y91-Z91 -> 271666 | AB91: =I91+N91 -> 1173621.6 | AD91: =59849+23890+297 -> 84036 | AE91: 0 | AF91: 0 | AG91: 0
A92: 44317 | B92: ='CLP Tariff'!B97 -> 8790715 | C92: =B92-SUM(D92:Y92) -> 3690093.1 | D92: 157781 | E92: 367014 | F92: 0 | G92: 109455 | H92: 167706 | I92: 1964651.9 | J92: 209323 | K92: 63649 | L92: 77349 | M92: 0 | N92: 200723 | O92: 47375 | P92: 4531 | Q92: 94294 | T92: 0 | U92: 0 | W92: 117414 | X92: 631202 | Y92: ='CLP Tariff'!D97 -> 888154 | Z92: 308231 | AA92: =Y92-Z92 -> 579923 | AB92: =I92+N92 -> 2165374.9 | AD92: =82334+26252+296 -> 108882 | AE92: 0 | AF92: 0 | AG92: 0
A93: 44348 | B93: ='CLP Tariff'!B98 -> 8497159 | C93: =B93-SUM(D93:Y93) -> 3315619.5 | D93: 201385 | E93: 411370 | F93: 0 | G93: 113591 | H93: 192254 | I93: 2020738.5 | J93: 230711 | K93: 64191 | L93: 113132 | M93: 0 | N93: 228931 | O93: 57454 | P93: 5693 | Q93: 93048 | T93: 0 | U93: 0 | W93: 146373 | X93: 491465 | Y93: ='CLP Tariff'!D98 -> 811203 | Z93: 275823 | AA93: =Y93-Z93 -> 535380 | AB93: =I93+N93 -> 2249669.5 | AD93: =84208+29888+315 -> 114411 | AE93: 0 | AF93: 0 | AG93: 0
A94: 44378 | B94: ='CLP Tariff'!B99 -> 8964920 | C94: =B94-SUM(D94:Y94) -> 3490827.4 | D94: 211130 | E94: 392084 | F94: 0 | G94: 113461 | H94: 192177 | I94: 2299974.6 | J94: 217688 | K94: 64138 | L94: 116904 | M94: 0 | N94: 218297 | O94: 56883 | P94: 5581 | Q94: 95666 | T94: 0 | U94: 0 | W94: 151553 | X94: 408611 | Y94: ='CLP Tariff'!D99 -> 929945 | Z94: 289890 | AA94: =Y94-Z94 -> 640055 | AB94: =I94+N94 -> 2518271.6 | AD94: =57393+23769+288 -> 81450 | AE94: 0 | AF94: 0 | AG94: 0
A95: 44409 | B95: ='CLP Tariff'!B100 -> 8816088 | C95: =B95-SUM(D95:Y95) -> 3689590.4 | D95: 220506 | E95: 352448 | F95: 0 | G95: 132185 | H95: 180103 | I95: 2132948.6 | J95: 194063 | K95: 60143 | L95: 118510 | M95: 0 | N95: 200250 | O95: 46263 | P95: 5230 | Q95: 82541 | T95: 0 | U95: 0 | W95: 149677 | X95: 397526 | Y95: ='CLP Tariff'!D100 -> 854104 | Z95: 293783 | AA95: =Y95-Z95 -> 560321 | AB95: =I95+N95 -> 2333198.6 | AD95: =57003+26851+326 -> 84180 | AE95: 0 | AF95: 0 | AG95: 0
A96: 44440 | B96: ='CLP Tariff'!B101 -> 9747181 | C96: =B96-SUM(D96:Y96) -> 3783050.7 | D96: 219215 | E96: 429406 | F96: 0 | G96: 94590 | H96: 181287 | I96: 2283872.3 | J96: 257162 | K96: 66269 | L96: 118507 | M96: 0 | N96: 225009 | O96: 54395 | P96: 6632 | Q96: 100255 | T96: 0 | U96: 0 | W96: 203939 | X96: 743567 | Y96: ='CLP Tariff'!D101 -> 980025 | Z96: 338691 | AA96: =Y96-Z96 -> 641334 | AB96: =I96+N96 -> 2508881.3 | AD96: =80791+28958+286 -> 110035 | AE96: 0 | AF96: 0 | AG96: 0
A97: 44470 | B97: ='CLP Tariff'!B102 -> 7852903 | C97: =B97-SUM(D97:Y97) -> 3164305.7 | D97: 199774 | E97: 374048 | F97: 0 | G97: 112306 | H97: 239951.18 | I97: 1567023.1 | J97: 230083 | K97: 61621 | L97: 100243 | M97: 0 | N97: 172981 | O97: 42197 | P97: 4042 | Q97: 77042 | T97: 0 | U97: 0 | W97: 145097 | X97: 674928 | Y97: ='CLP Tariff'!D102 -> 687261 | Z97: 302816 | AA97: =Y97-Z97 -> 384445 | AB97: =I97+N97 -> 1740004.1 | AD97: =106386+35895+336 -> 142617 | AE97: 0 | AF97: 0 | AG97: 0
A98: 44501 | B98: ='CLP Tariff'!B103 -> 7467307 | C98: =B98-SUM(D98:Y98) -> 3695906.9 | D98: 203833 | E98: 432887 | F98: 69324 | G98: 109183 | H98: 247373.44 | I98: 935874.61 | J98: 272363 | K98: 46745 | L98: 69976 | M98: 0 | N98: 93801 | O98: 30378 | P98: 3462 | Q98: 57774 | T98: 0 | U98: 0 | W98: 122308 | X98: 495186 | Y98: ='CLP Tariff'!D103 -> 580932 | Z98: 338679 | AA98: =Y98-Z98 -> 242253 | AB98: =I98+N98 -> 1029675.6 | AD98: =59158+23596+278 -> 83032 | AE98: 0 | AF98: 0 | AG98: 0
A99: 44531 | B99: ='CLP Tariff'!B104 -> 6220963 | C99: =B99-SUM(D99:Y99) -> 3182178.4 | D99: 188870 | E99: 372696 | F99: 51400 | G99: 104736 | H99: 229645.4 | I99: 572406.24 | J99: 233281 | K99: 41794 | L99: 67881 | M99: 0 | N99: 63246 | O99: 28037 | P99: 2677 | Q99: 46306 | T99: 0 | U99: 0 | W99: 104824 | X99: 405363 | Y99: ='CLP Tariff'!D104 -> 525622 | Z99: 304173 | AA99: =Y99-Z99 -> 221449 | AB99: =I99+N99 -> 635652.24 | AD99: =23147+338+53941 -> 77426 | AE99: 0 | AF99: 0 | AG99: 0
A100: 44562 | B100: ='CLP Tariff'!B105 -> 5719630 | C100: =B100-SUM(D100:Y100) -> 2842487.1 | D100: 185403 | E100: 344018 | F100: 42810 | G100: 92900 | H100: 217019.99 | I100: 502701.94 | J100: 215329 | K100: 38644 | L100: 60492 | M100: 0 | N100: 47723 | O100: 40907 | P100: 2661 | Q100: 23332 | T100: 0 | U100: 0 | W100: 111988 | X100: 439968 | Y100: ='CLP Tariff'!D105 -> 511246 | Z100: 258838 | AA100: =Y100-Z100 -> 252408 | AB100: =I100+N100 -> 550424.94 | AE100: 0 | AF100: 0 | AG100: 0
...

Sheet Commercial & Quarter
B1: Summary of Commercial Outlets Meters
FR2: Reading | FS2: Reading | FT2: Reading | FU2: Reading | FV2: Reading
A3: CLP Deduction meter no. | B3: Meter number | C3: Old meter number | D3: Company | E3: 2013/7 | F3: 2013/8 | G3: 2013/9 | H3: 2013/10 | I3: 2013/11 | J3: 2013/12 | K3: 2014/1 | L3: 2014/2 | M3: 2014/3 | N3: 2014/4 | O3: 2014/5 | P3: 2014/6 | Q3: 2014/07 | R3: 2014/08 | S3: 2014/09 | T3: 2014/10 | U3: 2014/11 | V3: 2014/12 | W3: 2015/01 | X3: 2015/02 | Y3: 2015/03 | Z3: 2015/04 | AA3: 2015/05 | AB3: 2015/06 | AC3: 2015/07 | AD3: 2015/08 | AE3: 2015/09 | AF3: 2015/10 | AG3: 2015/11 | AH3: 2015/12 | AI3: 2016/01 | AJ3: 2016/02 | AK3: 2016/03 | AL3: 2016/04 | AM3: 2016/05 | AN3: 2016/06 | AO3: 2016/07 | AP3: 2016/08 | AQ3: 2016/09 | AR3: 2016/10 | AS3: 2016/11 | AT3: 2016/12 | AU3: 2017/01 | AV3: 2017/02 | AW3: 2017/03 | AX3: 2017/04 | AY3: 2017/05 | AZ3: 2017/06 | BA3: 2017/07 | BB3: 2017/08 | BC3: 2017/09 | BD3: 2017/10 | BE3: 2017/11 | BF3: 2017/12 | BG3: 2018/1 | BH3: 2018/2 | BI3: 2018/3 | BJ3: 2018/4 | BK3: 2018/5 | BL3: 2018/6 | BM3: 2018/7 | BN3: 2018/8 | BO3: 2018/9 | BP3: 2018/10 | BQ3: 2018/11 | BR3: 2018/12 | BS3: 2019/1 | BT3: 2019/2 | BU3: 2019/3 | BV3: 2019/4 | BW3: 2019/5 | BX3: 2019/6 | BY3: 2019/7 | BZ3: 2019/8 | CA3: 2019/9 | CB3: 2019/10 | CC3: 2019/11 | CD3: 2019/12 | CE3: 2020/01 | CF3: 2020/02 | CG3: 2020/03 | CH3: 2020/04 | CI3: 2020/05 | CJ3: 2020/06 | CK3: 2020/07 | CL3: 2020/08 | CM3: 2020/09 | CN3: 2020/10 | CO3: 2020/11 | CP3: 2020/12 | CQ3: 2021/01 | CR3: 2021/02 | CS3: 2021/03 | CT3: 2021/04 | CU3: 2021/05 | CV3: 2021/06 | CW3: 2021/07 | CX3: 2021/08 | CY3: 2021/09 | CZ3: 2021/10 | DA3: 2021/11 | DB3: 2021/12 | DC3: 44562 | DD3: 44593 | DE3: 44621 | DF3: 44652 | DG3: 44682 | DH3: 44713 | DI3: 44743 | DJ3: 44774 | DK3: 44805 | DL3: 44835 | DM3: 44866 | DN3: 44896 | DO3: 44927 | DP3: 44958 | DQ3: 44986 | DR3: 45017 | DS3: 45047 | DT3: 45078 | DU3: 45108 | DV3: 45139 | DW3: 45170 | DX3: 45200 | DY3: 45231 | DZ3: 45261 | EA3: 45292 | EB3: 45323 | EC3: 45352 | ED3: 45383 | EE3: 45413 | EF3: 45444 | EG3: 45474 | EH3: 45505 | EI3: 45536 | EJ3: 45566 | EK3: 45597 | EL3: 45627 | EM3: 45658 | EN3: 45689 | EO3: 45717 | EP3: 45748 | EQ3: 45778 | ER3: 45809 | ES3: 45839 | ET3: 45870 | EU3: 45901 | EV3: 45931 | EW3: 45962 | EX3: 45992 | EY3: 46023 | EZ3: 46054 | FA3: 46082 | FB3: 46113 | FC3: Company | FE3: 45383 | FF3: 45352 | FG3: 45323 | FH3: 45292 | FI3: 45261 | FJ3: 45231 | FK3: 45200 | FL3: 45170 | FM3: 45139 | FN3: 45108 | FO3: 45078 | FP3: 45047 | FQ3: 45017 | FR3: 44986 | FS3: 44958 | FT3: 44927 | FU3: 44896 | FV3: 44866
B4: 1052830 | D4: Seafront Snake Shop (UG6 G/F Kitchen) | E4: 5080 | F4: 5330 | G4: 7990 | H4: 7890 | I4: 8680 | J4: 6700 | K4: 5370 | L4: 7320 | M4: 7990 | N4: 8430 | O4: 8150 | P4: 5000 | Q4: 5370 | R4: 5160 | S4: 8050 | T4: 7900 | U4: 8170 | V4: 7180 | W4: 5780 | X4: 6260 | Y4: 8600 | Z4: 7850 | AA4: 7830 | AB4: 5420 | AC4: 4770 | AD4: 5020 | AE4: 7520 | AF4: 8290 | AG4: 8770 | AH4: 6690 | AI4: 5710 | AJ4: 6670 | AK4: 7600 | AL4: 8300 | AM4: 8090 | AN4: 4970 | AO4: 4710 | AP4: 4790 | AQ4: 7220 | AR4: 7030 | AS4: 9150 | AT4: 6480 | AU4: 4580 | AV4: 7640 | AW4: 8480 | AX4: 6580 | AY4: 7670 | AZ4: 5210 | BA4: 4690 | BB4: 5460 | BC4: 7510 | BD4: 7580 | BE4: 8230 | BF4: 6290 | BG4: 5230 | BH4: 5250 | BI4: 7450 | BJ4: 7700 | BK4: 7640 | BL4: 4460 | BM4: 3700 | BN4: 0 | BO4: 0 | BP4: 0 | BQ4: 0 | BR4: 0 | BS4: 0 | BT4: 0 | BU4: 0 | BV4: 0 | BW4: 0 | BX4: 0 | BY4: 0 | BZ4: 0 | CA4: 0 | CB4: 0 | CC4: 0 | CD4: 0 | CE4: 0 | CF4: 0 | CG4: 0 | CH4: 0 | CI4: 0 | CJ4: 0 | CK4: 0 | CL4: 0 | CM4: 0 | CN4: 0 | CO4: 0 | CP4: 0 | CQ4: 0 | CR4: 0 | CS4: 0 | CT4: 0 | CU4: 0 | CV4: 0 | CW4: 0 | CX4: 0 | CY4: 0 | CZ4: 0 | DA4: 0 | DB4: 0 | DC4: 0 | DD4: 0 | DE4: 0 | DF4: - | DG4: - | DH4: - | DI4: - | DJ4: - | DK4: - | DL4: - | DM4: - | DN4: - | DO4: - | DP4: - | DQ4: - | DR4: - | DS4: - | DT4: - | DU4: - | DV4: - | DW4: - | DX4: - | DY4: - | DZ4: - | EA4: - | EB4: - | EC4: - | ED4: - | EE4: - | EF4: - | EG4: - | FC4: Seafront Snake Shop (UG6 G/F Kitchen) | FE4: - | FF4: - | FG4: - | FH4: - | FI4: - | FJ4: - | FK4: - | FL4: - | FM4: - | FN4: - | FO4: - | FP4: - | FQ4: - | FR4: - | FS4: - | FT4: - | FU4: - | FV4: -
B5: 3151919 | D5: CARRIES TECHNOLOGY LIMITED | E5: 2270 | F5: 2112 | G5: 2115 | H5: 2018 | I5: 1905 | J5: 1817 | K5: 1810 | L5: 1643 | M5: 1646 | N5: 1990 | O5: 1727 | P5: 1593 | Q5: 1682 | R5: 1770 | S5: 2048 | T5: 1798 | U5: 1587 | V5: 1672 | W5: 1679 | X5: 1524 | Y5: 1728 | Z5: 1774 | AA5: 1695 | AB5: 1890 | AC5: 1760 | AD5: 1700 | AE5: 1914 | AF5: 1730 | AG5: 1649 | AH5: 1534 | AI5: 1598 | AJ5: 1648 | AK5: 1569 | AL5: 1580 | AM5: 1671 | AN5: 1737 | AO5: 1633 | AP5: 1778 | AQ5: 1760 | AR5: 1638 | AS5: 1881 | AT5: 1695 | AU5: 1284 | AV5: 1449 | AW5: 1451 | AX5: 1570 | AY5: 1783 | AZ5: 1809 | BA5: 1323 | BB5: 1235 | BC5: 1325 | BD5: 733 | BE5: 0 | BF5: 9 | BG5: 0 | BH5: 0 | BI5: 0 | BJ5: 0 | BK5: 0 | BL5: 0 | BM5: 0 | BN5: 0 | BO5: 0 | BP5: 0 | BQ5: 0 | BR5: 0 | BS5: 0 | BT5: 0 | BU5: 0 | BV5: 0 | BW5: 0 | BX5: 0 | BY5: 0 | BZ5: 0 | CA5: 0 | CB5: 0 | CC5: 0 | CD5: 0 | CE5: 0 | CF5: 0 | CG5: 0 | CH5: 0 | CI5: 0 | CJ5: 0 | CK5: 0 | CL5: 0 | CM5: 0 | CN5: 0 | CO5: 0 | CP5: 0 | CQ5: 0 | CR5: 0 | CS5: 0 | CT5: 0 | CU5: 0 | CV5: 0 | CW5: 0 | CX5: 0 | CY5: 0 | CZ5: 0 | DA5: 0 | DB5: 0 | DC5: 0 | DD5: 0 | DE5: 0 | DF5: - | DG5: - | DH5: - | DI5: - | DJ5: - | DK5: - | DL5: - | DM5: - | DN5: - | DO5: - | DP5: - | DQ5: - | DR5: - | DS5: - | DT5: - | DU5: - | DV5: - | DW5: - | DX5: - | DY5: - | DZ5: - | EA5: - | EB5: - | EC5: - | ED5: - | EE5: - | EF5: - | EG5: - | FC5: CARRIES TECHNOLOGY LIMITED | FE5: - | FF5: - | FG5: - | FH5: - | FI5: - | FJ5: - | FK5: - | FL5: - | FM5: - | FN5: - | FO5: - | FP5: - | FQ5: - | FR5: - | FS5: - | FT5: - | FU5: - | FV5: -
B6: 3575460 | D6: LG7 Hair Salon (R001) | E6: 1706 | F6: 1706 | G6: 1713 | H6: 1803 | I6: 1913 | J6: 1865 | K6: 1965 | L6: 1560 | M6: 1847 | N6: 2024 | O6: 1935 | P6: 1791 | Q6: 1768 | R6: 1675 | S6: 1847 | T6: 1753 | U6: 1838 | V6: 1996 | W6: 1839 | X6: 1798 | Y6: 2096 | Z6: 1972 | AA6: 1878 | AB6: 1904 | AC6: 1622 | AD6: 1620 | AE6: 1977 | AF6: 1847 | AG6: 2059 | AH6: 1724 | AI6: 1737 | AJ6: 1786 | AK6: 1927 | AL6: 2011 | AM6: 2049 | AN6: 1882 | AO6: 1589 | AP6: 1767 | AQ6: 1781 | AR6: 1568 | AS6: 1977 | AT6: 1707 | AU6: 1581 | AV6: 1774 | AW6: 2085 | AX6: 1425 | AY6: 50 | AZ6: 0 | BA6: 0 | BB6: 0 | BC6: 0 | BD6: 0 | BE6: 0 | BF6: 0 | BG6: 0 | BH6: 0 | BI6: 0 | BJ6: 0 | BK6: 0 | BL6: 0 | BM6: 0 | BN6: 0 | BO6: 0 | BP6: 0 | BQ6: 0 | BR6: 0 | BS6: 0 | BT6: 0 | BU6: 0 | BV6: 0 | BW6: 0 | BX6: 0 | BY6: 0 | BZ6: 0 | CA6: 0 | CB6: 0 | CC6: 0 | CD6: 0 | CE6: 0 | CF6: 0 | CG6: 0 | CH6: 0 | CI6: 0 | CJ6: 0 | CK6: 0 | CL6: 0 | CM6: 0 | CN6: 0 | CO6: 0 | CP6: 0 | CQ6: 0 | CR6: 0 | CS6: 0 | CT6: 0 | CU6: 0 | CV6: 0 | CW6: 0 | CX6: 0 | CY6: 0 | CZ6: 0 | DA6: 0 | DB6: 0 | DC6: 0 | DD6: 0 | DE6: 0 | DF6: - | DG6: - | DH6: - | DI6: - | DJ6: - | DK6: - | DL6: - | DM6: - | DN6: - | DO6: - | DP6: - | DQ6: - | DR6: - | DS6: - | DT6: - | DU6: - | DV6: - | DW6: - | DX6: - | DY6: - | DZ6: - | EA6: - | EB6: - | EC6: - | ED6: - | EE6: - | EF6: - | EG6: - | FC6: LG7 Hair Salon (R001) | FE6: - | FF6: - | FG6: - | FH6: - | FI6: - | FJ6: - | FK6: - | FL6: - | FM6: - | FN6: - | FO6: - | FP6: - | FQ6: - | FR6: - | FS6: - | FT6: - | FU6: - | FV6: -
B7: 3598064 | D7: CLP POWER HONG KONG LIMITED | E7: 0 | F7: 0 | G7: 0 | H7: 0 | I7: 0 | J7: 0 | K7: 0 | L7: 0 | M7: 0 | N7: 0 | O7: 0 | P7: 0 | Q7: 0 | R7: 0 | S7: 0 | T7: 0 | U7: 0 | V7: 0 | W7: 0 | X7: 0 | Y7: 0 | Z7: 0 | AA7: 0 | AB7: 0 | AC7: 0 | AD7: 0 | AE7: 0 | AF7: 0 | AG7: 0 | AH7: 0 | AI7: 0 | AJ7: 0 | AK7: 0 | AL7: 0 | AM7: 0 | AN7: 0 | AO7: 0 | AP7: 0 | AQ7: 0 | AR7: 0 | AS7: 0 | AT7: 0 | AU7: 0 | AV7: 0 | AW7: 0 | AX7: 0 | AY7: 0 | AZ7: 0 | BA7: 0 | BB7: 0 | BC7: 0 | BD7: 0 | BE7: 0 | BF7: 0 | BG7: 0 | BH7: 0 | BI7: 0 | BJ7: 0 | BK7: 0 | BL7: 0 | BM7: 0 | BN7: 0 | BO7: 0 | BP7: 0 | BQ7: 0 | BR7: 0 | BS7: 0 | BT7: 0 | BU7: 0 | BV7: 0 | BW7: 0 | BX7: 0 | BY7: 0 | BZ7: 0 | CA7: 0 | CB7: 0 | CC7: 0 | CD7: 0 | CE7: 0 | CF7: 0 | CG7: 0 | CH7: 0 | CI7: 0 | CJ7: 0 | CK7: 0 | CL7: 0 | CM7: 0 | CN7: 0 | CO7: 0 | CP7: 0 | CQ7: 0 | CR7: 0 | CS7: 0 | CT7: 0 | CU7: 0 | CV7: 0 | CW7: 0 | CX7: 0 | CY7: 0 | CZ7: 0 | DA7: 0 | DB7: 0 | DC7: 0 | DD7: 0 | DE7: 0 | DF7: - | DG7: - | DH7: - | DI7: - | DJ7: - | DK7: - | DL7: - | DM7: - | DN7: - | DO7: - | DP7: - | DQ7: - | DR7: - | DS7: - | DT7: - | DU7: - | DV7: - | DW7: - | DX7: - | DY7: - | DZ7: - | EA7: - | EB7: - | EC7: - | ED7: - | EE7: - | EF7: - | EG7: - | FC7: CLP POWER HONG KONG LIMITED | FE7: - | FF7: - | FG7: - | FH7: - | FI7: - | FJ7: - | FK7: - | FL7: - | FM7: - | FN7: - | FO7: - | FP7: - | FQ7: - | FR7: - | FS7: - | FT7: - | FU7: - | FV7: -
B8: 5643252 | D8: HONG KONG CABLE TELEVISION LIMITED | E8: 158 | F8: 152 | G8: 153 | H8: 148 | I8: 147 | J8: 151 | K8: 159 | L8: 142 | M8: 136 | N8: 162 | O8: 147 | P8: 152 | Q8: 152 | R8: 143 | S8: 157 | T8: 145 | U8: 141 | V8: 154 | W8: 150 | X8: 135 | Y8: 149 | Z8: 147 | AA8: 139 | AB8: 153 | AC8: 144 | AD8: 139 | AE8: 157 | AF8: 144 | AG8: 148 | AH8: 143 | AI8: 142 | AJ8: 148 | AK8: 143 | AL8: 144 | AM8: 149 | AN8: 149 | AO8: 140 | AP8: 155 | AQ8: 4 | AR8: 0 | AS8: 0 | AT8: 0 | AU8: 0 | AV8: 0 | AW8: 0 | AX8: 0 | AY8: 0 | AZ8: 0 | BA8: 0 | BB8: 0 | BC8: 0 | BD8: 0 | BE8: 0 | BF8: 0 | BG8: 0 | BH8: 0 | BI8: 0 | BJ8: 0 | BK8: 0 | BL8: 0 | BM8: 0 | BN8: 0 | BO8: 0 | BP8: 0 | BQ8: 0 | BR8: 0 | BS8: 0 | BT8: 0 | BU8: 0 | BV8: 0 | BW8: 0 | BX8: 0 | BY8: 0 | BZ8: 0 | CA8: 0 | CB8: 0 | CC8: 0 | CD8: 0 | CE8: 0 | CF8: 0 | CG8: 0 | CH8: 0 | CI8: 0 | CJ8: 0 | CK8: 0 | CL8: 0 | CM8: 0 | CN8: 0 | CO8: 0 | CP8: 0 | CQ8: 0 | CR8: 0 | CS8: 0 | CT8: 0 | CU8: 0 | CV8: 0 | CW8: 0 | CX8: 0 | CY8: 0 | CZ8: 0 | DA8: 0 | DB8: 0 | DC8: 0 | DD8: 0 | DE8: 0 | DF8: - | DG8: - | DH8: - | DI8: - | DJ8: - | DK8: - | DL8: - | DM8: - | DN8: - | DO8: - | DP8: - | DQ8: - | DR8: - | DS8: - | DT8: - | DU8: - | DV8: - | DW8: - | DX8: - | DY8: - | DZ8: - | EA8: - | EB8: - | EC8: - | ED8: - | EE8: - | EF8: - | EG8: - | FC8: HONG KONG CABLE TELEVISION LIMITED | FE8: - | FF8: - | FG8: - | FH8: - | FI8: - | FJ8: - | FK8: - | FL8: - | FM8: - | FN8: - | FO8: - | FP8: - | FQ8: - | FR8: - | FS8: - | FT8: - | FU8: - | FV8: -
B9: 9093561 | D9: LG7 Gold Rice Bowl | E9: 25670 | F9: 26775 | G9: 29064 | H9: 28645 | I9: 28773 | J9: 26735 | K9: 22754 | L9: 22440 | M9: 25876 | N9: 29005 | O9: 27403 | P9: 22733 | Q9: 25401 | R9: 25640 | S9: 29369 | T9: 27584 | U9: 25681 | V9: 25745 | W9: 21333 | X9: 20380 | Y9: 27859 | Z9: 27441 | AA9: 26387 | AB9: 26469 | AC9: 23790 | AD9: 25727 | AE9: 30899 | AF9: 28204 | AG9: 29000 | AH9: 25759 | AI9: 20248 | AJ9: 22066 | AK9: 25219 | AL9: 27139 | AM9: 27758 | AN9: 24324 | AO9: 22687 | AP9: 27034 | AQ9: 30308 | AR9: 26713 | AS9: 31878 | AT9: 25565 | AU9: 17713 | AV9: 25615 | AW9: 29080 | AX9: 26006 | AY9: 32381 | AZ9: 28089 | BA9: 30318 | BB9: 33524 | BC9: 34142 | BD9: 32722 | BE9: 33310 | BF9: 27600 | BG9: 24827 | BH9: 22685 | BI9: 29264 | BJ9: 31121 | BK9: 30337 | BL9: 26229 | BM9: 27092 | BN9: 28718 | BO9: 28046 | BP9: 31729 | BQ9: 30820 | BR9: 24169 | BS9: 25817 | BT9: 20322 | BU9: 23839 | BV9: 24265 | BW9: 22207 | BX9: 2054 | BY9: 0 | BZ9: 0 | CA9: 0 | CB9: 0 | CC9: 0 | CD9: 0 | CE9: 0 | CF9: 0 | CG9: 0 | CH9: 0 | CI9: 0 | CJ9: 0 | CK9: 0 | CL9: 0 | CM9: 0 | CN9: 0 | CO9: 0 | CP9: 0 | CQ9: 0 | CR9: 0 | CS9: 0 | CT9: 0 | CU9: 0 | CV9: 0 | CW9: 0 | CX9: 0 | CY9: 0 | CZ9: 0 | DA9: 0 | DB9: 0 | DC9: 0 | DD9: 0 | DE9: 0 | DF9: - | DG9: - | DH9: - | DI9: - | DJ9: - | DK9: - | DL9: - | DM9: - | DN9: - | DO9: - | DP9: - | DQ9: - | DR9: - | DS9: - | DT9: - | DU9: - | DV9: - | DW9: - | DX9: - | DY9: - | DZ9: - | EA9: - | EB9: - | EC9: - | ED9: - | EE9: - | EF9: - | EG9: - | FC9: LG7 Gold Rice Bowl | FE9: - | FF9: - | FG9: - | FH9: - | FI9: - | FJ9: - | FK9: - | FL9: - | FM9: - | FN9: - | FO9: - | FP9: - | FQ9: - | FR9: - | FS9: - | FT9: - | FU9: - | FV9: -
B10: 9097369 | D10: LG7 Gold Rice Bowl | E10: 3881 | F10: 3762 | G10: 4655 | H10: 4585 | I10: 4379 | J10: 3453 | K10: 2932 | L10: 3270 | M10: 3909 | N10: 4460 | O10: 4419 | P10: 3074 | Q10: 3577 | R10: 3968 | S10: 5201 | T10: 4911 | U10: 4972 | V10: 4784 | W10: 3739 | X10: 3794 | Y10: 5330 | Z10: 5145 | AA10: 5033 | AB10: 4515 | AC10: 4177 | AD10: 4596 | AE10: 5800 | AF10: 5422 | AG10: 5234 | AH10: 4178 | AI10: 3531 | AJ10: 3893 | AK10: 4432 | AL10: 4606 | AM10: 4654 | AN10: 4027 | AO10: 3746 | AP10: 4470 | AQ10: 5277 | AR10: 4599 | AS10: 5602 | AT10: 4586 | AU10: 3212 | AV10: 4229 | AW10: 4700 | AX10: 4410 | AY10: 4994 | AZ10: 4306 | BA10: 4919 | BB10: 5415 | BC10: 6720 | BD10: 6492 | BE10: 6708 | BF10: 5142 | BG10: 4515 | BH10: 4118 | BI10: 5493 | BJ10: 5916 | BK10: 5882 | BL10: 4656 | BM10: 4831 | BN10: 5353 | BO10: 5489 | BP10: 6348 | BQ10: 6353 | BR10: 4919 | BS10: 4419 | BT10: 4029 | BU10: 5245 | BV10: 5599 | BW10: 5450 | BX10: 124 | BY10: 0 | BZ10: 0 | CA10: 0 | CB10: 0 | CC10: 0 | CD10: 0 | CE10: 0 | CF10: 0 | CG10: 0 | CH10: 0 | CI10: 0 | CJ10: 0 | CK10: 0 | CL10: 0 | CM10: 0 | CN10: 0 | CO10: 0 | CP10: 0 | CQ10: 0 | CR10: 0 | CS10: 0 | CT10: 0 | CU10: 0 | CV10: 0 | CW10: 0 | CX10: 0 | CY10: 0 | CZ10: 0 | DA10: 0 | DB10: 0 | DC10: 0 | DD10: 0 | DE10: 0 | DF10: - | DG10: - | DH10: - | DI10: - | DJ10: - | DK10: - | DL10: - | DM10: - | DN10: - | DO10: - | DP10: - | DQ10: - | DR10: - | DS10: - | DT10: - | DU10: - | DV10: - | DW10: - | DX10: - | DY10: - | DZ10: - | EA10: - | EB10: - | EC10: - | ED10: - | EE10: - | EF10: - | EG10: - | FC10: LG7 Gold Rice Bowl | FE10: - | FF10: - | FG10: - | FH10: - | FI10: - | FJ10: - | FK10: - | FL10: - | FM10: - | FN10: - | FO10: - | FP10: - | FQ10: - | FR10: - | FS10: - | FT10: - | FU10: - | FV10: -
B11: 9094041 | D11: LG7 Malino | E11: 13583 | F11: 13745 | G11: 14542 | H11: 14065 | I11: 13858 | J11: 12940 | K11: 12056 | L11: 12020 | M11: 14257 | N11: 13444 | O11: 14180 | P11: 13089 | Q11: 12781 | R11: 12232 | S11: 13563 | T11: 12620 | U11: 12621 | V11: 12165 | W11: 12048 | X11: 11473 | Y11: 14357 | Z11: 12485 | AA11: 12128 | AB11: 12336 | AC11: 11491 | AD11: 11302 | AE11: 13756 | AF11: 13654 | AG11: 16256 | AH11: 13405 | AI11: 10489 | AJ11: 12421 | AK11: 13456 | AL11: 14924 | AM11: 14169 | AN11: 13839 | AO11: 13377 | AP11: 13636 | AQ11: 15451 | AR11: 13140 | AS11: 16478 | AT11: 12577 | AU11: 11780 | AV11: 14075 | AW11: 15334 | AX11: 12382 | AY11: 14886 | AZ11: 14026 | BA11: 12275 | BB11: 14989 | BC11: 15219 | BD11: 14170 | BE11: 15841 | BF11: 12774 | BG11: 13908 | BH11: 11487 | BI11: 13615 | BJ11: 13370 | BK11: 13650 | BL11: 10244 | BM11: 10888 | BN11: 11997 | BO11: 12507 | BP11: 14968 | BQ11: 15247 | BR11: 11326 | BS11: 13449 | BT11: 11917 | BU11: 13404 | BV11: 12623 | BW11: 5248 | BX11: 241 | BY11: 0 | BZ11: 0 | CA11: 0 | CB11: 0 | CC11: 0 | CD11: 0 | CE11: 0 | CF11: 0 | CG11: 0 | CH11: 0 | CI11: 0 | CJ11: 0 | CK11: 0 | CL11: 0 | CM11: 0 | CN11: 0 | CO11: 0 | CP11: 0 | CQ11: 0 | CR11: 0 | CS11: 0 | CT11: 0 | CU11: 0 | CV11: 0 | CW11: 0 | CX11: 0 | CY11: 0 | CZ11: 0 | DA11: 0 | DB11: 0 | DC11: 0 | DD11: 0 | DE11: 0 | DF11: - | DG11: - | DH11: - | DI11: - | DJ11: - | DK11: - | DL11: - | DM11: - | DN11: - | DO11: - | DP11: - | DQ11: - | DR11: - | DS11: - | DT11: - | DU11: - | DV11: - | DW11: - | DX11: - | DY11: - | DZ11: - | EA11: - | EB11: - | EC11: - | ED11: - | EE11: - | EF11: - | EG11: - | FC11: LG7 Malino | FE11: - | FF11: - | FG11: - | FH11: - | FI11: - | FJ11: - | FK11: - | FL11: - | FM11: - | FN11: - | FO11: - | FP11: - | FQ11: - | FR11: - | FS11: - | FT11: - | FU11: - | FV11: -
B12: 9094509 | D12: LG7 Asia Pacific | E12: 38273 | F12: 35530 | G12: 38396 | H12: 38094 | I12: 39017 | J12: 35469 | K12: 33170 | L12: 29053 | M12: 34127 | N12: 37650 | O12: 36319 | P12: 34063 | Q12: 34234 | R12: 32634 | S12: 37810 | T12: 35621 | U12: 31388 | V12: 33642 | W12: 31027 | X12: 26193 | Y12: 34229 | Z12: 34667 | AA12: 33702 | AB12: 34705 | AC12: 30974 | AD12: 30174 | AE12: 36551 | AF12: 33113 | AG12: 34270 | AH12: 31967 | AI12: 29821 | AJ12: 28958 | AK12: 34071 | AL12: 35786 | AM12: 36564 | AN12: 34061 | AO12: 32426 | AP12: 34088 | AQ12: 34752 | AR12: 30962 | AS12: 36290 | AT12: 31493 | AU12: 26421 | AV12: 29897 | AW12: 32560 | AX12: 28559 | AY12: 31721 | AZ12: 31603 | BA12: 29134 | BB12: 34268 | BC12: 34365 | BD12: 34148 | BE12: 34158 | BF12: 30665 | BG12: 32483 | BH12: 27458 | BI12: 31655 | BJ12: 33780 | BK12: 32679 | BL12: 27976 | BM12: 29578 | BN12: 30451 | BO12: 28675 | BP12: 33594 | BQ12: 31977 | BR12: 27715 | BS12: 29749 | BT12: 25712 | BU12: 29818 | BV12: 32474 | BW12: 30135 | BX12: 2665 | BY12: 0 | BZ12: 0 | CA12: 0 | CB12: 0 | CC12: 0 | CD12: 0 | CE12: 0 | CF12: 0 | CG12: 0 | CH12: 0 | CI12: 0 | CJ12: 0 | CK12: 0 | CL12: 0 | CM12: 0 | CN12: 0 | CO12: 0 | CP12: 0 | CQ12: 0 | CR12: 0 | CS12: 0 | CT12: 0 | CU12: 0 | CV12: 0 | CW12: 0 | CX12: 0 | CY12: 0 | CZ12: 0 | DA12: 0 | DB12: 0 | DC12: 0 | DD12: 0 | DE12: 0 | DF12: - | DG12: - | DH12: - | DI12: - | DJ12: - | DK12: - | DL12: - | DM12: - | DN12: - | DO12: - | DP12: - | DQ12: - | DR12: - | DS12: - | DT12: - | DU12: - | DV12: - | DW12: - | DX12: - | DY12: - | DZ12: - | EA12: - | EB12: - | EC12: - | ED12: - | EE12: - | EF12: - | EG12: - | FC12: LG7 Asia Pacific | FE12: - | FF12: - | FG12: - | FH12: - | FI12: - | FJ12: - | FK12: - | FL12: - | FM12: - | FN12: - | FO12: - | FP12: - | FQ12: - | FR12: - | FS12: - | FT12: - | FU12: - | FV12: -
B13: 9097356 | D13: LG7 Asia Pacific | E13: 3987 | F13: 3764 | G13: 4060 | H13: 3990 | I13: 4015 | J13: 3891 | K13: 3772 | L13: 3162 | M13: 3627 | N13: 4172 | O13: 3854 | P13: 3643 | Q13: 3716 | R13: 3487 | S13: 4044 | T13: 3825 | U13: 3795 | V13: 3967 | W13: 3798 | X13: 3030 | Y13: 4008 | Z13: 3983 | AA13: 3734 | AB13: 3828 | AC13: 3506 | AD13: 3618 | AE13: 4133 | AF13: 3698 | AG13: 3857 | AH13: 3633 | AI13: 3426 | AJ13: 3357 | AK13: 3684 | AL13: 3716 | AM13: 3869 | AN13: 3623 | AO13: 3356 | AP13: 3659 | AQ13: 3931 | AR13: 3477 | AS13: 4102 | AT13: 3562 | AU13: 3083 | AV13: 3525 | AW13: 3810 | AX13: 3198 | AY13: 3359 | AZ13: 2753 | BA13: 2552 | BB13: 3077 | BC13: 3415 | BD13: 3512 | BE13: 3540 | BF13: 3125 | BG13: 3090 | BH13: 2680 | BI13: 3208 | BJ13: 3390 | BK13: 3123 | BL13: 2782 | BM13: 2959 | BN13: 3060 | BO13: 2832 | BP13: 3221 | BQ13: 3208 | BR13: 2746 | BS13: 2876 | BT13: 2573 | BU13: 2984 | BV13: 3117 | BW13: 1947 | BX13: 161 | BY13: 0 | BZ13: 0 | CA13: 0 | CB13: 0 | CC13: 0 | CD13: 0 | CE13: 0 | CF13: 0 | CG13: 0 | CH13: 0 | CI13: 0 | CJ13: 0 | CK13: 0 | CL13: 0 | CM13: 0 | CN13: 0 | CO13: 0 | CP13: 0 | CQ13: 0 | CR13: 0 | CS13: 0 | CT13: 0 | CU13: 0 | CV13: 0 | CW13: 0 | CX13: 0 | CY13: 0 | CZ13: 0 | DA13: 0 | DB13: 0 | DC13: 0 | DD13: 0 | DE13: 0 | DF13: - | DG13: - | DH13: - | DI13: - | DJ13: - | DK13: - | DL13: - | DM13: - | DN13: - | DO13: - | DP13: - | DQ13: - | DR13: - | DS13: - | DT13: - | DU13: - | DV13: - | DW13: - | DX13: - | DY13: - | DZ13: - | EA13: - | EB13: - | EC13: - | ED13: - | EE13: - | EF13: - | EG13: - | FC13: LG7 Asia Pacific | FE13: - | FF13: - | FG13: - | FH13: - | FI13: - | FJ13: - | FK13: - | FL13: - | FM13: - | FN13: - | FO13: - | FP13: - | FQ13: - | FR13: - | FS13: - | FT13: - | FU13: - | FV13: -
B14: 7629952 | C14: 3006113 | D14: SNACK KITCHEN G/F,M-RISE P/GRADUATE HOST, HK U OF SCI & TECHNY | E14: 2879 | F14: 2805 | G14: 2783 | H14: 2171 | I14: 1338 | J14: 930 | K14: 1015 | L14: 971 | M14: 871 | N14: 1345 | O14: 2001 | P14: 3063 | Q14: 3262 | R14: 2956 | S14: 3055 | T14: 2045 | U14: 1288 | V14: 1055 | W14: 1060 | X14: 924 | Y14: 1099 | Z14: 1497 | AA14: 2676 | AB14: 3498 | AC14: 3141 | AD14: 3102 | AE14: 3386 | AF14: 2224 | AG14: 1552 | AH14: 1104 | AI14: 1025 | AJ14: 1019 | AK14: 1055 | AL14: 1469 | AM14: 2258 | AN14: 3073 | AO14: 3046 | AP14: 3299 | AQ14: 2934 | AR14: 2387 | AS14: 1680 | AT14: 1283 | AU14: 1087 | AV14: 1263 | AW14: 1257 | AX14: 1556 | AY14: 2252 | AZ14: 2913 | BA14: 2677 | BB14: 3236 | BC14: 2860 | BD14: 2366 | BE14: 1171 | BF14: 968 | BG14: 1036 | BH14: 893 | BI14: 792 | BJ14: 1094 | BK14: 2133 | BL14: 2340 | BM14: 2567 | BN14: 2501 | BO14: 2123 | BP14: 1239 | BQ14: 740 | BR14: 596 | BS14: 638 | BT14: 623 | BU14: 643 | BV14: 1205 | BW14: 1565 | BX14: 2005 | BY14: 2227 | BZ14: 2162 | CA14: 1945 | CB14: 1596 | CC14: 668 | CD14: 569 | CE14: 564 | CF14: 519 | CG14: 620 | CH14: 666 | CI14: 1217 | CJ14: 1711 | CK14: 1779 | CL14: 1551 | CM14: 1731 | CN14: 1087 | CO14: 711 | CP14: 593 | CQ14: 549 | CR14: 562 | CS14: 423 | CT14: 634 | CU14: 1271 | CV14: 1265 | CW14: 1496 | CX14: 1477 | CY14: =1085+377 -> 1462 | CZ14: 838 | DA14: 274 | DB14: 208 | DC14: 207 | DD14: 409 | DE14: 219 | DF14: 437 | DG14: 946 | DH14: 1358 | DI14: 1355 | DJ14: 1540 | DK14: 1387 | DL14: 860 | DM14: 616 | DN14: =FU14-FV14 -> 181 | DO14: =FT14-FU14 -> 207 | DP14: =FS14-FT14 -> 157 | DQ14: =FR14-FS14 -> 233 | DR14: =FQ14-FR14 -> 434 | DS14: =FP14-FQ14 -> 820 | DT14: =FO14-FP14 -> 1262 | DU14: =FN14-FO14 -> 1229 | DV14: =FM14-FN14 -> 1483 | DW14: =FL14-FM14 -> 1370 | DX14: =FK14-FL14 -> 1116 | DY14: =FJ14-FK14 -> 508 | DZ14: =FI14-FJ14 -> 197 | EA14: =FH14-FI14 -> 272 | EB14: =FG14-FH14 -> 227 | EC14: =FF14-FG14 -> 458 | ED14: =FE14-FF14 -> 1106 | EX14: 261 | EY14: 244 | EZ14: 233 | FA14: 455 | FB14: 737 | FC14: SNACK KITCHEN G/F,M-RISE P/GRADUATE HOST, HK U OF SCI & TECHNY | FE14: 23011 | FF14: 21905 | FG14: 21447 | FH14: 21220 | FI14: 20948 | FJ14: 20751 | FK14: 20243 | FL14: 19127 | FM14: 17757 | FN14: 16274 | FO14: 15045 | FP14: 13783 | FQ14: 12963 | FR14: 12529 | FS14: 12296 | FT14: 12139 | FU14: 11932 | FV14: 11751
B15: 7631007 | C15: 3054632 | D15: Commercial Press | E15: 4028 | F15: 4110 | G15: 4400 | H15: 3898 | I15: 4044 | J15: 3645 | K15: 3935 | L15: 3690 | M15: 3617 | N15: 303 | O15: 0 | P15: 0 | Q15: 0 | R15: 0 | S15: 0 | T15: 50 | U15: 297 | V15: 1066 | W15: 2058 | X15: 1744 | Y15: 2226 | Z15: 1886 | AA15: 1831 | AB15: 2037 | AC15: 1955 | AD15: 1993 | AE15: 2265 | AF15: 1925 | AG15: 2076 | AH15: 1904 | AI15: 1897 | AJ15: 1832 | AK15: 1813 | AL15: 1974 | AM15: 1894 | AN15: 2057 | AO15: 1937 | AP15: 2137 | AQ15: 2334 | AR15: 1802 | AS15: 2172 | AT15: 1866 | AU15: 1688 | AV15: 1988 | AW15: 1992 | AX15: 1582 | AY15: 1888 | AZ15: 2016 | BA15: 1718 | BB15: 2100 | BC15: 2061 | BD15: 1777 | BE15: 1941 | BF15: 1649 | BG15: 1934 | BH15: 1753 | BI15: 1901 | BJ15: 1681 | BK15: 1789 | BL15: 1771 | BM15: 1839 | BN15: 1966 | BO15: 1837 | BP15: 1863 | BQ15: 1880 | BR15: 1679 | BS15: 1976 | BT15: 1684 | BU15: 1791 | BV15: 1700 | BW15: 1814 | BX15: 1795 | BY15: 1968 | BZ15: 1919 | CA15: 1883 | CB15: 1681 | CC15: 1370 | CD15: 1739 | CE15: 1488 | CF15: 1572 | CG15: 1809 | CH15: 1592 | CI15: 1653 | CJ15: 1712 | CK15: 1658 | CL15: 1597 | CM15: 1938 | CN15: 1465 | CO15: 1777 | CP15: 1674 | CQ15: 1628 | CR15: 1432 | CS15: 1807 | CT15: 1562 | CU15: 1648 | CV15: 1522 | CW15: 1639 | CX15: 1650 | CY15: =843+1058 -> 1901 | CZ15: 1414 | DA15: 1739 | DB15: 1618 | DC15: 1620 | DD15: 1492 | DE15: 1442 | DF15: 1315 | DG15: 1424 | DH15: 1526 | DI15: 1413 | DJ15: 1575 | DK15: 1750 | DL15: 1504 | DM15: 1325 | DN15: =FU15-FV15 -> 2909 | DO15: =FT15-FU15 -> 1288 | DP15: =FS15-FT15 -> 1315 | DQ15: =FR15-FS15 -> 2058 | DR15: =FQ15-FR15 -> 1948 | DS15: =FP15-FQ15 -> 2964 | DT15: =FO15-FP15 -> 256 | DU15: Removed | DV15: Removed | DW15: Removed | DX15: Removed | DY15: Removed | DZ15: Removed | EA15: Removed | EB15: Removed | EC15: Removed | ED15: Removed | EE15: Removed | EF15: Removed | EG15: Removed | EH15: Removed | EI15: Removed | EJ15: Removed | EK15: Removed | EL15: Removed | EM15: Removed | EN15: Removed | EO15: Removed | EP15: Removed | EQ15: Removed | ER15: Removed | ES15: Removed | ET15: Removed | EU15: Removed | EV15: Removed | EW15: Removed | EX15: Removed | EY15: Removed | EZ15: Removed | FA15: Removed | FB15: Removed | FC15: Commercial Press | FE15: Removed | FF15: Removed | FG15: Removed | FH15: Removed | FI15: Removed | FJ15: Removed | FK15: Removed | FL15: Removed | FM15: Removed | FN15: Removed | FO15: 34965 | FP15: 34709 | FQ15: 31745 | FR15: 29797 | FS15: 27739 | FT15: 26424 | FU15: 25136 | FV15: 22227
B16: 7631011 | C16: 3058702 | D16: Bank Of China | E16: 3268 | F16: 3217 | G16: 3031 | H16: 2884 | I16: 2963 | J16: 2750 | K16: 3017 | L16: 2845 | M16: 2904 | N16: 3164 | O16: 2868 | P16: 2929 | Q16: 3060 | R16: 2947 | S16: 3060 | T16: 2807 | U16: 2839 | V16: 2880 | W16: 3002 | X16: 2606 | Y16: 2920 | Z16: 2820 | AA16: 2704 | AB16: 2994 | AC16: 2875 | AD16: 2913 | AE16: 3069 | AF16: 2791 | AG16: 2832 | AH16: 2880 | AI16: 2920 | AJ16: 2828 | AK16: 2804 | AL16: 2846 | AM16: 2887 | AN16: 2958 | AO16: 2738 | AP16: 2993 | AQ16: 3133 | AR16: 2580 | AS16: 3115 | AT16: 2736 | AU16: 2613 | AV16: 3136 | AW16: 3112 | AX16: 2519 | AY16: 2784 | AZ16: 3169 | BA16: 2782 | BB16: 3172 | BC16: 3072 | BD16: 2810 | BE16: 3081 | BF16: 2823 | BG16: 3220 | BH16: 3076 | BI16: 3250 | BJ16: 3225 | BK16: 3280 | BL16: 3107 | BM16: 3198 | BN16: 3398 | BO16: 3068 | BP16: 3156 | BQ16: 3241 | BR16: 2723 | BS16: 3238 | BT16: 2765 | BU16: 2971 | BV16: 3026 | BW16: 2906 | BX16: 2778 | BY16: 2964 | BZ16: 3076 | CA16: 2935 | CB16: 2541 | CC16: 1874 | CD16: 2287 | CE16: 2289 | CF16: 1050 | CG16: 974 | CH16: 1097 | CI16: 2367 | CJ16: 2897 | CK16: 2678 | CL16: 1710 | CM16: 2946 | CN16: 2419 | CO16: 2662 | CP16: 2659 | CQ16: 2653 | CR16: 2383 | CS16: 2807 | CT16: 2477 | CU16: 2885 | CV16: 2586 | CW16: 2883 | CX16: 2783 | CY16: =1711+1190 -> 2901 | CZ16: 2590 | DA16: 2840 | DB16: 2708 | DC16: 2607 | DD16: 2380 | DE16: 1481 | DF16: 1980 | DG16: 2600 | DH16: 2715 | DI16: 2495 | DJ16: 2674 | DK16: 2620 | DL16: 2498 | DM16: 2654 | DN16: =FU16-FV16 -> 2522 | DO16: =FT16-FU16 -> 2289 | DP16: =FS16-FT16 -> 2420 | DQ16: =FR16-FS16 -> 2484 | DR16: =FQ16-FR16 -> 2283 | DS16: =FP16-FQ16 -> 2550 | DT16: =FO16-FP16 -> 2614 | DU16: =FN16-FO16 -> 2330 | DV16: =FM16-FN16 -> 2796 | DW16: =FL16-FM16 -> 2490 | DX16: =FK16-FL16 -> 2452 | DY16: =FJ16-FK16 -> 2726 | DZ16: =FI16-FJ16 -> 2358 | EA16: =FH16-FI16 -> 2628 | EB16: =FG16-FH16 -> 2452 | EC16: =FF16-FG16 -> 2338 | ED16: =FE16-FF16 -> 2540 | EE16: 2419 | EF16: 2353 | EG16: 856 | EH16: 2660 | EI16: 2431 | EJ16: 2410 | EK16: 2418 | EL16: 2336 | EM16: 2263 | EN16: 2263 | EO16: 2287 | EP16: 2479 | EQ16: 2344 | ER16: 2468 | ES16: 2092 | ET16: 2382 | EU16: 2441 | EV16: 2361 | EW16: 2488 | EX16: 2635 | EY16: 2562 | EZ16: 2210 | FA16: 2514 | FB16: 2414 | FC16: Bank Of China | FE16: 78837 | FF16: 76297 | FG16: 73959 | FH16: 71507 | FI16: 68879 | FJ16: 66521 | FK16: 63795 | FL16: 61343 | FM16: 58853 | FN16: 56057 | FO16: 53727 | FP16: 51113 | FQ16: 48563 | FR16: 46280 | FS16: 43796 | FT16: 41376 | FU16: 39087 | FV16: 36565
B17: 7631012 | C17: 3058782 | D17: Hang Seng Bank | E17: 3151 | F17: 3349 | G17: 3217 | H17: 3105 | I17: 3233 | J17: 2918 | K17: 3062 | L17: 2817 | M17: 2837 | N17: 3057 | O17: 2934 | P17: 3023 | Q17: 3066 | R17: 3083 | S17: 3273 | T17: 3021 | U17: 2930 | V17: 2956 | W17: 2981 | X17: 2365 | Y17: 2301 | Z17: 2255 | AA17: 2176 | AB17: 2483 | AC17: 2357 | AD17: 2361 | AE17: 2507 | AF17: 2257 | AG17: 2251 | AH17: 2260 | AI17: 2284 | AJ17: 2163 | AK17: 2228 | AL17: 2327 | AM17: 2296 | AN17: 2441 | AO17: 2214 | AP17: 2339 | AQ17: 2359 | AR17: 1991 | AS17: 2462 | AT17: 2120 | AU17: 1873 | AV17: 2203 | AW17: 2292 | AX17: 1903 | AY17: 2141 | AZ17: 2351 | BA17: 2085 | BB17: 2421 | BC17: 2288 | BD17: 2173 | BE17: 2886 | BF17: 1227 | BG17: 2108 | BH17: 1941 | BI17: 2099 | BJ17: 2091 | BK17: 2238 | BL17: 2076 | BM17: 2105 | BN17: 2446 | BO17: 2183 | BP17: 2127 | BQ17: 2236 | BR17: 1971 | BS17: 2227 | BT17: 1920 | BU17: 2014 | BV17: 2071 | BW17: 1978 | BX17: 1917 | BY17: 2092 | BZ17: 2285 | CA17: 2190 | CB17: 2103 | CC17: 1773 | CD17: 2017 | CE17: 1981 | CF17: 1852 | CG17: 2099 | CH17: 1979 | CI17: 1989 | CJ17: 2183 | CK17: 2333 | CL17: 1303 | CM17: 2352 | CN17: 2112 | CO17: 2348 | CP17: 2251 | CQ17: 2180 | CR17: 1961 | CS17: 2334 | CT17: 2157 | CU17: 3779 | CV17: 924 | CW17: 2374 | CX17: 2162 | CY17: =1317+915 -> 2232 | CZ17: 1917 | DA17: 2132 | DB17: 2030 | DC17: 2051 | DD17: 1348 | DE17: 1107 | DF17: 1483 | DG17: 2195 | DH17: 2392 | DI17: 2225 | DJ17: 2367 | DK17: 2267 | DL17: 2138 | DM17: 2353 | DN17: =FU17-FV17 -> 2201 | DO17: =FT17-FU17 -> 2074 | DP17: =FS17-FT17 -> 2009 | DQ17: =FR17-FS17 -> 2105 | DR17: =FQ17-FR17 -> 1960 | DS17: =FP17-FQ17 -> 2256 | DT17: =FO17-FP17 -> 2237 | DU17: =FN17-FO17 -> 2105 | DV17: =FM17-FN17 -> 2534 | DW17: =FL17-FM17 -> 2173 | DX17: =FK17-FL17 -> 2180 | DY17: =FJ17-FK17 -> 2289 | DZ17: =FI17-FJ17 -> 1946 | EA17: =FH17-FI17 -> 2068 | EB17: =FG17-FH17 -> 1937 | EC17: =FF17-FG17 -> 1831 | ED17: =FE17-FF17 -> 2151 | EE17: 2076 | EF17: 2074 | EG17: 2227 | EH17: 2294 | EI17: 2131 | EJ17: 2061 | EK17: 2043 | EL17: 1926 | EM17: 1833 | EN17: 1833 | EO17: 1866 | EP17: 2126 | EQ17: 2095 | ER17: 2156 | ES17: 2092 | ET17: 2130 | EU17: 2170 | EV17: 2039 | EW17: 1944 | EX17: 1986 | EY17: 1996 | EZ17: 1727 | FA17: 2050 | FB17: 1966 | FC17: Hang Seng Bank | FE17: 65390 | FF17: 63239 | FG17: 61408 | FH17: 59471 | FI17: 57403 | FJ17: 55457 | FK17: 53168 | FL17: 50988 | FM17: 48815 | FN17: 46281 | FO17: 44176 | FP17: 41939 | FQ17: 39683 | FR17: 37723 | FS17: 35618 | FT17: 33609 | FU17: 31535 | FV17: 29334
B18: 7631033 | C18: 3152185 | D18: CHINA MOBILE HONG KONG COMPANY LIMI | E18: 1572 | F18: 1352 | G18: 1353 | H18: 1303 | I18: 1300 | J18: 1363 | K18: 1355 | L18: 1272 | M18: 1236 | N18: 1465 | O18: 1384 | P18: 1465 | Q18: 1483 | R18: 1371 | S18: 1519 | T18: 1406 | U18: 1342 | V18: 1466 | W18: 1417 | X18: 1294 | Y18: 1437 | Z18: 1454 | AA18: 1373 | AB18: 1534 | AC18: 1416 | AD18: 1371 | AE18: 1592 | AF18: 1422 | AG18: 1456 | AH18: 1390 | AI18: 1385 | AJ18: 1428 | AK18: 1387 | AL18: 1392 | AM18: 1450 | AN18: 1446 | AO18: 1364 | AP18: 1500 | AQ18: 1388 | AR18: 1161 | AS18: 1852 | AT18: 742 | AU18: 1150 | AV18: 1426 | AW18: 1379 | AX18: 1251 | AY18: 1300 | AZ18: 1214 | BA18: 1116 | BB18: 1439 | BC18: 1341 | BD18: 1320 | BE18: 1259 | BF18: 1158 | BG18: 1254 | BH18: 1652 | BI18: 677 | BJ18: 1293 | BK18: 1269 | BL18: 1198 | BM18: 1297 | BN18: 1303 | BO18: 1247 | BP18: 1377 | BQ18: 1357 | BR18: 1208 | BS18: 1397 | BT18: 1250 | BU18: 1269 | BV18: 1390 | BW18: 1315 | BX18: 1241 | BY18: 1377 | BZ18: 1326 | CA18: 1378 | CB18: 1341 | CC18: 1310 | CD18: 1333 | CE18: 1320 | CF18: 1168 | CG18: 1235 | CH18: 1201 | CI18: 1218 | CJ18: 1306 | CK18: 1231 | CL18: 1506 | CM18: 2344 | CN18: 2118 | CO18: 2188 | CP18: 2071 | CQ18: 2099 | CR18: 1984 | CS18: 2324 | CT18: 2153 | CU18: 2357 | CV18: 2106 | CW18: 2284 | CX18: 2269 | CY18: 602 | CZ18: 2044 | DA18: 2287 | DB18: 2090 | DC18: 1970 | DD18: 2093 | DE18: 2034 | DF18: 2103 | DG18: 2179 | DH18: 2181 | DI18: 2040 | DJ18: 2286 | DK18: 2275 | DL18: 2053 | DM18: 2429 | DN18: =FU18-FV18 -> 2308 | DO18: =FT18-FU18 -> 2320 | DP18: =FS18-FT18 -> 2286 | DQ18: =FR18-FS18 -> 2415 | DR18: =FQ18-FR18 -> 2368 | DS18: =FP18-FQ18 -> 2594 | DT18: =FO18-FP18 -> 2442 | DU18: =FN18-FO18 -> 2215 | DV18: =FM18-FN18 -> 2636 | DW18: =FL18-FM18 -> 2506 | DX18: =FK18-FL18 -> 2581 | DY18: =FJ18-FK18 -> 2604 | DZ18: =FI18-FJ18 -> 2359 | EA18: =FH18-FI18 -> 2529 | EB18: =FG18-FH18 -> 2451 | EC18: =FF18-FG18 -> 2350 | ED18: =FE18-FF18 -> 2775 | EE18: 2541 | EF18: 2354 | EG18: 2585 | EH18: 2507 | EI18: 2643 | EJ18: 2576 | EK18: 2564 | EL18: 2537 | EM18: 2273 | EN18: 2273 | EO18: 2801 | EP18: 3271 | EQ18: 2997 | ER18: 2997 | ES18: 2920 | ET18: 3081 | EU18: 3577 | EV18: 3348 | EW18: 3166 | EX18: 3566 | EY18: 3380 | EZ18: 3186 | FA18: 3665 | FB18: 3647 | FC18: CHINA MOBILE HONG KONG COMPANY LIMI | FE18: 73486 | FF18: 70711 | FG18: 68361 | FH18: 65910 | FI18: 63381 | FJ18: 61022 | FK18: 58418 | FL18: 55837 | FM18: 53331 | FN18: 50695 | FO18: 48480 | FP18: 46038 | FQ18: 43444 | FR18: 41076 | FS18: 38661 | FT18: 36375 | FU18: 34055 | FV18: 31747
B19: 7631015 | C19: 3156551 | D19: SMARTONE MOBILE COMMUNICATIONS LIMI | E19: 3607 | F19: 3511 | G19: 3475 | H19: 3298 | I19: 3221 | J19: 3124 | K19: 3162 | L19: 2913 | M19: 2930 | N19: 3505 | O19: 3352 | P19: 3663 | Q19: 3656 | R19: 3320 | S19: 3614 | T19: 3330 | U19: 3139 | V19: 3363 | W19: 3307 | X19: 3181 | Y19: 3610 | Z19: 3886 | AA19: 3790 | AB19: 4301 | AC19: 3945 | AD19: 3775 | AE19: 4209 | AF19: 3830 | AG19: 3897 | AH19: 3609 | AI19: 3543 | AJ19: 3642 | AK19: 3586 | AL19: 3764 | AM19: 3984 | AN19: 5037 | AO19: 5340 | AP19: 5707 | AQ19: 5469 | AR19: 4927 | AS19: 5529 | AT19: 4754 | AU19: 4146 | AV19: 4931 | AW19: 4835 | AX19: 4713 | AY19: 5492 | AZ19: 5693 | BA19: 5021 | BB19: 5885 | BC19: 5317 | BD19: 5377 | BE19: 5023 | BF19: 4319 | BG19: 4705 | BH19: 4284 | BI19: 4635 | BJ19: 5413 | BK19: 5554 | BL19: 5205 | BM19: 5583 | BN19: 5479 | BO19: 3424 | BP19: 2989 | BQ19: 2809 | BR19: 2520 | BS19: 2938 | BT19: 2556 | BU19: 2600 | BV19: 2901 | BW19: 3201 | BX19: 3614 | BY19: 3764 | BZ19: 3669 | CA19: 3655 | CB19: 3178 | CC19: 2821 | CD19: 2901 | CE19: 2874 | CF19: 2699 | CG19: 2897 | CH19: 2800 | CI19: 2830 | CJ19: 3051 | CK19: 2865 | CL19: 2762 | CM19: 3212 | CN19: 2891 | CO19: 2967 | CP19: 2840 | CQ19: 2845 | CR19: 2666 | CS19: 3046 | CT19: 2879 | CU19: 3121 | CV19: 2783 | CW19: 3016 | CX19: 3009 | CY19: =1843+1138 -> 2981 | CZ19: 2743 | DA19: 3061 | DB19: 2796 | DC19: 2789 | DD19: 2985 | DE19: 2976 | DF19: 2981 | DG19: 3121 | DH19: 3165 | DI19: 3630 | DJ19: 4075 | DK19: 3632 | DL19: 3380 | DM19: 3639 | DN19: =FU19-FV19 -> 3256 | DO19: =FT19-FU19 -> 3637 | DP19: =FS19-FT19 -> 3611 | DQ19: =FR19-FS19 -> 3806 | DR19: =FQ19-FR19 -> 3561 | DS19: =FP19-FQ19 -> 3661 | DT19: =FO19-FP19 -> 3487 | DU19: =FN19-FO19 -> 3397 | DV19: =FM19-FN19 -> 3881 | DW19: =FL19-FM19 -> 3479 | DX19: =FK19-FL19 -> 3513 | DY19: =FJ19-FK19 -> 3616 | DZ19: =FI19-FJ19 -> 5272 | EA19: =FH19-FI19 -> 5781 | EB19: =FG19-FH19 -> 5331 | EC19: =FF19-FG19 -> 4906 | ED19: =FE19-FF19 -> 6062 | EE19: 5483 | EF19: 5522 | EG19: 6302 | EH19: 6087 | EI19: 6039 | EJ19: 5786 | EK19: 5658 | EL19: 5689 | EM19: 5316 | EN19: 5633 | EO19: 5209 | EP19: 6192 | EQ19: 6192 | ER19: 5854 | ES19: 5829 | ET19: 5831 | EU19: 6160 | EV19: 5392 | EW19: 4859 | EX19: 5282 | EY19: 5067 | EZ19: 4689 | FA19: 5442 | FB19: 5401 | FC19: SMARTONE MOBILE COMMUNICATIONS LIMI | FE19: 117085 | FF19: 111023 | FG19: 106117 | FH19: 100786 | FI19: 95005 | FJ19: 89733 | FK19: 86117 | FL19: 82604 | FM19: 79125 | FN19: 75244 | FO19: 71847 | FP19: 68360 | FQ19: 64699 | FR19: 61138 | FS19: 57332 | FT19: 53721 | FU19: 50084 | FV19: 46828
B20: 3162308 | C20: 3162308 | D20: PCCW-HKT TELEPHONE LIMITED | E20: 2632 | F20: 2633 | G20: 2581 | H20: 2466 | I20: 2410 | J20: 2317 | K20: 2392 | L20: 2268 | M20: 2198 | N20: 2630 | O20: 2466 | P20: 2614 | Q20: 2693 | R20: 2469 | S20: 2778 | T20: 2452 | U20: 2121 | V20: 2257 | W20: 2234 | X20: 2146 | Y20: 2684 | Z20: 2310 | AA20: 2255 | AB20: 2527 | AC20: 2349 | AD20: 2290 | AE20: 2603 | AF20: 2881 | AG20: 2928 | AH20: 2763 | AI20: 2661 | AJ20: 2753 | AK20: 2657 | AL20: 2645 | AM20: 2830 | AN20: 2830 | AO20: 2654 | AP20: 2895 | AQ20: 2789 | AR20: 2522 | AS20: 2929 | AT20: 2620 | AU20: 2359 | AV20: 2899 | AW20: 2744 | AX20: 2487 | AY20: 2775 | AZ20: 2900 | BA20: 2540 | BB20: 3026 | BC20: 2748 | BD20: 2776 | BE20: 2763 | BF20: 2558 | BG20: 2856 | BH20: 2601 | BI20: 2676 | BJ20: 3094 | BK20: 3136 | BL20: 2898 | BM20: 3130 | BN20: 3101 | BO20: 2788 | BP20: 3100 | BQ20: 2854 | BR20: 2636 | BS20: 3055 | BT20: 2722 | BU20: 2624 | BV20: 2966 | BW20: 2787 | BX20: 2753 | BY20: 3084 | BZ20: 3016 | CA20: 2977 | CB20: 2809 | CC20: 2718 | CD20: 2707 | CE20: 2689 | CF20: 2541 | CG20: 2790 | CH20: 2698 | CI20: 2973 | CJ20: 3277 | CK20: 3193 | CL20: 3059 | CM20: 3447 | CN20: 3038 | CO20: 3003 | CP20: 2824 | CQ20: 2808 | CR20: 2269 | CS20: 3470 | CT20: 2900 | CU20: 3133 | CV20: 2803 | CW20: 1167 | CX20: 0 | CY20: 0 | CZ20: 0 | DA20: 0 | DB20: 0 | DC20: 0 | DD20: 0 | DE20: 0 | DF20: 0 | DG20: 0 | DH20: 0 | DI20: 0 | DJ20: 0 | DK20: 0 | DL20: 0 | DM20: 0 | DN20: 0 | DO20: =FT20-FU20 -> 0 | DP20: =FS20-FT20 -> 0 | DQ20: =FR20-FS20 -> 0 | DR20: =FQ20-FR20 -> 0 | DS20: =FP20-FQ20 -> 0 | DT20: =FO20-FP20 -> 0 | DU20: =FN20-FO20 -> 0 | DV20: =FM20-FN20 -> 0 | DW20: =FL20-FM20 -> 0 | DX20: =FK20-FL20 -> 0 | DY20: =FJ20-FK20 -> 0 | DZ20: =FI20-FJ20 -> 0 | EA20: =FH20-FI20 -> 0 | EB20: =FG20-FH20 -> 0 | EC20: =FF20-FG20 -> 0 | ED20: =FE20-FF20 -> 0 | EE20: 0 | EF20: 0 | EG20: 0 | EH20: 0 | EI20: 0 | EJ20: 0 | EK20: 0 | EL20: 0 | EM20: 0 | EN20: 0 | EO20: 0 | EP20: 0 | EQ20: 0 | ER20: 0 | ES20: 0 | ET20: 0 | EU20: 0 | EV20: 0 | EW20: 0 | EX20: 0 | EY20: 0 | EZ20: N/A | FA20: N/A | FB20: N/A | FC20: PCCW-HKT TELEPHONE LIMITED | FE20: 0 | FF20: 0 | FG20: 0 | FH20: 0 | FI20: 0 | FJ20: 0 | FK20: 0 | FL20: 0 | FM20: 0 | FN20: 0 | FO20: 0 | FP20: 0 | FQ20: 0 | FR20: 0 | FS20: 0 | FT20: 0 | FU20: 0 | FV20: 0
B21: 7625131 | C21: 3167404 | D21: China Garden & Centeen II (ESS) LG1 & G/F Kitchen Equipment | E21: 17735 | F21: 17505 | G21: 17251 | H21: 15294 | I21: 14470 | J21: 12700 | K21: 11978 | L21: 11584 | M21: 11893 | N21: 15555 | O21: 15381 | P21: 16943 | Q21: 17573 | R21: 16741 | S21: 18440 | T21: 15382 | U21: 13879 | V21: 12892 | W21: 12327 | X21: 11466 | Y21: 13724 | Z21: 14443 | AA21: 14550 | AB21: 17110 | AC21: 15319 | AD21: 15724 | AE21: 17551 | AF21: 15304 | AG21: 15113 | AH21: 12921 | AI21: 12143 | AJ21: 12464 | AK21: 12823 | AL21: 14318 | AM21: 15955 | AN21: 16834 | AO21: 16156 | AP21: 17575 | AQ21: 17316 | AR21: 15136 | AS21: 16739 | AT21: 13953 | AU21: 11868 | AV21: 14252 | AW21: 14347 | AX21: 13932 | AY21: 16348 | AZ21: 16371 | BA21: 1604 | BB21: 0 | BC21: 0 | BD21: 1636 | BE21: 5951 | BF21: 5731 | BG21: 12627 | BH21: 12485 | BI21: 15149 | BJ21: 17770 | BK21: 18753 | BL21: 17109 | BM21: 18722 | BN21: 18685 | BO21: 17324 | BP21: 18275 | BQ21: 17243 | BR21: 14737 | BS21: 15715 | BT21: 15327 | BU21: 15895 | BV21: 18613 | BW21: 18601 | BX21: 18751 | BY21: 21548 | BZ21: 20868 | CA21: 20681 | CB21: 19591 | CC21: 16680 | CD21: 16528 | CE21: 16402 | CF21: 14988 | CG21: 17137 | CH21: 15626 | CI21: 17620 | CJ21: 19753 | CK21: 18756 | CL21: 16899 | CM21: 19331 | CN21: 16006 | CO21: 16101 | CP21: 13963 | CQ21: 13206 | CR21: 13218 | CS21: 16101 | CT21: 16353 | CU21: 18428 | CV21: 17021 | CW21: 17778 | CX21: 18621 | CY21: 19105 | CZ21: 17545 | DA21: 17514 | DB21: 5113 | DC21: 15263 | DD21: 15470 | DE21: 15820 | DF21: 16660 | DG21: 17668 | DH21: 18458 | DI21: 16725 | DJ21: 19188 | DK21: 18918 | DL21: 17431 | DM21: 19441 | DN21: =FU21-FV21 -> 16788 | DO21: =FT21-FU21 -> 16072 | DP21: =FS21-FT21 -> 15951 | DQ21: =FR21-FS21 -> 18063 | DR21: =FQ21-FR21 -> 18051 | DS21: =FP21-FQ21 -> 20748 | DT21: =FO21-FP21 -> 19861 | DU21: =FN21-FO21 -> 19593 | DV21: =FM21-FN21 -> 22555 | DW21: =FL21-FM21 -> 20582 | DX21: =FK21-FL21 -> 20566 | DY21: =FJ21-FK21 -> 20001 | DZ21: =FI21-FJ21 -> 16583 | EA21: =FH21-FI21 -> 17493 | EB21: =FG21-FH21 -> 16974 | EC21: =FF21-FG21 -> 16373 | ED21: =FE21-FF21 -> 20954 | EE21: 19483 | EF21: 19433 | EG21: 21895 | EH21: 20950 | EI21: 21732 | EJ21: 19935 | EK21: 18848 | EL21: 17452 | EM21: 14938 | EN21: 17526 | EO21: 16734 | EP21: 20550 | EQ21: 19993 | ER21: 20538 | ES21: 20508 | ET21: 20444 | EU21: 23595 | EV21: 21374 | EW21: 18499 | EX21: 18700 | EY21: 16827 | EZ21: 16719 | FA21: 19261 | FB21: 20553 | FC21: China Garden & Centeen II (ESS) LG1 & G/F Kitchen Equipment | FE21: 518904 | FF21: 497950 | FG21: 481577 | FH21: 464603 | FI21: 447110 | FJ21: 430527 | FK21: 410526 | FL21: 389960 | FM21: 369378 | FN21: 346823 | FO21: 327230 | FP21: 307369 | FQ21: 286621 | FR21: 268570 | FS21: 250507 | FT21: 234556 | FU21: 218484 | FV21: 201696
B22: 7625835 | C22: 3170792 | D22: Uni Bristro & Bar | E22: 16554 | F22: 16430 | G22: 16505 | H22: 15987 | I22: 16892 | J22: 15726 | K22: 15389 | L22: 12992 | M22: 14535 | N22: 17526 | O22: 15530 | P22: 15425 | Q22: 15338 | R22: 14006 | S22: 16252 | T22: 15275 | U22: 15602 | V22: 16823 | W22: 13320 | X22: 10913 | Y22: 14390 | Z22: 14360 | AA22: 13759 | AB22: 14062 | AC22: 13103 | AD22: 13291 | AE22: 15921 | AF22: 14848 | AG22: 15664 | AH22: 14529 | AI22: 12667 | AJ22: 12592 | AK22: 13755 | AL22: 13672 | AM22: 14582 | AN22: 13270 | AO22: 12640 | AP22: 13892 | AQ22: 13859 | AR22: 11928 | AS22: 14809 | AT22: 13317 | AU22: 10709 | AV22: 12376 | AW22: 12244 | AX22: 11519 | AY22: 12572 | AZ22: 12102 | BA22: 837 | BB22: 0 | BC22: 14 | BD22: 2542 | BE22: 11162 | BF22: 11356 | BG22: 11216 | BH22: 8911 | BI22: 10596 | BJ22: 11559 | BK22: 12319 | BL22: 14596 | BM22: 11639 | BN22: 11825 | BO22: 14677 | BP22: 11936 | BQ22: 12085 | BR22: 13971 | BS22: 10293 | BT22: 10218 | BU22: 12832 | BV22: 10731 | BW22: 13206 | BX22: 3687 | BY22: 833 | BZ22: 3614 | CA22: 10586 | CB22: 12164 | CC22: 10163 | CD22: 10652 | CE22: 8254 | CF22: 8486 | CG22: 9838 | CH22: 10177 | CI22: 11625 | CJ22: 12424 | CK22: 10786 | CL22: 9408 | CM22: 11967 | CN22: 11109 | CO22: 11408 | CP22: 10392 | CQ22: 9312 | CR22: 10663 | CS22: 12646 | CT22: 12375 | CU22: 12652 | CV22: 10688 | CW22: 10084 | CX22: 11166 | CY22: 12809 | CZ22: 10514 | DA22: 11883 | DB22: 10366 | DC22: 8740 | DD22: 7690 | DE22: 8292 | DF22: 9576 | DG22: 11608 | DH22: 11328 | DI22: =3620+6190 -> 9810 | DJ22: 8886 | DK22: 10370 | DL22: 7949 | DM22: 9255 | DN22: =FU22-FV22 -> 9199 | DO22: =FT22-FU22 -> 7578 | DP22: =FS22-FT22 -> 8145 | DQ22: =FR22-FS22 -> 9214 | DR22: =FQ22-FR22 -> 9542 | DS22: =FP22-FQ22 -> 12672 | DT22: =FO22-FP22 -> 12389 | DU22: =FN22-FO22 -> 10790 | DV22: =FM22-FN22 -> 13068 | DW22: =FL22-FM22 -> 11442 | DX22: =FK22-FL22 -> 12040 | DY22: =FJ22-FK22 -> 12160 | DZ22: =FI22-FJ22 -> 11060 | EA22: =FH22-FI22 -> 11615 | EB22: =FG22-FH22 -> 11842 | EC22: =FF22-FG22 -> 9515 | ED22: =FE22-FF22 -> 11141 | EE22: 11287 | EF22: 11459 | EG22: 12888 | EH22: 12162 | EI22: 10455 | EJ22: 9987 | EK22: 10178 | EL22: 9895 | EM22: 8892 | EN22: 9230 | EO22: 9202 | EP22: 10601 | EQ22: 10308 | ER22: 10420 | ES22: 11165 | ET22: 11841 | EU22: 12611 | EV22: 11700 | EW22: 10729 | EX22: 10741 | EY22: 9213 | EZ22: 9108 | FA22: 10166 | FB22: 10533 | FC22: Uni Bristro & Bar | FE22: 227048 | FF22: 215907 | FG22: 206392 | FH22: 194550 | FI22: 182935 | FJ22: 171875 | FK22: 159715 | FL22: 147675 | FM22: 136233 | FN22: 123165 | FO22: 112375 | FP22: 99986 | FQ22: 87314 | FR22: 77772 | FS22: 68558 | FT22: 60413 | FU22: 52835 | FV22: 43636
B23: 7629917 | C23: 3183476 | D23: PCCW-HKT TELEPHONE LIMITED | E23: 1759 | F23: 1709 | G23: 1716 | H23: 1660 | I23: 1656 | J23: 1706 | K23: 1683 | L23: 1607 | M23: 1556 | N23: 1838 | O23: 1684 | P23: 1739 | Q23: 1740 | R23: 1630 | S23: 1814 | T23: 1680 | U23: 1630 | V23: 1756 | W23: 1695 | X23: 2294 | Y23: 2747 | Z23: 2746 | AA23: 2630 | AB23: 3018 | AC23: 2862 | AD23: 2774 | AE23: 3175 | AF23: 2851 | AG23: 2941 | AH23: 2791 | AI23: 2775 | AJ23: 2892 | AK23: 2804 | AL23: 2851 | AM23: 2963 | AN23: 2962 | AO23: 2789 | AP23: 3066 | AQ23: 2973 | AR23: 2673 | AS23: 3099 | AT23: 2787 | AU23: 2506 | AV23: 3060 | AW23: 2905 | AX23: 2651 | AY23: 2955 | AZ23: 3002 | BA23: 2635 | BB23: 3121 | BC23: 2903 | BD23: 2965 | BE23: 2939 | BF23: 2711 | BG23: 2991 | BH23: 2726 | BI23: 2766 | BJ23: 3072 | BK23: 3028 | BL23: 2779 | BM23: 2981 | BN23: 2993 | BO23: 2797 | BP23: 3060 | BQ23: 2868 | BR23: 2595 | BS23: 3034 | BT23: 2695 | BU23: 2616 | BV23: 2893 | BW23: 2708 | BX23: 2544 | BY23: 2824 | BZ23: 2717 | CA23: 2771 | CB23: 2665 | CC23: 2618 | CD23: 2666 | CE23: 2651 | CF23: 2466 | CG23: 2647 | CH23: 2552 | CI23: 2688 | CJ23: 2900 | CK23: 2740 | CL23: 2626 | CM23: 2999 | CN23: 2701 | CO23: 2739 | CP23: 2615 | CQ23: 2569 | CR23: 2446 | CS23: 2825 | CT23: 2423 | CU23: 2357 | CV23: 2076 | CW23: 2240 | CX23: 2246 | CY23: =1690+595 -> 2285 | CZ23: 2082 | DA23: 2274 | DB23: 2090 | DC23: 2012 | DD23: 2131 | DE23: 2050 | DF23: 2058 | DG23: 2104 | DH23: 2086 | DI23: 1774 | DJ23: 2059 | DK23: 2159 | DL23: 1923 | DM23: 2230 | DN23: =FU23-FV23 -> 1984 | DO23: =FT23-FU23 -> 2018 | DP23: =FS23-FT23 -> 1861 | DQ23: =FR23-FS23 -> 1938 | DR23: =FQ23-FR23 -> 1813 | DS23: =FP23-FQ23 -> 2048 | DT23: =FO23-FP23 -> 1936 | DU23: =FN23-FO23 -> 1757 | DV23: =FM23-FN23 -> 2050 | DW23: =FL23-FM23 -> 1895 | DX23: =FK23-FL23 -> 1928 | DY23: =FJ23-FK23 -> 1979 | DZ23: =FI23-FJ23 -> 1813 | EA23: =FH23-FI23 -> 1955 | EB23: =FG23-FH23 -> 1892 | EC23: =FF23-FG23 -> 1768 | ED23: =FE23-FF23 -> 1896 | EE23: 1666 | EF23: 1597 | EG23: 1850 | EH23: 1798 | EI23: 1890 | EJ23: 1891 | EK23: 1904 | EL23: 1912 | EM23: 1763 | EN23: 1934 | EO23: 1734 | EP23: 2008 | EQ23: 1822 | ER23: 1840 | ES23: 1786 | ET23: 1741 | EU23: 1950 | EV23: 1836 | EW23: 1795 | EX23: 1929 | EY23: 1830 | EZ23: 1700 | FA23: 1901 | FB23: 1914 | FC23: PCCW-HKT TELEPHONE LIMITED | FE23: 63265 | FF23: 61369 | FG23: 59601 | FH23: 57709 | FI23: 55754 | FJ23: 53941 | FK23: 51962 | FL23: 50034 | FM23: 48139 | FN23: 46089 | FO23: 44332 | FP23: 42396 | FQ23: 40348 | FR23: 38535 | FS23: 36597 | FT23: 34736 | FU23: 32718 | FV23: 30734
B24: 7631006 | C24: 3202495 | D24: CHINA MOBILE HONG KONG COMPANY LIMI | E24: 2588 | F24: 2465 | G24: 2403 | H24: 2456 | I24: 2594 | J24: 2529 | K24: 2205 | L24: 2067 | M24: 2014 | N24: 2371 | O24: 2199 | P24: 2216 | Q24: 2224 | R24: 2071 | S24: 2307 | T24: 2151 | U24: 2062 | V24: 2249 | W24: 2175 | X24: 1981 | Y24: 2230 | Z24: 2235 | AA24: 2230 | AB24: 2076 | AC24: 2115 | AD24: 2073 | AE24: 2396 | AF24: 2187 | AG24: 2254 | AH24: 2167 | AI24: 2152 | AJ24: 2233 | AK24: 2177 | AL24: 2158 | AM24: 2201 | AN24: 2188 | AO24: 2049 | AP24: 2258 | AQ24: 1884 | AR24: 1497 | AS24: 1732 | AT24: 1600 | AU24: 1474 | AV24: 1804 | AW24: 1721 | AX24: 1681 | AY24: 1904 | AZ24: 1800 | BA24: 1685 | BB24: 2194 | BC24: 1992 | BD24: 1941 | BE24: 1801 | BF24: 1671 | BG24: 1799 | BH24: 1670 | BI24: 1670 | BJ24: 1835 | BK24: 1785 | BL24: 1702 | BM24: 1829 | BN24: 1853 | BO24: 1756 | BP24: 1921 | BQ24: 1876 | BR24: 1693 | BS24: 1987 | BT24: 1740 | BU24: 1772 | BV24: 2001 | BW24: 1857 | BX24: 1798 | BY24: 1997 | BZ24: 1934 | CA24: 1941 | CB24: 1878 | CC24: 1859 | CD24: 1914 | CE24: 1839 | CF24: 1613 | CG24: 1670 | CH24: 1625 | CI24: 1646 | CJ24: 1759 | CK24: 1670 | CL24: 1639 | CM24: 1898 | CN24: 1677 | CO24: 1872 | CP24: 2312 | CQ24: 2383 | CR24: 2260 | CS24: 2601 | CT24: 2437 | CU24: 2673 | CV24: 2415 | CW24: 2587 | CX24: 2573 | CY24: =1518+973 -> 2491 | CZ24: 2256 | DA24: 2549 | DB24: 2386 | DC24: 2263 | DD24: 2360 | DE24: 2293 | DF24: 2383 | DG24: 2446 | DH24: 2461 | DI24: 2248 | DJ24: 2683 | DK24: 2478 | DL24: 2383 | DM24: 2627 | DN24: =FU24-FV24 -> 2488 | DO24: =FT24-FU24 -> 2458 | DP24: =FS24-FT24 -> 2384 | DQ24: =FR24-FS24 -> 2506 | DR24: =FQ24-FR24 -> 2388 | DS24: =FP24-FQ24 -> 2650 | DT24: =FO24-FP24 -> 2478 | DU24: =FN24-FO24 -> 2372 | DV24: =FM24-FN24 -> 2721 | DW24: =FL24-FM24 -> 2520 | DX24: =FK24-FL24 -> 2584 | DY24: =FJ24-FK24 -> 2625 | DZ24: =FI24-FJ24 -> 2390 | EA24: =FH24-FI24 -> 2668 | EB24: =FG24-FH24 -> 2512 | EC24: =FF24-FG24 -> 2385 | ED24: =FE24-FF24 -> 2809 | EE24: 2428 | EF24: 2539 | EG24: 2694 | EH24: 2618 | EI24: 2683 | EJ24: 2587 | EK24: 2631 | EL24: 2622 | EM24: 2461 | EN24: 2636 | EO24: 2417 | EP24: 2824 | EQ24: 2578 | ER24: 2578 | ES24: 2561 | ET24: 2546 | EU24: 2760 | EV24: 2582 | EW24: 2494 | EX24: 2680 | EY24: 2570 | EZ24: 2323 | FA24: 2638 | FB24: 2616 | FC24: CHINA MOBILE HONG KONG COMPANY LIMI | FE24: 78284 | FF24: 75475 | FG24: 73090 | FH24: 70578 | FI24: 67910 | FJ24: 65520 | FK24: 62895 | FL24: 60311 | FM24: 57791 | FN24: 55070 | FO24: 52698 | FP24: 50220 | FQ24: 47570 | FR24: 45182 | FS24: 42676 | FT24: 40292 | FU24: 37834 | FV24: 35346
B25: 7631014 | C25: 3330656 | D25: Bank Of Aisa | E25: 3447 | F25: 4123 | G25: 3649 | H25: 3663 | I25: 3714 | J25: 2873 | K25: 2804 | L25: 2514 | M25: 2487 | N25: 2857 | O25: 3491 | P25: 3805 | Q25: 4034 | R25: 4297 | S25: 4322 | T25: 3991 | U25: 3825 | V25: 3005 | W25: 2870 | X25: 2573 | Y25: 3027 | Z25: 3157 | AA25: 2876 | AB25: 3545 | AC25: 2973 | AD25: 3096 | AE25: 3037 | AF25: 3133 | AG25: 2884 | AH25: 2870 | AI25: 2861 | AJ25: 2393 | AK25: 2486 | AL25: 2684 | AM25: 2863 | AN25: 2984 | AO25: 1736 | AP25: 2196 | AQ25: 2598 | AR25: 2345 | AS25: 2857 | AT25: 2525 | AU25: 2306 | AV25: 2763 | AW25: 2633 | AX25: 2364 | AY25: 2590 | AZ25: 2743 | BA25: 2404 | BB25: 2764 | BC25: 2596 | BD25: 2540 | BE25: 2569 | BF25: 2315 | BG25: 2563 | BH25: 2272 | BI25: 2388 | BJ25: 2575 | BK25: 2579 | BL25: 2484 | BM25: 2612 | BN25: 2669 | BO25: 2480 | BP25: 2610 | BQ25: 2540 | BR25: 2175 | BS25: 2474 | BT25: 2050 | BU25: 2197 | BV25: 2426 | BW25: 2338 | BX25: 2274 | BY25: 2431 | BZ25: 2454 | CA25: 2256 | CB25: 1945 | CC25: 1783 | CD25: 1861 | CE25: 1763 | CF25: 1155 | CG25: 1419 | CH25: 1207 | CI25: 1703 | CJ25: 1959 | CK25: 1655 | CL25: 1207 | CM25: 1898 | CN25: 1755 | CO25: 1813 | CP25: 1663 | CQ25: 1626 | CR25: 1525 | CS25: 1741 | CT25: 1678 | CU25: 1886 | CV25: 1714 | CW25: 1854 | CX25: 1857 | CY25: =1139+778 -> 1917 | CZ25: 1774 | DA25: 2125 | DB25: 1985 | DC25: 1910 | DD25: 1385 | DE25: 1118 | DF25: 1339 | DG25: 3054 | DH25: 0 | DI25: 0 | DJ25: 0 | DK25: 0 | DL25: 0 | DM25: 0 | DN25: 0 | DO25: =FT25-FU25 -> 0 | DP25: =FS25-FT25 -> 0 | DQ25: =FR25-FS25 -> 0 | DR25: =FQ25-FR25 -> 0 | DS25: =FP25-FQ25 -> 0 | DT25: =FO25-FP25 -> 0 | DU25: =FN25-FO25 -> 0 | DV25: =FM25-FN25 -> 0 | DW25: =FL25-FM25 -> 0 | DX25: =FK25-FL25 -> 0 | DY25: =FJ25-FK25 -> 0 | DZ25: =FI25-FJ25 -> 0 | EA25: =FH25-FI25 -> 0 | EB25: =FG25-FH25 -> 0 | EC25: =FF25-FG25 -> 0 | ED25: =FE25-FF25 -> 0 | EE25: 0 | EF25: 0 | EG25: 0 | EH25: 0 | EI25: 0 | EJ25: 0 | EK25: 0 | EL25: 0 | EM25: 0 | EN25: 0 | EO25: 0 | EP25: 0 | EQ25: 0 | ER25: 0 | ES25: 0 | ET25: 0 | EU25: 0 | EV25: 0 | EW25: 0 | EX25: 0 | EY25: 0 | EZ25: N/A | FA25: N/A | FB25: N/A | FC25: Bank Of Aisa | FE25: 0 | FF25: 0 | FG25: 0 | FH25: 0 | FI25: 0 | FJ25: 0 | FK25: 0 | FL25: 0 | FM25: 0 | FN25: 0 | FO25: 0 | FP25: 0 | FQ25: 0 | FR25: 0 | FS25: 0 | FT25: 0 | FU25: 0 | FV25: 0
B26: 7612017 | C26: 3567683 | D26: Fusion Supermarket | E26: 25900 | F26: 25910 | G26: 27050 | H26: 23110 | I26: 20510 | J26: 17090 | K26: 16560 | L26: 16340 | M26: 16990 | N26: 22420 | O26: 23310 | P26: 25500 | Q26: 28020 | R26: 25550 | S26: 29350 | T26: 24900 | U26: 20070 | V26: 19010 | W26: 17080 | X26: 15980 | Y26: 19420 | Z26: 21620 | AA26: 23010 | AB26: 26920 | AC26: 24500 | AD26: 24020 | AE26: 27830 | AF26: 23980 | AG26: 23460 | AH26: 19020 | AI26: 17290 | AJ26: 17010 | AK26: 17930 | AL26: 21980 | AM26: 25150 | AN26: 27240 | AO26: 25900 | AP26: 28350 | AQ26: 28590 | AR26: 24360 | AS26: 25500 | AT26: 20800 | AU26: 17700 | AV26: 20870 | AW26: 21480 | AX26: 20870 | AY26: 24970 | AZ26: 28350 | BA26: 25040 | BB26: 26830 | BC26: 28110 | BD26: 27160 | BE26: 21500 | BF26: 16340 | BG26: 17240 | BH26: 15090 | BI26: 18720 | BJ26: 23670 | BK26: 29060 | BL26: 26760 | BM26: 28410 | BN26: 29210 | BO26: 28780 | BP26: 27860 | BQ26: 24770 | BR26: 18930 | BS26: 19030 | BT26: 19720 | BU26: 20790 | BV26: 26750 | BW26: 26960 | BX26: 26380 | BY26: 31260 | BZ26: 30490 | CA26: 32220 | CB26: 26090 | CC26: 19480 | CD26: 16680 | CE26: 16030 | CF26: 14930 | CG26: 19910 | CH26: 19460 | CI26: 25320 | CJ26: 29370 | CK26: 28870 | CL26: 27070 | CM26: 30190 | CN26: 23570 | CO26: 22160 | CP26: 17500 | CQ26: 15960 | CR26: 17040 | CS26: 21690 | CT26: 21650 | CU26: 29320 | CV26: 26760 | CW26: 29400 | CX26: 29060 | CY26: =20876+12880 -> 33756 | CZ26: 26139 | DA26: 23821 | DB26: 18852 | DC26: 238 | DD26: 16885 | DE26: 19642 | DF26: 21472 | DG26: 23968 | DH26: 28713 | DI26: 28633 | DJ26: 32962 | DK26: 31717 | DL26: 26087 | DM26: 25410 | DN26: =FU26-FV26 -> 18971 | DO26: =FT26-FU26 -> 18164 | DP26: =FS26-FT26 -> 18426 | DQ26: =FR26-FS26 -> 21145 | DR26: =FQ26-FR26 -> 22482 | DS26: =FP26-FQ26 -> 28676 | DT26: =FO26-FP26 -> 32023 | DU26: =FN26-FO26 -> 30739 | DV26: =FM26-FN26 -> 34084 | DW26: =FL26-FM26 -> 30595 | DX26: =FK26-FL26 -> 28552 | DY26: =FJ26-FK26 -> 24748 | DZ26: =FI26-FJ26 -> 19701 | EA26: =FH26-FI26 -> 19583 | EB26: =FG26-FH26 -> 20808 | EC26: =FF26-FG26 -> 19657 | ED26: =FE26-FF26 -> 30915 | EE26: 27380 | EF26: 30120 | EG26: 35681 | EH26: 35024 | EI26: 35438 | EJ26: 29832 | EK26: 24723 | EL26: 20095 | EM26: 16837 | EN26: 19154 | EO26: 20456 | EP26: 26962 | EQ26: 31825 | ER26: 33529 | ES26: 33491 | ET26: 33916 | EU26: 37916 | EV26: 31825 | EW26: 23518 | EX26: 22839 | EY26: 19406 | EZ26: 367 | FA26: 25144 | FB26: 31481 | FC26: Fusion Supermarket | FE26: 781290 | FF26: 750375 | FG26: 730718 | FH26: 709910 | FI26: 690327 | FJ26: 670626 | FK26: 645878 | FL26: 617326 | FM26: 586731 | FN26: 552647 | FO26: 521908 | FP26: 489885 | FQ26: 461209 | FR26: 438727 | FS26: 417582 | FT26: 399156 | FU26: 380992 | FV26: 362021
B27: 10279754 | C27: 3576372 | D27: CHINA MOBILE HONG KONG COMPANY LIMI | E27: 2521 | F27: 2456 | G27: 2437 | H27: 2296 | I27: 2412 | J27: 2376 | K27: 2356 | L27: 2212 | M27: 2180 | N27: 2675 | O27: 2522 | P27: 2713 | Q27: 2720 | R27: 2522 | S27: 2802 | T27: 2541 | U27: 2384 | V27: 2500 | W27: 2422 | X27: 2207 | Y27: 2490 | Z27: 2583 | AA27: 2472 | AB27: 2804 | AC27: 2635 | AD27: 2566 | AE27: 2872 | AF27: 2550 | AG27: 2607 | AH27: 2407 | AI27: 2348 | AJ27: 2478 | AK27: 2408 | AL27: 2515 | AM27: 2736 | AN27: 2729 | AO27: 2612 | AP27: 2834 | AQ27: 2721 | AR27: 2121 | AS27: 1966 | AT27: 1748 | AU27: 1619 | AV27: 2001 | AW27: 1973 | AX27: 1887 | AY27: 2135 | AZ27: 2231 | BA27: 1848 | BB27: 1843 | BC27: 1631 | BD27: 1570 | BE27: 1467 | BF27: 1311 | BG27: 1418 | BH27: 1304 | BI27: 1321 | BJ27: 1493 | BK27: 1513 | BL27: 1402 | BM27: 1547 | BN27: 1541 | BO27: 1550 | BP27: 1751 | BQ27: 1682 | BR27: 1496 | BS27: 1742 | BT27: 1539 | BU27: 1569 | BV27: 1754 | BW27: 1651 | BX27: 1651 | BY27: 1820 | BZ27: 1770 | CA27: 1853 | CB27: 1759 | CC27: 1688 | CD27: 1607 | CE27: 1600 | CF27: 1483 | CG27: 1617 | CH27: 1563 | CI27: 1650 | CJ27: 1819 | CK27: 1623 | CL27: 1406 | CM27: 1606 | CN27: 1455 | CO27: 1559 | CP27: 1549 | CQ27: 1547 | CR27: 1481 | CS27: 1706 | CT27: 1652 | CU27: 1869 | CV27: 1627 | CW27: 1816 | CX27: 578 | CY27: 1749 | CZ27: 1572 | DA27: 1715 | DB27: 1570 | DC27: 1493 | DD27: 1568 | DE27: 1529 | DF27: 1553 | DG27: 1592 | DH27: 1612 | DI27: 1535 | DJ27: 2495 | DK27: 2871 | DL27: 2606 | DM27: 3049 | DN27: =FU27-FV27 -> 2719 | DO27: =FT27-FU27 -> 2796 | DP27: =FS27-FT27 -> 2740 | DQ27: =FR27-FS27 -> 2902 | DR27: =FQ27-FR27 -> 2751 | DS27: =FP27-FQ27 -> 3110 | DT27: =FO27-FP27 -> 3052 | DU27: =FN27-FO27 -> 2863 | DV27: =FM27-FN27 -> 3351 | DW27: =FL27-FM27 -> 3107 | DX27: =FK27-FL27 -> 3197 | DY27: =FJ27-FK27 -> 3163 | DZ27: =FI27-FJ27 -> 2951 | EA27: =FH27-FI27 -> 3251 | EB27: =FG27-FH27 -> 3045 | EC27: =FF27-FG27 -> 2935 | ED27: =FE27-FF27 -> 3468 | EE27: 3152 | EF27: 3028 | EG27: 3386 | EH27: 3272 | EI27: 3343 | EJ27: 3215 | EK27: 3157 | EL27: 3182 | EM27: 2942 | EN27: 3219 | EO27: 2945 | EP27: 3514 | EQ27: 2870 | ER27: 3335 | ES27: 3265 | ET27: 3262 | EU27: 3503 | EV27: 3314 | EW27: 3170 | EX27: 3471 | EY27: 3360 | EZ27: 3094 | FA27: 3558 | FB27: 3565 | FC27: CHINA MOBILE HONG KONG COMPANY LIMI | FE27: 81171 | FF27: 77703 | FG27: 74768 | FH27: 71723 | FI27: 68472 | FJ27: 65521 | FK27: 62358 | FL27: 59161 | FM27: 56054 | FN27: 52703 | FO27: 49840 | FP27: 46788 | FQ27: 43678 | FR27: 40927 | FS27: 38025 | FT27: 35285 | FU27: 32489 | FV27: 29770
B28: 7629950 | C28: 3617397 | D28: SMARTONE MOBILE COMMUNICATIONS LIMI | E28: 2862 | F28: 2802 | G28: 2748 | H28: 2594 | I28: 2487 | J28: 2445 | K28: 2465 | L28: 2318 | M28: 2284 | N28: 2809 | O28: 2808 | P28: 3075 | Q28: 3028 | R28: 2679 | S28: 2983 | T28: 2854 | U28: 2785 | V28: 2873 | W28: 2790 | X28: 2616 | Y28: 2982 | Z28: 3305 | AA28: 3226 | AB28: 3573 | AC28: 3298 | AD28: 3224 | AE28: 3563 | AF28: 3053 | AG28: 3132 | AH28: 2726 | AI28: 2568 | AJ28: 2677 | AK28: 2587 | AL28: 2699 | AM28: 2864 | AN28: 2992 | AO28: 2789 | AP28: 3040 | AQ28: 2912 | AR28: 2597 | AS28: 2952 | AT28: 2602 | AU28: 2293 | AV28: 2771 | AW28: 2636 | AX28: 2469 | AY28: 2799 | AZ28: 2978 | BA28: 2639 | BB28: 3164 | BC28: 2839 | BD28: 2812 | BE28: 2709 | BF28: 2453 | BG28: 2679 | BH28: 2426 | BI28: 2501 | BJ28: 2851 | BK28: 2936 | BL28: 2765 | BM28: 2971 | BN28: 2835 | BO28: 2571 | BP28: 2724 | BQ28: 2552 | BR28: 2239 | BS28: 2586 | BT28: 2320 | BU28: 2337 | BV28: 2688 | BW28: 2555 | BX28: 2606 | BY28: 2911 | BZ28: 2814 | CA28: 2758 | CB28: 2481 | CC28: 2415 | CD28: 2432 | CE28: 2424 | CF28: 2261 | CG28: 2456 | CH28: 2395 | CI28: 2530 | CJ28: 2763 | CK28: 2637 | CL28: 2486 | CM28: 2649 | CN28: 1616 | CO28: 1744 | CP28: 1654 | CQ28: 1686 | CR28: 3422 | CS28: 34 | CT28: 1735 | CU28: 1970 | CV28: 1750 | CW28: 1909 | CX28: 1878 | CY28: =1416+489 -> 1905 | CZ28: 1711 | DA28: 1878 | DB28: 1746 | DC28: 1663 | DD28: 1744 | DE28: 1801 | DF28: 1860 | DG28: 1964 | DH28: 2082 | DI28: 2010 | DJ28: 2212 | DK28: 3335 | DL28: 3362 | DM28: 3810 | DN28: =FU28-FV28 -> 3314 | DO28: =FT28-FU28 -> 3409 | DP28: =FS28-FT28 -> 3308 | DQ28: =FR28-FS28 -> 3479 | DR28: =FQ28-FR28 -> 3296 | DS28: =FP28-FQ28 -> 3688 | DT28: =FO28-FP28 -> 3644 | DU28: =FN28-FO28 -> 3315 | DV28: =FM28-FN28 -> 3881 | DW28: =FL28-FM28 -> 3545 | DX28: =FK28-FL28 -> 3620 | DY28: =FJ28-FK28 -> 3489 | DZ28: =FI28-FJ28 -> 3062 | EA28: =FH28-FI28 -> 3374 | EB28: =FG28-FH28 -> 3183 | EC28: =FF28-FG28 -> 2970 | ED28: =FE28-FF28 -> 3704 | EE28: 3318 | EF28: 3332 | EG28: 3818 | EH28: 3685 | EI28: 3607 | EJ28: 3383 | EK28: 3305 | EL28: 3250 | EM28: 3056 | EN28: 3323 | EO28: 3111 | EP28: 3716 | EQ28: 3516 | ER28: 3605 | ES28: 3579 | ET28: 3427 | EU28: 3722 | EV28: 3416 | EW28: 3171 | EX28: 3479 | EY28: 3355 | EZ28: 3145 | FA28: 3507 | FB28: 3537 | FC28: SMARTONE MOBILE COMMUNICATIONS LIMI | FE28: 90887 | FF28: 87183 | FG28: 84213 | FH28: 81030 | FI28: 77656 | FJ28: 74594 | FK28: 71105 | FL28: 67485 | FM28: 63940 | FN28: 60059 | FO28: 56744 | FP28: 53100 | FQ28: 49412 | FR28: 46116 | FS28: 42637 | FT28: 39329 | FU28: 35920 | FV28: 32606
B29: 7618717 | C29: 3619127 | D29: Starbuck Coffee | V29: 516 | W29: 5574 | X29: 5439 | Y29: 6832 | Z29: 6765 | AA29: 6025 | AB29: 5749 | AC29: 5103 | AD29: 4024 | AE29: 6950 | AF29: 7022 | AG29: 7354 | AH29: 7291 | AI29: 6900 | AJ29: 7777 | AK29: 8179 | AL29: 7860 | AM29: 8142 | AN29: 6912 | AO29: 6447 | AP29: 6933 | AQ29: 7761 | AR29: 7352 | AS29: 9007 | AT29: 7235 | AU29: 5511 | AV29: 7587 | AW29: 7995 | AX29: 6084 | AY29: 6639 | AZ29: 6342 | BA29: 5401 | BB29: 6722 | BC29: 7178 | BD29: 7616 | BE29: 8056 | BF29: 7432 | BG29: 7213 | BH29: 6824 | BI29: 7584 | BJ29: 7661 | BK29: 7818 | BL29: 6644 | BM29: 6650 | BN29: 6193 | BO29: 6325 | BP29: 6770 | BQ29: 6599 | BR29: 5750 | BS29: 5760 | BT29: 5638 | BU29: 6256 | BV29: 6648 | BW29: 5794 | BX29: 5095 | BY29: 5646 | BZ29: 5723 | CA29: 6516 | CB29: 6542 | CC29: 4130 | CD29: 4231 | CE29: 3594 | CF29: 3340 | CG29: 3901 | CH29: 3661 | CI29: 4041 | CJ29: 4434 | CK29: 4167 | CL29: 3963 | CM29: 4999 | CN29: 4168 | CO29: 4613 | CP29: 4389 | CQ29: 4186 | CR29: 4085 | CS29: 4841 | CT29: 4526 | CU29: 5248 | CV29: 4511 | CW29: 4738 | CX29: 4863 | CY29: =3152+1967 -> 5119 | CZ29: 4710 | DA29: 6029 | DB29: 5658 | DC29: 4515 | DD29: 3689 | DE29: 4149 | DF29: 4585 | DG29: 4749 | DH29: 4079 | DI29: 3683 | DJ29: 4586 | DK29: 5191 | DL29: 5258 | DM29: 5764 | DN29: =FU29-FV29 -> 5012 | DO29: =FT29-FU29 -> 3851 | DP29: =FS29-FT29 -> 4984 | DQ29: =FR29-FS29 -> 5273 | DR29: =FQ29-FR29 -> 5226 | DS29: =FP29-FQ29 -> 5426 | DT29: =FO29-FP29 -> 4534 | DU29: =FN29-FO29 -> 4588 | DV29: =FM29-FN29 -> 5541 | DW29: =FL29-FM29 -> 6129 | DX29: =FK29-FL29 -> 6584 | DY29: =FJ29-FK29 -> 6928 | DZ29: =FI29-FJ29 -> 6417 | EA29: =FH29-FI29 -> 6683 | EB29: =FG29-FH29 -> 7010 | EC29: =FF29-FG29 -> 7188 | ED29: =FE29-FF29 -> 8108 | EE29: 7616 | EF29: 6090 | EG29: 6469 | EH29: 6335 | EI29: 7888 | EJ29: 8110 | EK29: 7805 | EL29: 7439 | EM29: 6001 | EN29: 7334 | EO29: 6925 | EP29: 7681 | EQ29: 7297 | ER29: 6932 | ES29: 6688 | ET29: 7037 | EU29: 7955 | EV29: 7548 | EW29: 7397 | EX29: 7247 | EY29: 5707 | EZ29: 5730 | FA29: 7610 | FB29: 7190 | FC29: Starbuck Coffee | FE29: 169319 | FF29: 161211 | FG29: 154023 | FH29: 147013 | FI29: 140330 | FJ29: 133913 | FK29: 126985 | FL29: 120401 | FM29: 114272 | FN29: 108731 | FO29: 104143 | FP29: 99609 | FQ29: 94183 | FR29: 88957 | FS29: 83684 | FT29: 78700 | FU29: 74849 | FV29: 69837
B30: 7631016 | C30: 3627139 | D30: CSL Moblie Tel | Z30: 3143 | AA30: 3010 | AB30: 3409 | AC30: 3160 | AD30: 3852 | AE30: 4413 | AF30: 3888 | AG30: 3931 | AH30: 3573 | AI30: 3365 | AJ30: 3734 | AK30: 3550 | AL30: 3745 | AM30: 4005 | AN30: 4248 | AO30: 3934 | AP30: 4194 | AQ30: 3797 | AR30: 3329 | AS30: 4016 | AT30: 3572 | AU30: 3182 | AV30: 3863 | AW30: 3651 | AX30: 3209 | AY30: 3802 | AZ30: 3812 | BA30: 3338 | BB30: 4005 | BC30: 3740 | BD30: 3789 | BE30: 3511 | BF30: 3450 | BG30: 3647 | BH30: 3375 | BI30: 3502 | BJ30: 3917 | BK30: 3978 | BL30: 3733 | BM30: 3977 | BN30: 3956 | BO30: 3703 | BP30: 3928 | BQ30: 3687 | BR30: 3290 | BS30: 3830 | BT30: 3433 | BU30: 2377 | BV30: 3083 | BW30: 2732 | BX30: 2761 | BY30: 3151 | BZ30: 3115 | CA30: 3153 | CB30: 3033 | CC30: 2879 | CD30: 2744 | CE30: 2722 | CF30: 2468 | CG30: 2957 | CH30: 2852 | CI30: 3281 | CJ30: 3567 | CK30: 3391 | CL30: 3213 | CM30: 3651 | CN30: 3216 | CO30: 3172 | CP30: 2782 | CQ30: 2723 | CR30: 2699 | CS30: 2982 | CT30: 2911 | CU30: 3141 | CV30: 2802 | CW30: 3040 | CX30: 3071 | CY30: =1883+1187 -> 3070 | CZ30: 2721 | DA30: 2899 | DB30: 2486 | DC30: 2265 | DD30: 2254 | DE30: 2316 | DF30: 2322 | DG30: 2483 | DH30: 2597 | DI30: 2441 | DJ30: 2692 | DK30: 2586 | DL30: 2455 | DM30: 2720 | DN30: =FU30-FV30 -> 2522 | DO30: =FT30-FU30 -> 2557 | DP30: =FS30-FT30 -> 2283 | DQ30: =FR30-FS30 -> 2934 | DR30: =FQ30-FR30 -> 2877 | DS30: =FP30-FQ30 -> 3240 | DT30: =FO30-FP30 -> 3047 | DU30: =FN30-FO30 -> 3032 | DV30: =FM30-FN30 -> 3452 | DW30: =FL30-FM30 -> 3067 | DX30: =FK30-FL30 -> 3094 | DY30: =FJ30-FK30 -> 3088 | DZ30: =FI30-FJ30 -> 2887 | EA30: =FH30-FI30 -> 3149 | EB30: =FG30-FH30 -> 2937 | EC30: =FF30-FG30 -> 2800 | ED30: =FE30-FF30 -> 3054 | EE30: 2741 | EF30: 2675 | EG30: 2949 | EH30: 2872 | EI30: 2886 | EJ30: 2848 | EK30: 2850 | EL30: 2934 | EM30: 2631 | EN30: 3001 | EO30: 2657 | EP30: 3117 | EQ30: 2870 | ER30: 2956 | ES30: 2895 | ET30: 2904 | EU30: 3128 | EV30: 5392 | EW30: 2817 | EX30: 3060 | EY30: 2945 | EZ30: 2609 | FA30: 3110 | FB30: 3050 | FC30: CSL Moblie Tel | FE30: 87152 | FF30: 84098 | FG30: 81298 | FH30: 78361 | FI30: 75212 | FJ30: 72325 | FK30: 69237 | FL30: 66143 | FM30: 63076 | FN30: 59624 | FO30: 56592 | FP30: 53545 | FQ30: 50305 | FR30: 47428 | FS30: 44494 | FT30: 42211 | FU30: 39654 | FV30: 37132
B31: 7631013 | C31: 3635632 | D31: China Moblie | AK31: 565 | AL31: 1796 | AM31: 1871 | AN31: 2309 | AO31: 2128 | AP31: 2486 | AQ31: 2328 | AR31: 2115 | AS31: 2510 | AT31: 2735 | AU31: 2525 | AV31: 3130 | AW31: 3054 | AX31: 2696 | AY31: 3019 | AZ31: 2845 | BA31: 2587 | BB31: 3185 | BC31: 2992 | BD31: 2982 | BE31: 2729 | BF31: 2685 | BG31: 2829 | BH31: 2604 | BI31: 2690 | BJ31: 3321 | BK31: 3267 | BL31: 3129 | BM31: 3407 | BN31: 3431 | BO31: 3277 | BP31: 3604 | BQ31: 3565 | BR31: 3173 | BS31: 3696 | BT31: 3312 | BU31: 3391 | BV31: 3679 | BW31: 3483 | BX31: 3320 | BY31: 3696 | BZ31: 3604 | CA31: 3671 | CB31: 3539 | CC31: 3499 | CD31: 3563 | CE31: 3511 | CF31: 3126 | CG31: 3500 | CH31: 3294 | CI31: 3351 | CJ31: 3560 | CK31: 3385 | CL31: 3248 | CM31: 3743 | CN31: 3359 | CO31: 3549 | CP31: 3408 | CQ31: 3415 | CR31: 3183 | CS31: 3662 | CT31: 3462 | CU31: 3763 | CV31: 3352 | CW31: 3599 | CX31: 3597 | CY31: =2200+1431 -> 3631 | CZ31: 3222 | DA31: 3618 | DB31: 3269 | DC31: 3085 | DD31: 3279 | DE31: 3189 | DF31: 3165 | DG31: 3556 | DH31: 5699 | DI31: 5172 | DJ31: 5805 | DK31: 5627 | DL31: 5378 | DM31: 5955 | DN31: =FU31-FV31 -> 2660 | DO31: =FT31-FU31 -> 8578 | DP31: =FS31-FT31 -> 5472 | DQ31: =FR31-FS31 -> 5762 | DR31: =FQ31-FR31 -> 5621 | DS31: =FP31-FQ31 -> 6144 | DT31: =FO31-FP31 -> 5988 | DU31: =FN31-FO31 -> 5510 | DV31: =FM31-FN31 -> 6511 | DW31: =FL31-FM31 -> 6106 | DX31: =FK31-FL31 -> 6266 | DY31: =FJ31-FK31 -> 6332 | DZ31: =FI31-FJ31 -> 5768 | EA31: =FH31-FI31 -> 6286 | EB31: =FG31-FH31 -> 6023 | EC31: =FF31-FG31 -> 5728 | ED31: =FE31-FF31 -> 6759 | EE31: 5831 | EF31: 6188 | EG31: 6375 | EH31: 6119 | EI31: 6349 | EJ31: 6158 | EK31: 6113 | EL31: 6030 | EM31: 5468 | EN31: 6042 | EO31: 5576 | EP31: 6526 | EQ31: 5998 | ER31: 6520 | ES31: 5911 | ET31: 5867 | EU31: 6576 | EV31: 6181 | EW31: 6077 | EX31: 6627 | EY31: 6337 | EZ31: 5967 | FA31: 6861 | FB31: 6793 | FC31: China Moblie | FE31: 163775 | FF31: 157016 | FG31: 151288 | FH31: 145265 | FI31: 138979 | FJ31: 133211 | FK31: 126879 | FL31: 120613 | FM31: 114507 | FN31: 107996 | FO31: 102486 | FP31: 96498 | FQ31: 90354 | FR31: 84733 | FS31: 78971 | FT31: 73499 | FU31: 64921 | FV31: 62261
B32: 7631009 | C32: 3636372 | D32: CHINA MOBILE HONG KONG COMPANY LIMI | AL32: 2088 | AM32: 3298 | AN32: 3258 | AO32: 3632 | AP32: 4627 | AQ32: 4447 | AR32: 4021 | AS32: 4430 | AT32: 3969 | AU32: 3618 | AV32: 4417 | AW32: 3420 | AX32: 2693 | AY32: 3030 | AZ32: 3174 | BA32: 2915 | BB32: 3450 | BC32: 3153 | BD32: 3215 | BE32: 3160 | BF32: 2893 | BG32: 3158 | BH32: 2841 | BI32: 2870 | BJ32: 3191 | BK32: 3068 | BL32: 2941 | BM32: 3157 | BN32: 3194 | BO32: 2984 | BP32: 3311 | BQ32: 3263 | BR32: 2927 | BS32: 3423 | BT32: 3049 | BU32: 3080 | BV32: 3407 | BW32: 3180 | BX32: 3129 | BY32: 3464 | BZ32: 3369 | CA32: 3399 | CB32: 3222 | CC32: 3230 | CD32: 3261 | CE32: 3287 | CF32: 3122 | CG32: 3343 | CH32: 3218 | CI32: 3234 | CJ32: 3436 | CK32: 3268 | CL32: 3162 | CM32: 3582 | CN32: 3149 | CO32: 3286 | CP32: 3312 | CQ32: 3305 | CR32: 3120 | CS32: 3601 | CT32: 3399 | CU32: 3622 | CV32: 3322 | CW32: 3494 | CX32: 3461 | CY32: =2125+1360 -> 3485 | CZ32: 3111 | DA32: 3436 | DB32: 3188 | DC32: 3102 | DD32: 3362 | DE32: 3257 | DF32: 3242 | DG32: 3362 | DH32: 3347 | DI32: 3201 | DJ32: 3391 | DK32: 3394 | DL32: 3066 | DM32: 3502 | DN32: =FU32-FV32 -> 3329 | DO32: =FT32-FU32 -> 3266 | DP32: =FS32-FT32 -> 3124 | DQ32: =FR32-FS32 -> 3277 | DR32: =FQ32-FR32 -> 3087 | DS32: =FP32-FQ32 -> 3469 | DT32: =FO32-FP32 -> 9211 | DU32: =FN32-FO32 -> 637 | DV32: =FM32-FN32 -> 0 | DW32: =FL32-FM32 -> 3260 | DX32: =FK32-FL32 -> 3351 | DY32: =FJ32-FK32 -> 3396 | DZ32: =FI32-FJ32 -> 3104 | EA32: =FH32-FI32 -> 3488 | EB32: =FG32-FH32 -> 3223 | EC32: =FF32-FG32 -> 3033 | ED32: =FE32-FF32 -> 3610 | EE32: 3259 | EF32: 3142 | EG32: 3477 | EH32: 3396 | EI32: 3418 | EJ32: 3474 | EK32: 6333 | EL32: 6427 | EM32: 6006 | EN32: 6556 | EO32: 6040 | EP32: 7032 | EQ32: 6388 | ER32: 6520 | ES32: 6331 | ET32: 6313 | EU32: 6819 | EV32: 6380 | EW32: 6023 | EX32: 6802 | EY32: 6547 | EZ32: 6003 | FA32: 6851 | FB32: 7086 | FC32: CHINA MOBILE HONG KONG COMPANY LIMI | FE32: 103963 | FF32: 100353 | FG32: 97320 | FH32: 94097 | FI32: 90609 | FJ32: 87505 | FK32: 84109 | FL32: 80758 | FM32: 77498 | FN32: 77498 | FO32: 76861 | FP32: 67650 | FQ32: 64181 | FR32: 61094 | FS32: 57817 | FT32: 54693 | FU32: 51427 | FV32: 48098
B33: 7631008 | C33: 3637425 | D33: PCCW-HKT TELEPHONE LIMITED | AM33: 26 | AN33: 21 | AO33: 13 | AP33: 2046 | AQ33: 3257 | AR33: 2943 | AS33: 3420 | AT33: 3093 | AU33: 2777 | AV33: 3372 | AW33: 3202 | AX33: 2897 | AY33: 2704 | AZ33: 5661 | BA33: 5636 | BB33: 6303 | BC33: 5963 | BD33: 6094 | BE33: 6014 | BF33: 5582 | BG33: 6213 | BH33: 5572 | BI33: 5666 | BJ33: 6331 | BK33: 6154 | BL33: 5709 | BM33: 6145 | BN33: 6246 | BO33: 5763 | BP33: 6304 | BQ33: 5915 | BR33: 5293 | BS33: 6193 | BT33: 5523 | BU33: 5385 | BV33: 6019 | BW33: 5597 | BX33: 5425 | BY33: 6035 | BZ33: 5738 | CA33: 5835 | CB33: 5583 | CC33: 5558 | CD33: 5636 | CE33: 5663 | CF33: 5329 | CG33: 5733 | CH33: 5543 | CI33: 5674 | CJ33: 5936 | CK33: 5751 | CL33: 5536 | CM33: 6129 | CN33: 5293 | CO33: 5421 | CP33: 5248 | CQ33: 5258 | CR33: 4963 | CS33: 5164 | CT33: 4793 | CU33: 5132 | CV33: 4781 | CW33: 4878 | CX33: 5018 | CY33: =2912+1947 -> 4859 | CZ33: 4773 | DA33: 4980 | DB33: 4568 | DC33: 4442 | DD33: 4774 | DE33: 4647 | DF33: 4677 | DG33: 4799 | DH33: 4829 | DI33: 4337 | DJ33: 5198 | DK33: 4912 | DL33: 4399 | DM33: 4921 | DN33: =FU33-FV33 -> 4660 | DO33: =FT33-FU33 -> 4610 | DP33: =FS33-FT33 -> 4371 | DQ33: =FR33-FS33 -> 4554 | DR33: =FQ33-FR33 -> 4381 | DS33: =FP33-FQ33 -> 4855 | DT33: =FO33-FP33 -> 4735 | DU33: =FN33-FO33 -> 4592 | DV33: =FM33-FN33 -> 5241 | DW33: =FL33-FM33 -> 4740 | DX33: =FK33-FL33 -> 4825 | DY33: =FJ33-FK33 -> 4814 | DZ33: =FI33-FJ33 -> 4409 | EA33: =FH33-FI33 -> 4815 | EB33: =FG33-FH33 -> 4508 | EC33: =FF33-FG33 -> 4176 | ED33: =FE33-FF33 -> 4817 | EE33: 4466 | EF33: 4339 | EG33: 4766 | EH33: 4796 | EI33: 4805 | EJ33: 4588 | EK33: 4604 | EL33: 4642 | EM33: 4168 | EN33: 4748 | EO33: 4251 | EP33: 4996 | EQ33: 4631 | ER33: 4773 | ES33: 4630 | ET33: 4520 | EU33: 4849 | EV33: 4455 | EW33: 4214 | EX33: 4658 | EY33: 4448 | EZ33: 3933 | FA33: 4693 | FB33: 4670 | FC33: PCCW-HKT TELEPHONE LIMITED | FE33: 148283 | FF33: 143466 | FG33: 139290 | FH33: 134782 | FI33: 129967 | FJ33: 125558 | FK33: 120744 | FL33: 115919 | FM33: 111179 | FN33: 105938 | FO33: 101346 | FP33: 96611 | FQ33: 91756 | FR33: 87375 | FS33: 82821 | FT33: 78450 | FU33: 73840 | FV33: 69180
B34: 7633635 | C34: 5643250 | D34: HONG KONG CABLE TELEVISION LIMITED | E34: 161 | F34: 157 | G34: 157 | H34: 152 | I34: 78 | J34: 228 | K34: 155 | L34: 145 | M34: 141 | N34: 166 | O34: 152 | P34: 158 | Q34: 160 | R34: 151 | S34: 164 | T34: 153 | U34: 148 | V34: 162 | W34: 158 | X34: 143 | Y34: 159 | Z34: 159 | AA34: 149 | AB34: 166 | AC34: 154 | AD34: 150 | AE34: 170 | AF34: 154 | AG34: 160 | AH34: 153 | AI34: 153 | AJ34: 156 | AK34: 152 | AL34: 153 | AM34: 157 | AN34: 157 | AO34: 147 | AP34: 162 | AQ34: 156 | AR34: 140 | AS34: 164 | AT34: 147 | AU34: 131 | AV34: 159 | AW34: 150 | AX34: 136 | AY34: 150 | AZ34: 155 | BA34: 137 | BB34: 159 | BC34: 145 | BD34: 148 | BE34: 149 | BF34: 139 | BG34: 154 | BH34: 139 | BI34: 139 | BJ34: 154 | BK34: 149 | BL34: 140 | BM34: 152 | BN34: 152 | BO34: 141 | BP34: 154 | BQ34: 149 | BR34: 133 | BS34: 158 | BT34: 140 | BU34: 135 | BV34: 150 | BW34: 142 | BX34: 139 | BY34: 155 | BZ34: 150 | CA34: 148 | CB34: 143 | CC34: 140 | CD34: 146 | CE34: 146 | CF34: 136 | CG34: 147 | CH34: 143 | CI34: 147 | CJ34: 156 | CK34: 143 | CL34: 139 | CM34: 159 | CN34: 139 | CO34: 164 | CP34: 119 | CQ34: 139 | CR34: 129 | CS34: 150 | CT34: 140 | CU34: 152 | CV34: 137 | CW34: 63 | CX34: 164 | CY34: 146 | CZ34: 137 | DA34: 151 | DB34: 140 | DC34: 136 | DD34: 146 | DE34: 141 | DF34: 142 | DG34: 147 | DH34: 147 | DI34: 138 | DJ34: 152 | DK34: 148 | DL34: 133 | DM34: 157 | DN34: =FU34-FV34 -> 141 | DO34: =FT34-FU34 -> 148 | DP34: =FS34-FT34 -> 138 | DQ34: =FR34-FS34 -> 144 | DR34: =FQ34-FR34 -> 137 | DS34: =FP34-FQ34 -> 157 | DT34: =FO34-FP34 -> 152 | DU34: =FN34-FO34 -> 137 | DV34: =FM34-FN34 -> 161 | DW34: =FL34-FM34 -> 146 | DX34: =FK34-FL34 -> 148 | DY34: =FJ34-FK34 -> 150 | DZ34: =FI34-FJ34 -> 139 | EA34: =FH34-FI34 -> 154 | EB34: =FG34-FH34 -> 144 | EC34: =FF34-FG34 -> 134 | ED34: =FE34-FF34 -> 159 | EE34: 144 | EF34: 140 | EG34: 157 | EH34: 151 | EI34: 150 | EJ34: 144 | EK34: 144 | EL34: 148 | EM34: 139 | EN34: 148 | EO34: 134 | EP34: 159 | EQ34: 143 | ER34: 149 | ES34: 145 | ET34: 144 | EU34: 153 | EV34: 144 | EW34: 140 | EX34: 153 | EY34: 148 | EZ34: 133 | FA34: 147 | FB34: 148 | FC34: HONG KONG CABLE TELEVISION LIMITED | FE34: 4887 | FF34: 4728 | FG34: 4594 | FH34: 4450 | FI34: 4296 | FJ34: 4157 | FK34: 4007 | FL34: 3859 | FM34: 3713 | FN34: 3552 | FO34: 3415 | FP34: 3263 | FQ34: 3106 | FR34: 2969 | FS34: 2825 | FT34: 2687 | FU34: 2539 | FV34: 2398
B35: 7633631 | C35: 5643251 | D35: HONG KONG CABLE TELEVISION LIMITED | E35: 143 | F35: 139 | G35: 140 | H35: 134 | I35: 133 | J35: 137 | K35: 136 | L35: 127 | M35: 123 | N35: 147 | O35: 133 | P35: 140 | Q35: 138 | R35: 130 | S35: 143 | T35: 134 | U35: 129 | V35: 141 | W35: 136 | X35: 123 | Y35: 138 | Z35: 140 | AA35: 130 | AB35: 145 | AC35: 134 | AD35: 131 | AE35: 149 | AF35: 134 | AG35: 138 | AH35: 132 | AI35: 132 | AJ35: 135 | AK35: 132 | AL35: 133 | AM35: 141 | AN35: 139 | AO35: 129 | AP35: 144 | AQ35: 141 | AR35: 125 | AS35: 150 | AT35: 135 | AU35: 121 | AV35: 148 | AW35: 138 | AX35: 127 | AY35: 140 | AZ35: 147 | BA35: 127 | BB35: 151 | BC35: 137 | BD35: 140 | BE35: 141 | BF35: 132 | BG35: 146 | BH35: 133 | BI35: 134 | BJ35: 149 | BK35: 144 | BL35: 134 | BM35: 148 | BN35: 151 | BO35: 141 | BP35: 154 | BQ35: 151 | BR35: 134 | BS35: 159 | BT35: 140 | BU35: 139 | BV35: 156 | BW35: 146 | BX35: 140 | BY35: 153 | BZ35: 145 | CA35: 145 | CB35: 141 | CC35: 140 | CD35: 145 | CE35: 147 | CF35: 136 | CG35: 147 | CH35: 142 | CI35: 142 | CJ35: 152 | CK35: 141 | CL35: 138 | CM35: 156 | CN35: 141 | CO35: 145 | CP35: 146 | CQ35: 148 | CR35: 137 | CS35: 159 | CT35: 149 | CU35: 159 | CV35: 144 | CW35: 70 | CX35: 88 | CY35: 153 | CZ35: 145 | DA35: 158 | DB35: 148 | DC35: 143 | DD35: 152 | DE35: 146 | DF35: 149 | DG35: 153 | DH35: 153 | DI35: 144 | DJ35: 158 | DK35: 154 | DL35: 139 | DM35: 162 | DN35: =FU35-FV35 -> 147 | DO35: =FT35-FU35 -> 152 | DP35: =FS35-FT35 -> 141 | DQ35: =FR35-FS35 -> 148 | DR35: =FQ35-FR35 -> 142 | DS35: =FP35-FQ35 -> 158 | DT35: =FO35-FP35 -> 154 | DU35: =FN35-FO35 -> 140 | DV35: =FM35-FN35 -> 163 | DW35: =FL35-FM35 -> 149 | DX35: =FK35-FL35 -> 153 | DY35: =FJ35-FK35 -> 153 | DZ35: =FI35-FJ35 -> 142 | EA35: =FH35-FI35 -> 157 | EB35: =FG35-FH35 -> 147 | EC35: =FF35-FG35 -> 137 | ED35: =FE35-FF35 -> 163 | EE35: 148 | EF35: 144 | EG35: 159 | EH35: 153 | EI35: 154 | EJ35: 149 | EK35: 148 | EL35: 153 | EM35: 142 | EN35: 152 | EO35: 139 | EP35: 162 | EQ35: 149 | ER35: 154 | ES35: 149 | ET35: 148 | EU35: 159 | EV35: 149 | EW35: 143 | EX35: 157 | EY35: 152 | EZ35: 138 | FA35: 151 | FB35: 153 | FC35: HONG KONG CABLE TELEVISION LIMITED | FE35: 5045 | FF35: 4882 | FG35: 4745 | FH35: 4598 | FI35: 4441 | FJ35: 4299 | FK35: 4146 | FL35: 3993 | FM35: 3844 | FN35: 3681 | FO35: 3541 | FP35: 3387 | FQ35: 3229 | FR35: 3087 | FS35: 2939 | FT35: 2798 | FU35: 2646 | FV35: 2499
B36: 7633632 | C36: 5643253 | D36: HONG KONG CABLE TELEVISION LIMITED | E36: 220 | F36: 216 | G36: 216 | H36: 209 | I36: 211 | J36: 216 | K36: 213 | L36: 193 | M36: 146 | N36: 171 | O36: 158 | P36: 163 | Q36: 164 | R36: 153 | S36: 167 | T36: 153 | U36: 162 | V36: 176 | W36: 171 | X36: 156 | Y36: 172 | Z36: 173 | AA36: 162 | AB36: 180 | AC36: 167 | AD36: 163 | AE36: 185 | AF36: 167 | AG36: 173 | AH36: 166 | AI36: 167 | AJ36: 171 | AK36: 166 | AL36: 167 | AM36: 174 | AN36: 173 | AO36: 163 | AP36: 179 | AQ36: 174 | AR36: 158 | AS36: 185 | AT36: 168 | AU36: 151 | AV36: 184 | AW36: 173 | AX36: 157 | AY36: 175 | AZ36: 182 | BA36: 159 | BB36: 188 | BC36: 172 | BD36: 175 | BE36: 176 | BF36: 164 | BG36: 182 | BH36: 165 | BI36: 160 | BJ36: 176 | BK36: 171 | BL36: 160 | BM36: 169 | BN36: 168 | BO36: 157 | BP36: 175 | BQ36: 169 | BR36: 153 | BS36: 178 | BT36: 157 | BU36: 157 | BV36: 176 | BW36: 166 | BX36: 159 | BY36: 178 | BZ36: 168 | CA36: 169 | CB36: 164 | CC36: 162 | CD36: 169 | CE36: 168 | CF36: 160 | CG36: 176 | CH36: 167 | CI36: 175 | CJ36: 192 | CK36: 174 | CL36: 176 | CM36: 202 | CN36: 184 | CO36: 192 | CP36: 176 | CQ36: 168 | CR36: 157 | CS36: 185 | CT36: 182 | CU36: 205 | CV36: 190 | CW36: 85 | CX36: 91 | CY36: 146 | CZ36: 137 | DA36: 179 | DB36: 167 | DC36: 162 | DD36: 172 | DE36: 167 | DF36: 167 | DG36: 172 | DH36: 173 | DI36: 162 | DJ36: 177 | DK36: 173 | DL36: 156 | DM36: 185 | DN36: =FU36-FV36 -> 166 | DO36: =FT36-FU36 -> 172 | DP36: =FS36-FT36 -> 171 | DQ36: =FR36-FS36 -> 158 | DR36: =FQ36-FR36 -> 161 | DS36: =FP36-FQ36 -> 179 | DT36: =FO36-FP36 -> 173 | DU36: =FN36-FO36 -> 158 | DV36: =FM36-FN36 -> 185 | DW36: =FL36-FM36 -> 167 | DX36: =FK36-FL36 -> 172 | DY36: =FJ36-FK36 -> 172 | DZ36: =FI36-FJ36 -> 161 | EA36: =FH36-FI36 -> 177 | EB36: =FG36-FH36 -> 166 | EC36: =FF36-FG36 -> 155 | ED36: =FE36-FF36 -> 183 | EE36: 167 | EF36: 161 | EG36: 179 | EH36: 172 | EI36: 289 | EJ36: 167 | EK36: 167 | EL36: 172 | EM36: 161 | EN36: 153 | EO36: 134 | EP36: 158 | EQ36: 143 | ER36: 149 | ES36: 144 | ET36: 144 | EU36: 154 | EV36: 144 | EW36: 138 | EX36: 153 | EY36: 148 | EZ36: 134 | FA36: 148 | FB36: 148 | FC36: HONG KONG CABLE TELEVISION LIMITED | FE36: 5699 | FF36: 5516 | FG36: 5361 | FH36: 5195 | FI36: 5018 | FJ36: 4857 | FK36: 4685 | FL36: 4513 | FM36: 4346 | FN36: 4161 | FO36: 4003 | FP36: 3830 | FQ36: 3651 | FR36: 3490 | FS36: 3332 | FT36: 3161 | FU36: 2989 | FV36: 2823
B37: 7634226 | C37: 5643329 | D37: HONG KONG CABLE TELEVISION LIMITED | E37: 287 | F37: 295 | G37: 302 | H37: 293 | I37: 291 | J37: 299 | K37: 297 | L37: 279 | M37: 270 | N37: 320 | O37: 292 | P37: 302 | Q37: 299 | R37: 282 | S37: 313 | T37: 292 | U37: 282 | V37: 308 | W37: 298 | X37: 271 | Y37: 299 | Z37: 302 | AA37: 283 | AB37: 313 | AC37: 293 | AD37: 282 | AE37: 323 | AF37: 292 | AG37: 302 | AH37: 289 | AI37: 288 | AJ37: 297 | AK37: 287 | AL37: 290 | AM37: 301 | AN37: 300 | AO37: 280 | AP37: 309 | AQ37: 299 | AR37: 269 | AS37: 316 | AT37: 286 | AU37: 257 | AV37: 312 | AW37: 293 | AX37: 267 | AY37: 296 | AZ37: 302 | BA37: 267 | BB37: 316 | BC37: 287 | BD37: 296 | BE37: 294 | BF37: 274 | BG37: 301 | BH37: 272 | BI37: 274 | BJ37: 303 | BK37: 295 | BL37: 276 | BM37: 295 | BN37: 296 | BO37: 276 | BP37: 304 | BQ37: 293 | BR37: 263 | BS37: 311 | BT37: 274 | BU37: 274 | BV37: 303 | BW37: 283 | BX37: 276 | BY37: 305 | BZ37: 297 | CA37: 297 | CB37: 284 | CC37: 285 | CD37: 294 | CE37: 293 | CF37: 275 | CG37: 293 | CH37: 283 | CI37: 285 | CJ37: 304 | CK37: 286 | CL37: 275 | CM37: 311 | CN37: 281 | CO37: 290 | CP37: 279 | CQ37: 282 | CR37: 266 | CS37: 306 | CT37: 283 | CU37: 306 | CV37: 276 | CW37: 297 | CX37: 300 | CY37: =214+77 -> 291 | CZ37: 270 | DA37: 297 | DB37: 278 | DC37: 268 | DD37: 287 | DE37: 278 | DF37: 279 | DG37: 290 | DH37: 291 | DI37: 269 | DJ37: 298 | DK37: 289 | DL37: 260 | DM37: 306 | DN37: =FU37-FV37 -> 278 | DO37: =FT37-FU37 -> 287 | DP37: =FS37-FT37 -> 269 | DQ37: =FR37-FS37 -> 278 | DR37: =FQ37-FR37 -> 269 | DS37: =FP37-FQ37 -> 296 | DT37: =FO37-FP37 -> 288 | DU37: =FN37-FO37 -> 261 | DV37: =FM37-FN37 -> 307 | DW37: =FL37-FM37 -> 279 | DX37: =FK37-FL37 -> 289 | DY37: =FJ37-FK37 -> 288 | DZ37: =FI37-FJ37 -> 269 | EA37: =FH37-FI37 -> 296 | EB37: =FG37-FH37 -> 278 | EC37: =FF37-FG37 -> 260 | ED37: =FE37-FF37 -> 306 | EE37: 279 | EF37: 270 | EG37: 299 | EH37: 288 | EI37: 289 | EJ37: 280 | EK37: 278 | EL37: 286 | EM37: 267 | EN37: 287 | EO37: 260 | EP37: 305 | EQ37: 278 | ER37: 288 | ES37: 279 | ET37: 279 | EU37: 298 | EV37: 278 | EW37: 270 | EX37: 296 | EY37: 287 | EZ37: 259 | FA37: 285 | FB37: 288 | FC37: HONG KONG CABLE TELEVISION LIMITED | FE37: 8976 | FF37: 8670 | FG37: 8410 | FH37: 8132 | FI37: 7836 | FJ37: 7567 | FK37: 7279 | FL37: 6990 | FM37: 6711 | FN37: 6404 | FO37: 6143 | FP37: 5855 | FQ37: 5559 | FR37: 5290 | FS37: 5012 | FT37: 4743 | FU37: 4456 | FV37: 4178
B38: 7634228 | C38: 5643333 | D38: HONG KONG CABLE TELEVISION LIMITED | E38: 275 | F38: 268 | G38: 267 | H38: 259 | I38: 258 | J38: 265 | K38: 248 | L38: 221 | M38: 223 | N38: 295 | O38: 268 | P38: 279 | Q38: 280 | R38: 261 | S38: 288 | T38: 269 | U38: 259 | V38: 283 | W38: 274 | X38: 249 | Y38: 275 | Z38: 276 | AA38: 260 | AB38: 287 | AC38: 270 | AD38: 260 | AE38: 296 | AF38: 268 | AG38: 278 | AH38: 265 | AI38: 265 | AJ38: 274 | AK38: 265 | AL38: 267 | AM38: 277 | AN38: 278 | AO38: 261 | AP38: 289 | AQ38: 276 | AR38: 251 | AS38: 294 | AT38: 267 | AU38: 239 | AV38: 293 | AW38: 274 | AX38: 251 | AY38: 278 | AZ38: 286 | BA38: 251 | BB38: 296 | BC38: 269 | BD38: 277 | BE38: 277 | BF38: 258 | BG38: 283 | BH38: 257 | BI38: 257 | BJ38: 286 | BK38: 269 | BL38: 267 | BM38: 281 | BN38: 258 | BO38: 238 | BP38: 261 | BQ38: 253 | BR38: 244 | BS38: 291 | BT38: 257 | BU38: 255 | BV38: 283 | BW38: 265 | BX38: 255 | BY38: 284 | BZ38: 275 | CA38: 276 | CB38: 265 | CC38: 265 | CD38: 273 | CE38: 273 | CF38: 254 | CG38: 273 | CH38: 266 | CI38: 267 | CJ38: 284 | CK38: 269 | CL38: 255 | CM38: 290 | CN38: 266 | CO38: 278 | CP38: 271 | CQ38: 271 | CR38: 254 | CS38: 293 | CT38: 273 | CU38: 293 | CV38: 266 | CW38: 284 | CX38: 285 | CY38: =272+73 -> 345 | CZ38: 210 | DA38: 299 | DB38: 279 | DC38: 3 | DD38: 257 | DE38: 249 | DF38: 249 | DG38: 257 | DH38: 259 | DI38: 242 | DJ38: 266 | DK38: 257 | DL38: 231 | DM38: 270 | DN38: =FU38-FV38 -> 243 | DO38: =FT38-FU38 -> 251 | DP38: =FS38-FT38 -> 234 | DQ38: =FR38-FS38 -> 243 | DR38: =FQ38-FR38 -> 234 | DS38: =FP38-FQ38 -> 260 | DT38: =FO38-FP38 -> 255 | DU38: =FN38-FO38 -> 233 | DV38: =FM38-FN38 -> 273 | DW38: =FL38-FM38 -> 248 | DX38: =FK38-FL38 -> 257 | DY38: =FJ38-FK38 -> 256 | DZ38: =FI38-FJ38 -> 240 | EA38: =FH38-FI38 -> 267 | EB38: =FG38-FH38 -> 253 | EC38: =FF38-FG38 -> 237 | ED38: =FE38-FF38 -> 278 | EE38: 254 | EF38: 245 | EG38: 273 | EH38: 264 | EI38: 265 | EJ38: 255 | EK38: 255 | EL38: 262 | EM38: 247 | EN38: 263 | EO38: 239 | EP38: 278 | EQ38: 254 | ER38: 262 | ES38: 253 | ET38: 254 | EU38: 271 | EV38: 253 | EW38: 245 | EX38: 261 | EY38: 236 | EZ38: 217 | FA38: 256 | FB38: 259 | FC38: HONG KONG CABLE TELEVISION LIMITED | FE38: 8123 | FF38: 7845 | FG38: 7608 | FH38: 7355 | FI38: 7088 | FJ38: 6848 | FK38: 6592 | FL38: 6335 | FM38: 6087 | FN38: 5814 | FO38: 5581 | FP38: 5326 | FQ38: 5066 | FR38: 4832 | FS38: 4589 | FT38: 4355 | FU38: 4104 | FV38: 3861
B39: 5643334 | D39: HONG KONG CABLE TELEVISION LIMITED | E39: 128 | F39: 122 | G39: 124 | H39: 119 | I39: 119 | J39: 123 | K39: 121 | L39: 114 | M39: 110 | N39: 129 | O39: 117 | P39: 122 | Q39: 122 | R39: 114 | S39: 126 | T39: 118 | U39: 115 | V39: 125 | W39: 121 | X39: 110 | Y39: 121 | Z39: 121 | AA39: 115 | AB39: 126 | AC39: 118 | AD39: 115 | AE39: 131 | AF39: 118 | AG39: 123 | AH39: 118 | AI39: 119 | AJ39: 121 | AK39: 119 | AL39: 117 | AM39: 123 | AN39: 122 | AO39: 115 | AP39: 128 | AQ39: 124 | AR39: 111 | AS39: 131 | AT39: 119 | AU39: 107 | AV39: 131 | AW39: 123 | AX39: 111 | AY39: 124 | AZ39: 127 | BA39: 112 | BB39: 131 | BC39: 119 | BD39: 124 | BE39: 123 | BF39: 115 | BG39: 126 | BH39: 114 | BI39: 116 | BJ39: 127 | BK39: 124 | BL39: 115 | BM39: 123 | BN39: 123 | BO39: 116 | BP39: 127 | BQ39: 123 | BR39: 111 | BS39: 129 | BT39: 114 | BU39: 115 | BV39: 126 | BW39: 119 | BX39: 115 | BY39: 126 | BZ39: 123 | CA39: 122 | CB39: 118 | CC39: 118 | CD39: 122 | CE39: 121 | CF39: 114 | CG39: 122 | CH39: 117 | CI39: 121 | CJ39: 133 | CK39: 123 | CL39: 116 | CM39: 135 | CN39: 121 | CO39: 124 | CP39: 119 | CQ39: 119 | CR39: 109 | CS39: 126 | CT39: 121 | CU39: 129 | CV39: 116 | CW39: 124 | CX39: 124 | CY39: 125 | CZ39: 46 | DA39: 0 | DB39: 0 | DC39: 0 | DD39: 0 | DE39: 0 | DF39: 0 | DG39: 0 | DH39: 0 | DI39: 0 | DJ39: 0 | DK39: 0 | DL39: 0 | DM39: 0 | DN39: 0 | DO39: =FT39-FU39 -> 0 | DP39: =FS39-FT39 -> 0 | DQ39: =FR39-FS39 -> 0 | DR39: =FQ39-FR39 -> 0 | DS39: =FP39-FQ39 -> 0 | DT39: =FO39-FP39 -> 0 | DU39: =FN39-FO39 -> 0 | DV39: =FM39-FN39 -> 0 | DW39: =FL39-FM39 -> 0 | DX39: =FK39-FL39 -> 0 | DY39: =FJ39-FK39 -> 0 | DZ39: =FI39-FJ39 -> 0 | EA39: =FH39-FI39 -> 0 | EB39: =FG39-FH39 -> 0 | EC39: =FF39-FG39 -> 0 | ED39: =FE39-FF39 -> 0 | EE39: 0 | EF39: 0 | EG39: 0 | EH39: 0 | EI39: 0 | EJ39: 0 | EK39: 0 | EL39: 0 | EM39: 0 | EN39: 0 | EO39: 0 | EP39: 0 | EQ39: 0 | ER39: 0 | ES39: 0 | ET39: 0 | EU39: 0 | EV39: 0 | EW39: 0 | EX39: 0 | EY39: 0 | EZ39: N/A | FA39: N/A | FB39: N/A | FC39: HONG KONG CABLE TELEVISION LIMITED | FE39: 0 | FF39: 0 | FG39: 0 | FH39: 0 | FI39: 0 | FJ39: 0 | FL39: 0 | FM39: 0 | FN39: 0 | FO39: 0 | FP39: 0 | FQ39: 0 | FR39: 0 | FS39: 0 | FT39: 0 | FU39: 0 | FV39: 0
B40: 7633533 | C40: 5643336 | D40: HONG KONG CABLE TELEVISION LIMITED | E40: 97 | F40: 92 | G40: 93 | H40: 90 | I40: 90 | J40: 92 | K40: 92 | L40: 87 | M40: 83 | N40: 100 | O40: 89 | P40: 92 | Q40: 91 | R40: 86 | S40: 96 | T40: 89 | U40: 85 | V40: 95 | W40: 89 | X40: 82 | Y40: 90 | Z40: 89 | AA40: 84 | AB40: 93 | AC40: 87 | AD40: 84 | AE40: 96 | AF40: 87 | AG40: 90 | AH40: 87 | AI40: 87 | AJ40: 89 | AK40: 86 | AL40: 86 | AM40: 89 | AN40: 89 | AO40: 83 | AP40: 91 | AQ40: 88 | AR40: 80 | AS40: 95 | AT40: 86 | AU40: 78 | AV40: 94 | AW40: 90 | AX40: 80 | AY40: 90 | AZ40: 91 | BA40: 81 | BB40: 95 | BC40: 87 | BD40: 88 | BE40: 89 | BF40: 84 | BG40: 91 | BH40: 83 | BI40: 82 | BJ40: 88 | BK40: 85 | BL40: 79 | BM40: 85 | BN40: 85 | BO40: 79 | BP40: 87 | BQ40: 85 | BR40: 77 | BS40: 91 | BT40: 79 | BU40: 80 | BV40: 88 | BW40: 83 | BX40: 80 | BY40: 87 | BZ40: 86 | CA40: 85 | CB40: 82 | CC40: 82 | CD40: 85 | CE40: 85 | CF40: 80 | CG40: 85 | CH40: 82 | CI40: 83 | CJ40: 87 | CK40: 82 | CL40: 79 | CM40: 89 | CN40: 82 | CO40: 85 | CP40: 82 | CQ40: 82 | CR40: 76 | CS40: 88 | CT40: 82 | CU40: 87 | CV40: 79 | CW40: 84 | CX40: 30 | CY40: 84 | CZ40: 78 | DA40: 87 | DB40: 82 | DC40: 79 | DD40: 83 | DE40: 81 | DF40: 81 | DG40: 81 | DH40: 83 | DI40: 79 | DJ40: 86 | DK40: 83 | DL40: 76 | DM40: 89 | DN40: =FU40-FV40 -> 80 | DO40: =FT40-FU40 -> 84 | DP40: =FS40-FT40 -> 77 | DQ40: =FR40-FS40 -> 82 | DR40: =FQ40-FR40 -> 78 | DS40: =FP40-FQ40 -> 86 | DT40: =FO40-FP40 -> 83 | DU40: =FN40-FO40 -> 76 | DV40: =FM40-FN40 -> 89 | DW40: =FL40-FM40 -> 81 | DX40: =FK40-FL40 -> 83 | DY40: =FJ40-FK40 -> 84 | DZ40: =FI40-FJ40 -> 78 | EA40: =FH40-FI40 -> 86 | EB40: =FG40-FH40 -> 80 | EC40: =FF40-FG40 -> 75 | ED40: =FE40-FF40 -> 88 | EE40: 81 | EF40: 78 | EG40: 78 | EH40: 83 | EI40: 84 | EJ40: 80 | EK40: 81 | EL40: 83 | EM40: 77 | EN40: 83 | EO40: 62 | EP40: 89 | EQ40: 80 | ER40: 83 | ES40: 81 | ET40: 81 | EU40: 86 | EV40: 80 | EW40: 78 | EX40: 87 | EY40: 83 | EZ40: 75 | FA40: 83 | FB40: 84 | FC40: HONG KONG CABLE TELEVISION LIMITED | FE40: 2684 | FF40: 2596 | FG40: 2521 | FH40: 2441 | FI40: 2355 | FJ40: 2277 | FK40: 2193 | FL40: 2110 | FM40: 2029 | FN40: 1940 | FO40: 1864 | FP40: 1781 | FQ40: 1695 | FR40: 1617 | FS40: 1535 | FT40: 1458 | FU40: 1374 | FV40: 1294
B41: 9077628 | D41: G/F+LG1 Maxim Restaurant | E41: 61658 | F41: 60738 | G41: 63371 | H41: 60114 | I41: 60384 | J41: 62020 | K41: 57878 | L41: 56997 | M41: 54050 | N41: 62418 | O41: 56726 | P41: 55225 | Q41: 54948 | R41: 54396 | S41: 66121 | T41: 64981 | U41: 59396 | V41: 64780 | W41: 58986 | X41: 57048 | Y41: 65019 | Z41: 64062 | AA41: 60438 | AB41: 60626 | AC41: 56140 | AD41: 54859 | AE41: 67976 | AF41: 60346 | AG41: 63000 | AH41: 58576 | AI41: 55699 | AJ41: 58208 | AK41: 58781 | AL41: 59434 | AM41: 62675 | AN41: 56547 | AO41: 53876 | AP41: 56992 | AQ41: 63243 | AR41: 54506 | AS41: 69445 | AT41: 58460 | AU41: 48216 | AV41: 63482 | AW41: 61656 | AX41: 53134 | AY41: 59979 | AZ41: 54990 | BA41: 3864 | BB41: 2145 | BC41: 1717 | BD41: 1056 | BE41: 13513 | BF41: 16554 | BG41: 36557 | BH41: 61403 | BI41: 63745 | BJ41: 69951 | BK41: 69414 | BL41: 57233 | BM41: 59522 | BN41: 62767 | BO41: 66713 | BP41: 73238 | BQ41: 70988 | BR41: 61989 | BS41: 69847 | BT41: 63751 | BU41: 68910 | BV41: 71448 | BW41: 70924 | BX41: 65941 | BY41: 72843 | BZ41: 70789 | CA41: 73962 | CB41: 64860 | CC41: 46130 | CD41: 59464 | CE41: 54246 | CF41: 46363 | CG41: 53171 | CH41: 42651 | CI41: 46127 | CJ41: 52227 | CK41: 47115 | CL41: 38362 | CM41: 52074 | CN41: 48988 | CO41: 54415 | CP41: 51468 | CQ41: 50635 | CR41: 45731 | CS41: 54625 | CT41: 54425 | CU41: 53485 | CV41: 52472 | CW41: 54858 | CX41: 56625 | CY41: 62102 | CZ41: 55555 | DA41: 64408 | DB41: 60716 | DC41: 49597 | DD41: 42986 | DE41: 38734 | DF41: 45371 | DG41: 52805 | DH41: 52200 | DI41: 48693 | DJ41: 55851 | DK41: 65915 | DL41: 60758 | DM41: 73826 | DN41: =FU41-FV41 -> 64184 | DO41: =FT41-FU41 -> 55925 | DP41: =FS41-FT41 -> 63098 | DQ41: =FR41-FS41 -> 72023 | DR41: =FQ41-FR41 -> 64798 | DS41: =FP41-FQ41 -> 71964 | DT41: =FO41-FP41 -> 64971 | DU41: =FN41-FO41 -> 56846 | DV41: =FM41-FN41 -> 69570 | DW41: =FL41-FM41 -> 66698 | DX41: =FK41-FL41 -> 70974 | DY41: =FJ41-FK41 -> 75641 | DZ41: =FI41-FJ41 -> 67335 | EA41: =FH41-FI41 -> 71080 | EB41: =FG41-FH41 -> 70965 | EC41: =FF41-FG41 -> 69985 | ED41: =FE41-FF41 -> 74597 | EE41: 69808 | EF41: 62355 | EG41: 68214 | EH41: 66418 | EI41: 76445 | EJ41: 78061 | EK41: 74157 | EL41: 80613 | EM41: 73305 | EN41: 81151 | EO41: 77281 | EP41: 86027 | EQ41: 78781 | ER41: 69611 | ES41: 63894 | ET41: 70788 | EU41: 74571 | EV41: 71103 | EW41: 69639 | EX41: 70054 | EY41: 63353 | EZ41: 61443 | FA41: 73562 | FB41: 70182 | FC41: G/F+LG1 Maxim Restaurant | FE41: 9170565 | FF41: 9095968 | FG41: 9025983 | FH41: 8955018 | FI41: 8883938 | FJ41: 8816603 | FK41: 8740962 | FL41: 8669988 | FM41: 8603290 | FN41: 8533720 | FO41: 8476874 | FP41: 8411903 | FQ41: 8339939 | FR41: 8275141 | FS41: 8203118 | FT41: 8140020 | FU41: 8084095 | FV41: 8019911
B42: 9078557 | D42: Macdonald's & McCafe | M42: 14118 | N42: 31904 | O42: 29094 | P42: 26723 | Q42: 24934 | R42: 24186 | S42: 29735 | T42: 30187 | U42: 27813 | V42: 27782 | W42: 24671 | X42: 25712 | Y42: 29844 | Z42: 29660 | AA42: 27977 | AB42: 27565 | AC42: 26011 | AD42: 26159 | AE42: 32446 | AF42: 30254 | AG42: 31474 | AH42: 27530 | AI42: 25919 | AJ42: 29050 | AK42: 30279 | AL42: 31078 | AM42: 30493 | AN42: 27064 | AO42: 25729 | AP42: 28226 | AQ42: 29970 | AR42: 30312 | AS42: 34292 | AT42: 29099 | AU42: 24150 | AV42: 32482 | AW42: 33381 | AX42: 28307 | AY42: 31709 | AZ42: 28785 | BA42: 25483 | BB42: 31229 | BC42: 32136 | BD42: 32852 | BE42: 33596 | BF42: 28785 | BG42: 29954 | BH42: 29877 | BI42: 31526 | BJ42: 33315 | BK42: 32335 | BL42: 26811 | BM42: 28750 | BN42: 30018 | BO42: 29903 | BP42: 34084 | BQ42: 33020 | BR42: 28025 | BS42: 31228 | BT42: 29712 | BU42: 31683 | BV42: 33197 | BW42: 31928 | BX42: 27837 | BY42: 30254 | BZ42: 29779 | CA42: 31057 | CB42: 30449 | CC42: 25404 | CD42: 27934 | CE42: 28249 | CF42: 26094 | CG42: 26808 | CH42: 25949 | CI42: 25963 | CJ42: 27692 | CK42: 24987 | CL42: 23401 | CM42: 28756 | CN42: 26731 | CO42: 28397 | CP42: 28244 | CQ42: 27200 | CR42: 26296 | CS42: 28601 | CT42: 30660 | CU42: 31796 | CV42: 29044 | CW42: 28068 | CX42: 28334 | CY42: 31724 | CZ42: 31382 | DA42: 34708 | DB42: 31314 | DC42: 28966 | DD42: 28579 | DE42: 24961 | DF42: 28504 | DG42: 29513 | DH42: 27949 | DI42: 26630 | DJ42: 30077 | DK42: 32852 | DL42: 30314 | DM42: 34928 | DN42: =FU42-FV42 -> 29869 | DO42: =FT42-FU42 -> 28504 | DP42: =FS42-FT42 -> 30285 | DQ42: =FR42-FS42 -> 32495 | DR42: =FQ42-FR42 -> 30416 | DS42: =FP42-FQ42 -> 32445 | DT42: =FO42-FP42 -> 16738 | DU42: =FN42-FO42 -> 12101 | DV42: =FM42-FN42 -> 14690 | DW42: =FL42-FM42 -> 34747 | DX42: =FK42-FL42 -> 36523 | DY42: =FJ42-FK42 -> 37534 | DZ42: =FI42-FJ42 -> 32979 | EA42: =FH42-FI42 -> 33689 | EB42: =FG42-FH42 -> 34031 | EC42: =FF42-FG42 -> 35063 | ED42: =FE42-FF42 -> 38543 | EE42: 34662 | EF42: 29340 | EG42: 33228 | EH42: 33105 | EI42: 37913 | EJ42: 38230 | EK42: 38095 | EL42: 36842 | EM42: 30871 | EN42: 35494 | EO42: 34827 | EP42: 40708 | EQ42: 37274 | ER42: 34063 | ES42: 32820 | ET42: 32542 | EU42: 39371 | EV42: 39264 | EW42: 37079 | EX42: 38664 | EY42: 35112 | EZ42: 34245 | FA42: 39789 | FB42: 37967 | FC42: Macdonald's & McCafe | FE42: 3562808 | FF42: 3524265 | FG42: 3489202 | FH42: 3455171 | FI42: 3421482 | FJ42: 3388503 | FK42: 3350969 | FL42: 3314446 | FM42: 3279699 | FN42: 3265009 | FO42: 3252908 | FP42: 3236170 | FQ42: 3203725 | FR42: 3173309 | FS42: 3140814 | FT42: 3110529 | FU42: 3082025 | FV42: 3052156
B43: 7389365 | D43: LG1 Hair Salon | AY43: 1391 | AZ43: 1217 | BA43: 916 | BB43: 1032 | BC43: 1158 | BD43: 1133 | BE43: 1400 | BF43: 1267 | BG43: 1340 | BH43: 1438 | BI43: 1569 | BJ43: 1347 | BK43: 1246 | BL43: 1168 | BM43: 1137 | BN43: 1143 | BO43: 1195 | BP43: 1325 | BQ43: 1482 | BR43: 1358 | BS43: 1642 | BT43: 1366 | BU43: 1590 | BV43: 7521 | BW43: 1360 | BX43: 1169 | BY43: 1118 | BZ43: 1067 | CA43: 1219 | CB43: 1136 | CC43: 1139 | CD43: 1372 | CE43: 1137 | CF43: 740 | CG43: 1269 | CH43: 995 | CI43: 1111 | CJ43: 1215 | CK43: 910 | CL43: 882 | CM43: 1221 | CN43: 1042 | CO43: 1332 | CP43: 1317 | CQ43: 1556 | CR43: 1308 | CS43: 1229 | CT43: 1376 | CU43: 1354 | CV43: 1140 | CW43: 1185 | CX43: 1190 | CY43: 1131 | CZ43: 1048 | DA43: 1473 | DB43: 1453 | DC43: 1539 | DD43: 552 | DE43: 1059 | DF43: 1265 | DG43: 1106 | DH43: 1023 | DI43: 895 | DJ43: 1179 | DK43: 1219 | DL43: 1211 | DM43: 1564 | DN43: =FU43-FV43 -> 1555 | DO43: =FT43-FU43 -> 1404 | DP43: =FS43-FT43 -> 1524 | DQ43: =FR43-FS43 -> 1373 | DR43: =FQ43-FR43 -> 1154 | DS43: =FP43-FQ43 -> 1156 | DT43: =FO43-FP43 -> 969 | DU43: =FN43-FO43 -> 759 | DV43: =FM43-FN43 -> 957 | DW43: =FL43-FM43 -> 878 | DX43: =FK43-FL43 -> 948 | DY43: =FJ43-FK43 -> 1142 | DZ43: =FI43-FJ43 -> 1067 | EA43: =FH43-FI43 -> 1249 | EB43: =FG43-FH43 -> 1073 | EC43: =FF43-FG43 -> 1283 | ED43: =FE43-FF43 -> 1193 | EE43: 1093 | EF43: 886 | EG43: 775 | EH43: 815 | EI43: 823 | EJ43: 883 | EK43: 998 | EL43: 1017 | EM43: 1050 | EN43: 981 | EO43: 1072 | EP43: 1079 | EQ43: 896 | ER43: 843 | ES43: 736 | ET43: 775 | EU43: 916 | EV43: 911 | EW43: 8539 | EX43: 1104 | EY43: 1081 | EZ43: 884 | FA43: 1177 | FB43: 1002 | FC43: LG1 Hair Salon | FE43: 102068 | FF43: 100875 | FG43: 99592 | FH43: 98519 | FI43: 97270 | FJ43: 96203 | FK43: 95061 | FL43: 94113 | FM43: 93235 | FN43: 92278 | FO43: 91519 | FP43: 90550 | FQ43: 89394 | FR43: 88240 | FS43: 86867 | FT43: 85343 | FU43: 83939 | FV43: 82384
B44: 7399804 | D44: China Moblie | BG44: 45 | BH44: 5 | BI44: 0 | BJ44: 1357 | BK44: 5404 | BL44: 5143 | BM44: 5473 | BN44: 5504 | BO44: 4764 | BP44: 5520 | BQ44: 5540 | BR44: 4956 | BS44: 7326 | BT44: 7211 | BU44: 7316 | BV44: 7777 | BW44: 7672 | BX44: 7420 | BY44: 8237 | BZ44: 7937 | CA44: 8037 | CB44: 7687 | CC44: 7625 | CD44: 7798 | CE44: 7737 | CF44: 7001 | CG44: 7939 | CH44: 7557 | CI44: 7730 | CJ44: 8228 | CK44: 7767 | CL44: 7489 | CM44: 8539 | CN44: 7604 | CO44: 8085 | CP44: 7582 | CQ44: 8246 | CR44: 7148 | CS44: 8875 | CT44: 8054 | CU44: 9761 | CV44: 9237 | CW44: 9587 | CX44: 9570 | CY44: 9159 | CZ44: 8937 | DA44: 9483 | DB44: 8567 | DC44: 0 | DD44: 17175 | DE44: 8700 | DF44: 8716 | DG44: 9027 | DH44: 8973 | DI44: 8375 | DJ44: 9744 | DK44: 9209 | DL44: 8219 | DM44: 9329 | DN44: =FU44-FV44 -> 8932 | DO44: =FT44-FU44 -> 8840 | DP44: =FS44-FT44 -> 8530 | DQ44: =FR44-FS44 -> 8865 | DR44: =FQ44-FR44 -> 8319 | DS44: =FP44-FQ44 -> 8967 | DT44: =FO44-FP44 -> 8547 | DU44: =FN44-FO44 -> 8265 | DV44: =FM44-FN44 -> 9444 | DW44: =FL44-FM44 -> 8274 | DX44: =FK44-FL44 -> 8730 | DY44: =FJ44-FK44 -> 8792 | DZ44: =FI44-FJ44 -> 8053 | EA44: =FH44-FI44 -> 8809 | EB44: =FG44-FH44 -> 7870 | EC44: =FF44-FG44 -> 7547 | ED44: =FE44-FF44 -> 9214 | EE44: 8213 | EF44: 8429 | EG44: 9061 | EH44: 9428 | EI44: 9454 | EJ44: 8935 | EK44: 9067 | EL44: 9034 | EM44: 8210 | EN44: 9615 | EO44: 8353 | EP44: 9782 | EQ44: 8952 | ER44: 9081 | ES44: 8811 | ET44: 8846 | EU44: 9014 | EV44: 8795 | EW44: 8239 | EX44: 9750 | EY44: 9286 | EZ44: 8457 | FA44: 9505 | FB44: 8616 | FC44: China Moblie | FE44: 579113 | FF44: 569899 | FG44: 562352 | FH44: 554482 | FI44: 545673 | FJ44: 537620 | FK44: 528828 | FL44: 520098 | FM44: 511824 | FN44: 502380 | FO44: 494115 | FP44: 485568 | FQ44: 476601 | FR44: 468282 | FS44: 459417 | FT44: 450887 | FU44: 442047 | FV44: 433115
B45: 9131014/7654236 | D45: Seafront Cafeteria at Hall 6 | BL45: 446 | BM45: 993 | BN45: 6068 | BO45: 6659 | BP45: 7613 | BQ45: 8154 | BR45: 6047 | BS45: 5512 | BT45: 5934 | BU45: 7561 | BV45: 7348 | BW45: 7442 | BX45: 4761 | BY45: 5250 | BZ45: 5418 | CA45: 7319 | CB45: 7364 | CC45: 5965 | CD45: 4912 | CE45: 3911 | CF45: 2038 | CG45: 4651 | CH45: 4518 | CI45: 4584 | CJ45: 4649 | CK45: 4287 | CL45: 3848 | CM45: 5507 | CN45: 5048 | CO45: 5720 | CP45: 4498 | CQ45: 4135 | CR45: 4458 | CS45: 6183 | CT45: 5427 | CU45: 6380 | CV45: 4627 | CW45: 5238 | CX45: 5192 | CY45: 6871 | CZ45: 6272 | DA45: 7603 | DB45: 6324 | DC45: 5440 | DD45: 5140 | DE45: 5631 | DF45: 5108 | DG45: 5339 | DH45: 5033 | DI45: 4590 | DJ45: 5118 | DK45: 7041 | DL45: 6452 | DM45: 7319 | DN45: =FU45-FV45 -> 5696 | DO45: =FT45-FU45 -> 4571 | DP45: =FS45-FT45 -> 6670 | DQ45: =FR45-FS45 -> 7144 | DR45: =FQ45-FR45 -> 6199 | DS45: =FP45-FQ45 -> 7136 | DT45: =FO45-FP45 -> 3608 | DU45: =FN45-FO45 -> 1106 | DV45: =FM45-FN45 -> 4077 | DW45: =FL45-FM45 -> 6239 | DX45: =FK45-FL45 -> 5912 | DY45: =FJ45-FK45 -> 6705 | DZ45: =FI45-FJ45 -> 5206 | EA45: =FH45-FI45 -> 4762 | EB45: =FG45-FH45 -> 5777 | EC45: 6866 | ED45: 6439 | EE45: 6139 | EF45: 4608 | EG45: 4517 | EH45: 5189 | EI45: 5311 | EJ45: 6119 | EK45: 7413 | EL45: 5369 | EM45: 4663 | EN45: 5776 | EO45: 5843 | EP45: 5928 | EQ45: 5601 | ER45: 4636 | ES45: 4492 | ET45: 4843 | EU45: 6087 | EV45: 5490 | EW45: 5903 | EX45: 5237 | EY45: 4190 | EZ45: 4539 | FA45: 5848 | FB45: 5463 | FC45: Seafront Cafeteria at Hall 6 | FF45: new meter | FG45: 374315 | FH45: 368538 | FI45: 363776 | FJ45: 358570 | FK45: 351865 | FL45: 345953 | FM45: 339714 | FN45: 335637 | FO45: 334531 | FP45: 330923 | FQ45: 323787 | FR45: 317588 | FS45: 310444 | FT45: 303774 | FU45: 299203 | FV45: 293507
B46: 9078046 | C46: 7241221 | D46: Subway | AS46: 1030 | AT46: 2613 | AU46: 2027 | AV46: 3254 | AW46: 3599 | AX46: 2914 | AY46: 3228 | AZ46: 2795 | BA46: 2488 | BB46: 3006 | BC46: 3520 | BD46: 3470 | BE46: 3709 | BF46: 2688 | BG46: 2900 | BH46: 2870 | BI46: 3113 | BJ46: 3125 | BK46: 3111 | BL46: 2211 | BM46: 2463 | BN46: 2708 | BO46: 3403 | BP46: 3683 | BQ46: 3676 | BR46: 2665 | BS46: 2922 | BT46: 2947 | BU46: 3479 | BV46: 3576 | BW46: 3077 | BX46: 2301 | BY46: 2360 | BZ46: 2385 | CA46: 3491 | CB46: 3520 | CC46: 2682 | CD46: 2081 | CE46: 2175 | CF46: 2014 | CG46: 2148 | CH46: 1901 | CI46: 2034 | CJ46: 2170 | CK46: 1996 | CL46: 1766 | CM46: 2364 | CN46: 2154 | CO46: 2456 | CP46: 1852 | CQ46: 2107 | CR46: 2078 | CS46: 2607 | CT46: 2367 | CU46: 2392 | CV46: 2216 | CW46: 2242 | CX46: 2377 | CY46: 3182 | CZ46: 2761 | DA46: 3344 | DB46: 2652 | DC46: 2241 | DD46: 1518 | DE46: 2107 | DF46: 2138 | DG46: 2254 | DH46: 2365 | DI46: 2115 | DJ46: 2440 | DK46: 3464 | DL46: 2965 | DM46: 3474 | DN46: =FU46-FV46 -> 2486 | DO46: =FT46-FU46 -> 2031 | DP46: =FS46-FT46 -> 3401 | DQ46: =FR46-FS46 -> 3727 | DR46: =FQ46-FR46 -> 3195 | DS46: =FP46-FQ46 -> 3575 | DT46: =FO46-FP46 -> 3323 | DU46: =FN46-FO46 -> 2752 | DV46: =FM46-FN46 -> 3362 | DW46: =FL46-FM46 -> 3788 | DX46: =FK46-FL46 -> 4002 | DY46: =FJ46-FK46 -> 4117 | DZ46: =FI46-FJ46 -> 3186 | EA46: =FH46-FI46 -> 3183 | EB46: =FG46-FH46 -> 3495 | EC46: =FF46-FG46 -> 3593 | ED46: =FE46-FF46 -> 3933 | EE46: 3629 | EF46: 2893 | EG46: 3196 | EH46: 3107 | EI46: 4020 | EJ46: 4127 | EK46: 4209 | EL46: 3643 | EM46: 3040 | EN46: 3967 | EO46: 3800 | EP46: 4191 | EQ46: 3840 | ER46: 3324 | ES46: 3150 | ET46: 3170 | EU46: 4419 | EV46: 4208 | EW46: 3839 | EX46: 3405 | EY46: 3384 | EZ46: 3223 | FA46: 4357 | FB46: 4362 | FC46: Subway | FE46: 251328 | FF46: 247395 | FG46: 243802 | FH46: 240307 | FI46: 237124 | FJ46: 233938 | FK46: 229821 | FL46: 225819 | FM46: 222031 | FN46: 218669 | FO46: 215917 | FP46: 212594 | FQ46: 209019 | FR46: 205824 | FS46: 202097 | FT46: 198696 | FU46: 196665 | FV46: 194179
B47: 460823 | C47: 9096703/7608936 | D47: Diners@LSKBB | E47: 0 | F47: 5475 | G47: 16458 | H47: 17218 | I47: 17679 | J47: 13495 | K47: 13403 | L47: 12981 | M47: 14555 | N47: 15328 | O47: 14210 | P47: 10325 | Q47: 12420 | R47: 12770 | S47: 17157 | T47: 20679 | U47: 21661 | V47: 19687 | W47: 19598 | X47: 19579 | Y47: 23913 | Z47: 22106 | AA47: 20839 | AB47: 20632 | AC47: 18836 | AD47: 19648 | AE47: 26799 | AF47: 25388 | AG47: 25624 | AH47: 20185 | AI47: 19159 | AJ47: 21519 | AK47: 22215 | AL47: 23960 | AM47: 22515 | AN47: 20719 | AO47: 19031 | AP47: 21295 | AQ47: 23525 | AR47: 20195 | AS47: 24888 | AT47: 28896 | AU47: 15637 | AV47: 19983 | AW47: 21545 | AX47: 17673 | AY47: 19565 | AZ47: 19146 | BA47: 17196 | BB47: 19835 | BC47: 22668 | BD47: 21855 | BE47: 24327 | BF47: 17958 | BG47: 18208 | BH47: 17880 | BI47: 20944 | BJ47: 21100 | BK47: 20305 | BL47: 11050 | BM47: 4393 | BN47: 5529 | BO47: 14808 | BP47: 16537 | BQ47: 15364 | BR47: 13774 | BS47: 13499 | BT47: 13829 | BU47: 14328 | BV47: 14484 | BW47: 14981 | BX47: 11945 | BY47: 14477 | BZ47: 13985 | CA47: 14137 | CB47: 15152 | CC47: 7575 | CD47: 3440 | CE47: 11183 | CF47: 2364 | CG47: 5459 | CH47: 2955 | CI47: 3332 | CJ47: 8702 | CK47: 5640 | CL47: 410 | CM47: 6613 | CN47: 6607 | CO47: 7319 | CP47: 1110 | CQ47: 260 | CR47: 208 | CS47: 240 | CT47: 1869 | CU47: 2144 | CV47: 2097 | CW47: 2198 | CX47: 1935 | CY47: 9037 | CZ47: 8818 | DA47: 11392 | DB47: 9161 | DC47: 6869 | DD47: 2799 | DE47: 2596 | DF47: 651 | DG47: 401 | DH47: 525 | DI47: 502 | DJ47: 5398 | DK47: 10979 | DL47: 9932 | DM47: 12250 | DN47: =FU47-FV47 -> 10508 | DO47: =FT47-FU47 -> 7441 | DP47: 11458 | DQ47: =FR47-FS47 -> 12547 | DR47: =FQ47-FR47 -> 10614 | DS47: =FP47-FQ47 -> 12093 | DT47: =FO47-FP47 -> 11176 | DU47: =FN47-FO47 -> 11059 | DV47: =FM47-FN47 -> 10980 | DW47: =FL47-FM47 -> 11177 | DX47: =FK47-FL47 -> 11018 | DY47: =FJ47-FK47 -> 12530 | DZ47: =FI47-FJ47 -> 10233 | EA47: =FH47-FI47 -> 10963 | EB47: =FG47-FH47 -> 10504 | EC47: =FF47-FG47 -> 11215 | ED47: 11813 | EE47: 11241 | EF47: 10294 | EG47: 11293 | EH47: 11369 | EI47: 11616 | EJ47: 11688 | EK47: 12536 | EL47: 10982 | EM47: 9835 | EN47: 11389 | EO47: 11601 | EP47: 12461 | EQ47: 12193 | ER47: 12082 | ES47: 12360 | ET47: 12972 | EU47: 12958 | EV47: 12204 | EW47: 12791 | EX47: 13192 | EY47: 12963 | EZ47: 12776 | FA47: 17637 | FB47: 17061 | FC47: Diners@LSKBB | FF47: 151516 | FG47: 140301 | FH47: 129797 | FI47: 118834 | FJ47: 108601 | FK47: 96071 | FL47: 85053 | FM47: 73876 | FN47: 62896 | FO47: 51837 | FP47: 40661 | FQ47: 28568 | FR47: 17954 | FS47: 5407 | FT47: 1222202 | FU47: 1214761 | FV47: 1204253
B48: 205337 | C48: 9097633/10350214 | D48: Ebeneezer | BL48: 4656 | BM48: 4950 | BN48: 5392 | BO48: 5644 | BP48: 6929 | BQ48: 6159 | BR48: 5422 | BS48: 5426 | BT48: 5957 | BU48: 6411 | BV48: 5922 | BW48: 5547 | BX48: 4500 | BY48: 5699 | BZ48: 6366 | CA48: 5568 | CB48: 6928 | CC48: 5283 | CD48: 5151 | CE48: 5373 | CF48: 3921 | CG48: 5245 | CH48: 4164 | CI48: 4939 | CJ48: 5255 | CK48: 5728 | CL48: 4758 | CM48: 6621 | CN48: 5123 | CO48: 5496 | CP48: 5379 | CQ48: 5323 | CR48: 4725 | CS48: 6202 | CT48: 5534 | CU48: 4987 | CV48: 5107 | CW48: 4732 | CX48: 4434 | CY48: 5988 | CZ48: 5103 | DA48: 5922 | DB48: 4814 | DC48: 4200 | DD48: 4092 | DE48: 4273 | DF48: 3713 | DG48: 4576 | DH48: 4794 | DI48: 4020 | DJ48: 4522 | DK48: 5078 | DL48: 4391 | DM48: 5094 | DN48: =FU48-FV48 -> 4591 | DO48: =FT48-FU48 -> 3954 | DP48: 5330 | DQ48: =FR48-FS48 -> 5125 | DR48: =FQ48-FR48 -> 4285 | DS48: =FP48-FQ48 -> 4805 | DT48: =FO48-FP48 -> 4203 | DU48: =FN48-FO48 -> 4382 | DV48: =FM48-FN48 -> 4499 | DW48: =FL48-FM48 -> 5590 | DX48: =FK48-FL48 -> 5767 | DY48: =FJ48-FK48 -> 6182 | DZ48: =FI48-FJ48 -> 4633 | EA48: =FH48-FI48 -> 5102 | EB48: =FG48-FH48 -> 6147 | EC48: =FF48-FG48 -> 6385 | ED48: 6294 | EE48: 5637 | EF48: 4942 | EG48: 5735 | EH48: 5551 | EI48: 5852 | EJ48: 5323 | EK48: 5650 | EL48: 5140 | EM48: 4262 | EN48: 5463 | EO48: 5010 | EP48: 5432 | EQ48: 4990 | ER48: 4485 | ES48: 4246 | ET48: 4321 | EU48: 5384 | EV48: 5231 | EW48: 6205 | EX48: 6210 | EY48: 5005 | EZ48: 5120 | FA48: 6876 | FB48: 7357 | FC48: Ebeneezer | FF48: 69616 | FG48: 63231 | FH48: 57084 | FI48: 51982 | FJ48: 47349 | FK48: 41167 | FL48: 35400 | FM48: 29810 | FN48: 25311 | FO48: 20929 | FP48: 16726 | FQ48: 11921 | FR48: 7636 | FS48: 2511 | FT48: 590880 | FU48: 586926 | FV48: 582335
B49: 229155 | C49: 10210630/10210630 | D49: Pacific Coffee | CA49: 3682 | CB49: 3904 | CC49: 2953 | CD49: 2991 | CE49: 2853 | CF49: 997 | CG49: 1811 | CH49: 237 | CI49: 1666 | CJ49: 1984 | CK49: 946 | CL49: 1600 | CM49: 1962 | CN49: 1830 | CO49: 2039 | CP49: 780 | CQ49: 329 | CR49: 1648 | CS49: 2283 | CT49: 2048 | CU49: 2045 | CV49: 2017 | CW49: 2021 | CX49: 1842 | CY49: 3396 | CZ49: 3218 | DA49: 3699 | DB49: 2961 | DC49: 2488 | DD49: 1921 | DE49: 2100 | DF49: 3713 | DG49: 2901 | DH49: 2734 | DI49: 2323 | DJ49: 2904 | DK49: 3465 | DL49: 3064 | DM49: 3606 | DN49: =FU49-FV49 -> 3007 | DO49: =FT49-FU49 -> 2576 | DP49: =FS49-FT49 -> 3131 | DQ49: =FR49-FS49 -> 3487 | DR49: =FQ49-FR49 -> 3125 | DS49: =FP49-FQ49 -> 3352 | DT49: =FO49-FP49 -> 2775 | DU49: =FN49-FO49 -> 2879 | DV49: =FM49-FN49 -> 2978 | DW49: =FL49-FM49 -> 3243 | DX49: =FK49-FL49 -> 3332 | DY49: =FJ49-FK49 -> 3745 | DZ49: =FI49-FJ49 -> 3210 | EA49: =FH49-FI49 -> 3297 | EB49: =FG49-FH49 -> 3477 | EC49: =FF49-FG49 -> 3348 | ED49: 3719 | EE49: 3365 | EF49: 3157 | EG49: 3487 | EH49: 3691 | EI49: 3862 | EJ49: 3802 | EK49: 4117 | EL49: 3440 | EM49: 2995 | EN49: 3874 | EO49: 3562 | EP49: 3922 | EQ49: 3585 | ER49: 3344 | ES49: 3173 | ET49: 3277 | EU49: 3827 | EV49: 3777 | EW49: 3714 | EX49: 3602 | EY49: 3052 | EZ49: 3003 | FA49: 4061 | FB49: 3452 | FC49: Pacific Coffee | FF49: 140295 | FG49: 136947 | FH49: 133470 | FI49: 130173 | FJ49: 126963 | FK49: 123218 | FL49: 119886 | FM49: 116643 | FN49: 113665 | FO49: 110786 | FP49: 108011 | FQ49: 104659 | FR49: 101534 | FS49: 98047 | FT49: 94916 | FU49: 92340 | FV49: 89333
B50: 7647872 | C50: 9124616 | D50: Passion | BP50: 1527 | BQ50: 19447 | BR50: 33190 | BS50: 16097 | BT50: 15443 | BU50: 17624 | BV50: 18284 | BW50: 16910 | BX50: 14617 | BY50: 14241 | BZ50: 14312 | CA50: 16641 | CB50: 16460 | CC50: 13888 | CD50: 11813 | CE50: 10698 | CF50: 7157 | CG50: 9879 | CH50: 7731 | CI50: 8319 | CJ50: 9164 | CK50: 6207 | CL50: 3278 | CM50: 5527 | CN50: 1918 | CO50: 8175 | CP50: 7838 | CQ50: 6845 | CR50: 7810 | CS50: 10165 | CT50: 9491 | CU50: 10698 | CV50: 8842 | CW50: 9457 | CX50: 11047 | CY50: 13706 | CZ50: 12413 | DA50: 14211 | DB50: 12837 | DC50: 10715 | DD50: 7636 | DE50: 4619 | DF50: 4335 | DG50: 8437 | DH50: 11366 | DI50: 9377 | DJ50: 10829 | DK50: 10630 | DL50: 10225 | DM50: 12341 | DN50: =FU50-FV50 -> 10402 | DO50: =FT50-FU50 -> 8406 | DP50: =FS50-FT50 -> 10288 | DQ50: =FR50-FS50 -> 11461 | DR50: =FQ50-FR50 -> 10245 | DS50: =FP50-FQ50 -> 11669 | DT50: =FO50-FP50 -> 11267 | DU50: =FN50-FO50 -> 9734 | DV50: =FM50-FN50 -> 11770 | DW50: =FL50-FM50 -> 11982 | DX50: =FK50-FL50 -> 11977 | DY50: =FJ50-FK50 -> 12939 | DZ50: =FI50-FJ50 -> 10630 | EA50: =FH50-FI50 -> 11238 | EB50: =FG50-FH50 -> 11464 | EC50: 12073 | ED50: 13528 | EE50: 12500 | EF50: 11258 | EG50: 11960 | EH50: 11567 | EI50: 15127 | EJ50: 15694 | EK50: 10631 | EL50: 12068 | EM50: 10631 | EN50: 12150 | EO50: 11718 | EP50: 12449 | EQ50: 11385 | ER50: 10745 | ES50: 10637 | ET50: 11481 | EU50: 14837 | EV50: 14278 | EW50: 15402 | EX50: 12056 | EY50: 10702 | EZ50: 11499 | FA50: 14987 | FB50: 13368 | FC50: Passion | FF50: new meter | FG50: 698915 | FH50: 687451 | FI50: 676213 | FJ50: 665583 | FK50: 652644 | FL50: 640667 | FM50: 628685 | FN50: 616915 | FO50: 607181 | FP50: 595914 | FQ50: 584245 | FR50: 574000 | FS50: 562539 | FT50: 552251 | FU50: 543845 | FV50: 533443
B51: 7647876 | C51: 9126450 | D51: Hungry Korean | CA51: 7612 | CB51: 6584 | CC51: 4852 | CD51: 3904 | CE51: 3699 | CF51: 4257 | CG51: 4968 | CH51: 4631 | CI51: 5397 | CJ51: 5369 | CK51: 4761 | CL51: 4146 | CM51: 5692 | CN51: 4777 | CO51: 6019 | CP51: 5151 | CQ51: 4648 | CR51: 4945 | CS51: 6867 | CT51: 6842 | CU51: 6928 | CV51: 5260 | CW51: 5847 | CX51: 5702 | CY51: 6126 | CZ51: 5145 | DA51: 6254 | DB51: 4991 | DC51: 4527 | DD51: 2581 | DE51: 3237 | DF51: 3224 | DG51: 4193 | DH51: 4697 | DI51: 4116 | DJ51: 5023 | DK51: 6537 | DL51: 6088 | DM51: 6403 | DN51: =FU51-FV51 -> 5414 | DO51: =FT51-FU51 -> 3913 | DP51: =FS51-FT51 -> 5825 | DQ51: =FR51-FS51 -> 6472 | DR51: =FQ51-FR51 -> 5222 | DS51: =FP51-FQ51 -> 5634 | DT51: =FO51-FP51 -> 4818 | DU51: =FN51-FO51 -> 4326 | DV51: =FM51-FN51 -> 5219 | DW51: =FL51-FM51 -> 5967 | DX51: =FK51-FL51 -> 5650 | DY51: =FJ51-FK51 -> 6836 | DZ51: =FI51-FJ51 -> 4962 | EA51: =FH51-FI51 -> 4867 | EB51: =FG51-FH51 -> 5676 | EC51: 5563 | ED51: 5842 | EE51: 5436 | EF51: 4404 | EG51: 4759 | EH51: 4734 | EI51: 6064 | EJ51: 6795 | EK51: 6768 | EL51: 4129 | EM51: 4231 | EN51: 6280 | EO51: 6438 | EP51: 6400 | EQ51: 6102 | ER51: 4907 | ES51: 4599 | ET51: 4880 | EU51: 6615 | EV51: 6268 | EW51: 6650 | EX51: 5204 | EY51: 4669 | EZ51: 5158 | FA51: 6734 | FB51: 6294 | FC51: Hungry Korean | FF51: new meter | FG51: 282801 | FH51: 277125 | FI51: 272258 | FJ51: 267296 | FK51: 260460 | FL51: 254810 | FM51: 248843 | FN51: 243624 | FO51: 239298 | FP51: 234480 | FQ51: 228846 | FR51: 223624 | FS51: 217152 | FT51: 211327 | FU51: 207414 | FV51: 202000
B52: 7647872 | C52: 9126441 | D52: American Diner | CA52: 16959 | CB52: 14796 | CC52: 11302 | CD52: 9998 | CE52: 7727 | CF52: 6251 | CG52: 8582 | CH52: 7555 | CI52: 8734 | CJ52: 9463 | CK52: 8867 | CL52: 7314 | CM52: 10016 | CN52: 8479 | CO52: 9565 | CP52: 8630 | CQ52: 9049 | CR52: 7637 | CS52: 9836 | CT52: 9491 | CU52: 10123 | CV52: 8637 | CW52: 10058 | CX52: 9981 | CY52: 12532 | CZ52: 10805 | DA52: 13234 | DB52: 10969 | DC52: 8795 | DD52: 5918 | DE52: 8629 | DF52: 8033 | DG52: 8609 | DH52: 9032 | DI52: 7823 | DJ52: 9497 | DK52: 13725 | DL52: 12547 | DM52: 13751 | DN52: =FU52-FV52 -> 11441 | DO52: =FT52-FU52 -> 7969 | DP52: =FS52-FT52 -> 11614 | DQ52: =FR52-FS52 -> 13331 | DR52: =FQ52-FR52 -> 10379 | DS52: =FP52-FQ52 -> 11868 | DT52: =FO52-FP52 -> 10523 | DU52: =FN52-FO52 -> 8570 | DV52: =FM52-FN52 -> 10836 | DW52: =FL52-FM52 -> 12116 | DX52: =FK52-FL52 -> 11863 | DY52: =FJ52-FK52 -> 13927 | DZ52: =FI52-FJ52 -> 10439 | EA52: =FH52-FI52 -> 10658 | EB52: =FG52-FH52 -> 12065 | EC52: 12427 | ED52: 12005 | EE52: 11778 | EF52: 9385 | EG52: 8038 | EH52: 11149 | EI52: 15062 | EJ52: 15823 | EK52: 16052 | EL52: 13608 | EM52: 9456 | EN52: 14239 | EO52: 14881 | EP52: 15315 | EQ52: 13449 | ER52: 10619 | ES52: 10384 | ET52: 11372 | EU52: 14837 | EV52: 14278 | EW52: 15402 | EX52: 12056 | EY52: 10702 | EZ52: 11499 | FA52: 14987 | FB52: 13368 | FC52: American Diner | FF52: new meter | FG52: 550298 | FH52: 538233 | FI52: 527575 | FJ52: 517136 | FK52: 503209 | FL52: 491346 | FM52: 479230 | FN52: 468394 | FO52: 459824 | FP52: 449301 | FQ52: 437433 | FR52: 427054 | FS52: 413723 | FT52: 402109 | FU52: 394140 | FV52: 382699
B53: 7654261 | C53: 9123311 | D53: Café De Coral | CA53: 39203 | CB53: 30573 | CC53: 28477 | CD53: 22300 | CE53: 17722 | CF53: 9650 | CG53: 17945 | CH53: 15903 | CI53: 19922 | CJ53: 20703 | CK53: 19450 | CL53: 17690 | CM53: 28691 | CN53: 26282 | CO53: 29157 | CP53: 25129 | CQ53: 24466 | CR53: 21487 | CS53: 29264 | CT53: 27936 | CU53: 30623 | CV53: 25985 | CW53: 27130 | CX53: 27198 | CY53: 30727 | CZ53: 27172 | DA53: 32773 | DB53: 29784 | DC53: 26378 | DD53: 22021 | DE53: 19667 | DF53: 18675 | DG53: 26856 | DH53: 25899 | DI53: 22352 | DJ53: 27449 | DK53: 29868 | DL53: 27941 | DM53: 30802 | DN53: =FU53-FV53 -> 27142 | DO53: =FT53-FU53 -> 20799 | DP53: =FS53-FT53 -> 26810 | DQ53: =FR53-FS53 -> 28180 | DR53: =FQ53-FR53 -> 25612 | DS53: =FP53-FQ53 -> 28503 | DT53: =FO53-FP53 -> 23980 | DU53: =FN53-FO53 -> 23404 | DV53: =FM53-FN53 -> 27887 | DW53: =FL53-FM53 -> 28055 | DX53: =FK53-FL53 -> 26804 | DY53: =FJ53-FK53 -> 27937 | DZ53: =FI53-FJ53 -> 22277 | EA53: =FH53-FI53 -> 25568 | EB53: =FG53-FH53 -> 24420 | EC53: 25232 | ED53: 27355 | EE53: 36246 | EF53: 24747 | EG53: 26039 | EH53: 26519 | EI53: 29363 | EJ53: 29926 | EK53: 30476 | EL53: 30547 | EM53: 26465 | EN53: 29166 | EO53: 29544 | EP53: 31954 | EQ53: 30056 | ER53: 25064 | ES53: 23805 | ET53: 25661 | EU53: 32150 | EV53: 33047 | EW53: 31363 | EX53: 30126 | EY53: 16548 | EZ53: 24159 | FA53: 32694 | FB53: 28799 | FC53: Café De Coral | FF53: new meter | FG53: 1368628 | FH53: 1344208 | FI53: 1318640 | FJ53: 1296363 | FK53: 1268426 | FL53: 1241622 | FM53: 1213567 | FN53: 1185680 | FO53: 1162276 | FP53: 1138296 | FQ53: 1109793 | FR53: 1084181 | FS53: 1056001 | FT53: 1029191 | FU53: 1008392 | FV53: 981250
B54: 7647877 | C54: 9126443 | D54: Gold Rice Bowl | CA54: 31000 | CB54: 25464 | CC54: 23951 | CD54: 22163 | CE54: 14821 | CF54: 8207 | CG54: 16431 | CH54: 14908 | CI54: 17961 | CJ54: 20085 | CK54: 18394 | CL54: 17669 | CM54: 21640 | CN54: 18838 | CO54: 21077 | CP54: 16530 | CQ54: 13769 | CR54: 10924 | CS54: 16019 | CT54: 14345 | CU54: 15793 | CV54: 13823 | CW54: 14010 | CX54: 14873 | CY54: 21381 | CZ54: 18481 | DA54: 21188 | DB54: 18211 | DC54: 17084 | DD54: 14783 | DE54: 14451 | DF54: 15394 | DG54: 15955 | DH54: 17058 | DI54: 14914 | DJ54: 18459 | DK54: 18955 | DL54: 17518 | DM54: 19879 | DN54: =FU54-FV54 -> 18058 | DO54: =FT54-FU54 -> 12685 | DP54: =FS54-FT54 -> 18049 | DQ54: =FR54-FS54 -> 19215 | DR54: =FQ54-FR54 -> 17762 | DS54: =FP54-FQ54 -> 19908 | DT54: =FO54-FP54 -> 17145 | DU54: =FN54-FO54 -> 17373 | DV54: =FM54-FN54 -> 17764 | DW54: =FL54-FM54 -> 18624 | DX54: =FK54-FL54 -> 19842 | DY54: =FJ54-FK54 -> 20600 | DZ54: =FI54-FJ54 -> 17472 | EA54: =FH54-FI54 -> 17417 | EB54: =FG54-FH54 -> 16271 | EC54: 17534 | ED54: 21170 | EE54: 19761 | EF54: 16655 | EG54: 19159 | EH54: 20310 | EI54: 20064 | EJ54: 19928 | EK54: 20463 | EL54: 19199 | EM54: 16367 | EN54: 18225 | EO54: 18375 | EP54: 21104 | EQ54: 19931 | ER54: 17948 | ES54: 18038 | ET54: 18834 | EU54: 22120 | EV54: 20842 | EW54: 20333 | EX54: 18603 | EY54: 16548 | EZ54: 15852 | FA54: 20352 | FB54: 20844 | FC54: Gold Rice Bowl | FF54: new meter | FG54: 954591 | FH54: 938320 | FI54: 920903 | FJ54: 903431 | FK54: 882831 | FL54: 862989 | FM54: 844365 | FN54: 826601 | FO54: 809228 | FP54: 792083 | FQ54: 772175 | FR54: 754413 | FS54: 735198 | FT54: 717149 | FU54: 704464 | FV54: 686406
B55: 7051047 | D55: TT Veggie (Talent Tank Social Enterprice Limited) | CA55: 270 | CB55: 4689 | CC55: 4747 | CD55: 4730 | CE55: 4248 | CF55: 1915 | CG55: 2836 | CH55: 827 | CI55: 701 | CJ55: 709 | CK55: 706 | CL55: 697 | CM55: 2197 | CN55: 4224 | CO55: 5288 | CP55: 4803 | CQ55: 5147 | CR55: 4545 | CS55: 5898 | CT55: 5125 | CU55: 5758 | CV55: 5157 | CW55: 5336 | CX55: 5304 | CY55: 6206 | CZ55: 5178 | DA55: 4745 | DB55: 3689 | DC55: 3630 | DD55: 946 | DE55: 631 | DF55: 519 | DG55: 476 | DH55: 501 | DI55: 487 | DJ55: 993 | DK55: 5130 | DL55: 4498 | DM55: 1564 | DN55: =FU55-FV55 -> 5059 | DO55: =FT55-FU55 -> 4658 | DP55: =FS55-FT55 -> 5487 | DQ55: =FR55-FS55 -> 5820 | DR55: =FQ55-FR55 -> 5499 | DS55: =FP55-FQ55 -> 6190 | DT55: =FO55-FP55 -> 5574 | DU55: =FN55-FO55 -> 5313 | DV55: =FM55-FN55 -> 6792 | DW55: =FL55-FM55 -> 5746 | DX55: =FK55-FL55 -> 5464 | DY55: =FJ55-FK55 -> 5941 | DZ55: =FI55-FJ55 -> 4960 | EA55: =FH55-FI55 -> 5437 | EB55: =FG55-FH55 -> 5514 | EC55: =FF55-FG55 -> 5357 | ED55: =FE55-FF55 -> 5403 | EE55: 5204 | EF55: 160 | EG55: 167 | EH55: 3958 | EI55: 19874 | EJ55: 19063 | EK55: 17881 | EL55: 16124 | EM55: 12759 | EN55: 16267 | EO55: 15761 | EP55: 16379 | EQ55: 14500 | ER55: 11908 | ES55: 11622 | ET55: 12316 | EU55: 16937 | EV55: 16611 | EW55: 16889 | EX55: 15557 | EY55: 12960 | EZ55: 12586 | FA55: 16327 | FB55: 28799 | FC55: Tamja Samgor | FE55: 223693 | FF55: 218290 | FG55: 212933 | FH55: 207419 | FI55: 201982 | FJ55: 197022 | FK55: 191081 | FL55: 185617 | FM55: 179871 | FN55: 173079 | FO55: 167766 | FP55: 162192 | FQ55: 156002 | FR55: 150503 | FS55: 144683 | FT55: 139196 | FU55: 134538 | FV55: 129479
B56: 10332983 | D56: Shop G/G Rm G22 HFT Life | DJ56: 206 | DK56: 4340 | DL56: 4423 | DM56: 5888 | DN56: =FU56-FV56 -> 5018 | DO56: =FT56-FU56 -> 4283 | DP56: =FS56-FT56 -> 4671 | DQ56: =FR56-FS56 -> 4979 | DR56: =FQ56-FR56 -> 4453 | DS56: =FP56-FQ56 -> 4995 | DT56: =FO56-FP56 -> 4515 | DU56: =FN56-FO56 -> 4691 | DV56: =FM56-FN56 -> 4556 | DW56: =FL56-FM56 -> 4571 | DX56: =FK56-FL56 -> 5070 | DY56: =FJ56-FK56 -> 5138 | DZ56: =FI56-FJ56 -> 4285 | EA56: =FH56-FI56 -> 4631 | EB56: =FG56-FH56 -> 4547 | EC56: =FF56-FG56 -> 4344 | ED56: =FE56-FF56 -> 4989 | EE56: 4494 | EF56: 4176 | EG56: 4405 | EH56: 4322 | EI56: 4478 | EJ56: 4422 | EK56: 4562 | EL56: 4335 | EM56: 3848 | EN56: 4607 | EO56: 4351 | EP56: 4866 | EQ56: 4155 | ER56: 4383 | ES56: 4080 | ET56: 4139 | EU56: 4644 | EV56: 4475 | EW56: 4531 | EX56: 4524 | EY56: 4333 | EZ56: 3764 | FA56: 4815 | FB56: 14998 | FC56: Shop G/G Rm G22 HFT Life | FE56: 93766 | FF56: 88777 | FG56: 84433 | FH56: 79886 | FI56: 75255 | FJ56: 70970 | FK56: 65832 | FL56: 60762 | FM56: 56191 | FN56: 51635 | FO56: 46944 | FP56: 42429 | FQ56: 37434 | FR56: 32981 | FS56: 28002 | FT56: 23331 | FU56: 19048 | FV56: 14030
B57: 15016415 | D57: IB Caterer | FA57: 2627 | FB57: 2353 | FC57: IB Caterer
B58: 10256324 | D58: 7-Eleven in LG5 | FA58: 12196 | FB58: 12692 | FC58: 7-Eleven in LG5
B59: 7676560 | D59: 7-Eleven in UG11 | FA59: 7995 | FB59: 2813 | FC59: 7-Eleven in UG11
B60: 10209372 | D60: PCCW Moblie | CA60: 1834 | CB60: 2205 | CC60: 2228 | CD60: 2260 | CE60: 2262 | CF60: 2056 | CG60: 2352 | CH60: 2144 | CI60: 2160 | CJ60: 2287 | CK60: 2244 | CL60: 2257 | CM60: 2548 | CN60: 2215 | CO60: 2313 | CP60: 2180 | CQ60: 2190 | CR60: 2069 | CS60: 2371 | CT60: 2218 | CU60: 2378 | CV60: 2146 | CW60: 2319 | CX60: 2246 | CY60: 2290 | CZ60: 2184 | DA60: 2281 | DB60: 2112 | DC60: 2039 | DD60: 2169 | DE60: 2112 | DF60: 2117 | DG60: 2190 | DH60: 2196 | DI60: 1983 | DJ60: 2364 | DK60: 1890 | DL60: 1791 | DM60: 2254 | DN60: =FU60-FV60 -> 3061 | DO60: =FT60-FU60 -> 2149 | DP60: =FS60-FT60 -> 2036 | DQ60: =FR60-FS60 -> 2103 | DR60: =FQ60-FR60 -> 1998 | DS60: =FP60-FQ60 -> 2230 | DT60: =FO60-FP60 -> 2114 | DU60: =FN60-FO60 -> 2030 | DV60: =FM60-FN60 -> 2618 | DW60: =FL60-FM60 -> 2846 | DX60: =FK60-FL60 -> 2880 | DY60: =FJ60-FK60 -> 2893 | DZ60: =FI60-FJ60 -> 2680 | EA60: =FH60-FI60 -> 2847 | EB60: =FG60-FH60 -> 2645 | EC60: =FF60-FG60 -> 2511 | ED60: =FE60-FF60 -> 2997 | EE60: 2710 | EF60: 2651 | EG60: 2853 | EH60: 2778 | EI60: 2796 | EJ60: 2644 | EK60: 2677 | EL60: 2709 | EM60: 37272 | EN60: 2787 | EO60: 2484 | EP60: 2949 | EQ60: 2713 | ER60: 2793 | ES60: 2733 | ET60: 2763 | EU60: 2938 | EV60: 2734 | EW60: 2605 | EX60: 2849 | EY60: 2789 | EZ60: 2423 | FA60: 2923 | FB60: 2813 | FC60: PCCW Moblie | FE60: 127183 | FF60: 124186 | FG60: 121675 | FH60: 119030 | FI60: 116183 | FJ60: 113503 | FK60: 110610 | FL60: 107730 | FM60: 104884 | FN60: 102266 | FO60: 100236 | FP60: 98122 | FQ60: 95892 | FR60: 93894 | FS60: 91791 | FT60: 89755 | FU60: 87606 | FV60: 84545
B61: 10279381 | D61: PCCW-HKT TELEPHONE LIMITED | CW61: 34 | CX61: 74 | CY61: 64 | CZ61: 387 | DA61: 217 | DB61: 1020 | DC61: 1257 | DD61: 2193 | DE61: 2245 | DF61: 2601 | DG61: 3250 | DH61: 3029 | DI61: 2829 | DJ61: 3376 | DK61: 3491 | DL61: 3334 | DM61: 3610 | DN61: =FU61-FV61 -> 3383 | DO61: =FT61-FU61 -> 3283 | DP61: =FS61-FT61 -> 3128 | DQ61: =FR61-FS61 -> 3268 | DR61: =FQ61-FR61 -> 3124 | DS61: =FP61-FQ61 -> 3441 | DT61: =FO61-FP61 -> 3189 | DU61: =FN61-FO61 -> 3090 | DV61: =FM61-FN61 -> 3545 | DW61: =FL61-FM61 -> 3284 | DX61: =FK61-FL61 -> 3439 | DY61: =FJ61-FK61 -> 3724 | DZ61: =FI61-FJ61 -> 3425 | EA61: =FH61-FI61 -> 3966 | EB61: =FG61-FH61 -> 3757 | EC61: =FF61-FG61 -> 3543 | ED61: =FE61-FF61 -> 3928 | EE61: 3577 | EF61: 3415 | EG61: 3780 | EH61: 3892 | EI61: 3781 | EJ61: 3621 | EK61: 3642 | EL61: 3674 | EM61: 3311 | EN61: 3792 | EO61: 3375 | EP61: 3955 | EQ61: 3624 | ER61: 3687 | ES61: 2839 | ET61: 3586 | EU61: 3900 | EV61: 3876 | EW61: 3760 | EX61: 4075 | EY61: 3614 | EZ61: 3209 | FA61: 2868 | FB61: 3725 | FC61: PCCW-HKT TELEPHONE LIMITED | FE61: 92088 | FF61: 88160 | FG61: 84617 | FH61: 80860 | FI61: 76894 | FJ61: 73469 | FK61: 69745 | FL61: 66306 | FM61: 63022 | FN61: 59477 | FO61: 56387 | FP61: 53198 | FQ61: 49757 | FR61: 46633 | FS61: 43365 | FT61: 40237 | FU61: 36954 | FV61: 33571
B62: 10279196 | D62: PCCW-HKT TELEPHONE LIMITED | CW62: 2287 | CX62: 3438 | CY62: 3519 | CZ62: 3258 | DA62: 3547 | DB62: 3286 | DC62: 3181 | DD62: 3269 | DE62: 3164 | DF62: 3118 | DG62: 3246 | DH62: 3285 | DI62: 3087 | DJ62: 3404 | DK62: 3333 | DL62: 2962 | DM62: 3510 | DN62: =FU62-FV62 -> 3171 | DO62: =FT62-FU62 -> 3322 | DP62: =FS62-FT62 -> 3104 | DQ62: =FR62-FS62 -> 3257 | DR62: =FQ62-FR62 -> 3068 | DS62: =FP62-FQ62 -> 3447 | DT62: =FO62-FP62 -> 3187 | DU62: =FN62-FO62 -> 2772 | DV62: =FM62-FN62 -> 3124 | DW62: =FL62-FM62 -> 2822 | DX62: =FK62-FL62 -> 2840 | DY62: =FJ62-FK62 -> 2856 | DZ62: =FI62-FJ62 -> 2760 | EA62: =FH62-FI62 -> 3023 | EB62: =FG62-FH62 -> 2710 | EC62: =FF62-FG62 -> 2542 | ED62: =FE62-FF62 -> 2935 | EE62: 2649 | EF62: 2561 | EG62: 2869 | EH62: 2796 | EI62: 2800 | EJ62: 2742 | EK62: 2848 | EL62: 2924 | EM62: 2741 | EN62: 2887 | EO62: 2629 | EP62: 3114 | EQ62: 2840 | ER62: 2934 | ES62: 2839 | ET62: 2861 | EU62: 3045 | EV62: 2815 | EW62: 2732 | EX62: 3051 | EY62: 2907 | EZ62: 2641 | FA62: 2917 | FB62: 2936 | FC62: PCCW-HKT TELEPHONE LIMITED | FE62: 105846 | FF62: 102911 | FG62: 100369 | FH62: 97659 | FI62: 94636 | FJ62: 91876 | FK62: 89020 | FL62: 86180 | FM62: 83358 | FN62: 80234 | FO62: 77462 | FP62: 74275 | FQ62: 70828 | FR62: 67760 | FS62: 64503 | FT62: 61399 | FU62: 58077 | FV62: 54906
B63: 7622939 | D63: Super Sandwich (LG7 shop food outlet 4) | CX63: 4328 | CY63: 11881 | CZ63: 9354 | DA63: 11449 | DB63: 8923 | DC63: 6378 | DD63: 5778 | DE63: 1710 | DF63: 1116 | DG63: 1174 | DH63: 1190 | DI63: 1028 | DJ63: 7701 | DK63: 10593 | DL63: 9816 | DM63: 11027 | DN63: =FU63-FV63 -> 8198 | DO63: =FT63-FU63 -> 5628 | DP63: =FS63-FT63 -> 9571 | DQ63: =FR63-FS63 -> 11055 | DR63: =FQ63-FR63 -> 9330 | DS63: =FP63-FQ63 -> 10788 | DT63: =FO63-FP63 -> 8390 | DU63: =FN63-FO63 -> 7406 | DV63: =FM63-FN63 -> 9302 | DW63: =FL63-FM63 -> 10668 | DX63: =FK63-FL63 -> 10426 | DY63: =FJ63-FK63 -> 11371 | DZ63: =FI63-FJ63 -> 8325 | EA63: =FH63-FI63 -> 7650 | EB63: =FG63-FH63 -> 10247 | EC63: =FF63-FG63 -> 10685 | ED63: =FE63-FF63 -> 10826 | EE63: 10645 | EF63: 7147 | EG63: 7451 | EH63: 8451 | EI63: 10809 | EJ63: 13020 | EK63: 12504 | EL63: 9600 | EM63: 5836 | EN63: 10269 | EO63: 10503 | EP63: 10891 | EQ63: 10812 | ER63: 6883 | ES63: 6838 | ET63: 7407 | EU63: 12563 | EV63: 12092 | EW63: 12146 | EX63: 10170 | EY63: 6873 | EZ63: 8204 | FA63: 12409 | FB63: 7190 | FC63: Super Sandwich (LG7 shop food outlet 4) | FE63: 263381 | FF63: 252555 | FG63: 241870 | FH63: 231623 | FI63: 223973 | FJ63: 215648 | FK63: 204277 | FL63: 193851 | FM63: 183183 | FN63: 173881 | FO63: 166475 | FP63: 158085 | FQ63: 147297 | FR63: 137967 | FS63: 126912 | FT63: 117341 | FU63: 111713 | FV63: 103515
B64: 10256324 | D64: The Dairy Farm Company Limited (LG5302 & LG5302A) | CY64: 238 | CZ64: 38 | DA64: 16 | DB64: 4075 | DC64: 8596 | DD64: 8882 | DE64: 9272 | DF64: 10371 | DG64: 10406 | DH64: 11887 | DI64: 10961 | DJ64: 11681 | DK64: 13242 | DL64: 11132 | DM64: 10806 | DN64: =FU64-FV64 -> 9063 | DO64: =FT64-FU64 -> 9023 | DP64: =FS64-FT64 -> 8797 | DQ64: =FR64-FS64 -> 8648 | DR64: =FQ64-FR64 -> 8385 | DS64: =FP64-FQ64 -> 9542 | DT64: =FO64-FP64 -> 8805 | DU64: =FN64-FO64 -> 8243 | DV64: =FM64-FN64 -> 10127 | DW64: =FL64-FM64 -> 11310 | DX64: =FK64-FL64 -> 12205 | DY64: =FJ64-FK64 -> 10668 | DZ64: =FI64-FJ64 -> 8890 | EA64: =FH64-FI64 -> 8867 | EB64: =FG64-FH64 -> 9254 | EC64: =FF64-FG64 -> 9459 | ED64: =FE64-FF64 -> 13709 | EE64: 13114 | EF64: 12053 | EG64: 12818 | EH64: 10640 | EI64: 11216 | EJ64: 10068 | EK64: 9549 | EL64: 9217 | EM64: 8145 | EN64: 9154 | EO64: 8684 | EP64: 10967 | EQ64: 12258 | ER64: 12272 | ES64: 11165 | ET64: 11547 | EU64: 12753 | EV64: 12460 | EW64: 9602 | EX64: 9925 | EY64: 9723 | EZ64: 9956 | FA64: 11865 | FB64: 12692 | FC64: The Dairy Farm Company Limited (LG5302 & LG5302A) | FE64: 286610 | FF64: 272901 | FG64: 263442 | FH64: 254188 | FI64: 245321 | FJ64: 236431 | FK64: 225763 | FL64: 213558 | FM64: 202248 | FN64: 192121 | FO64: 183878 | FP64: 175073 | FQ64: 165531 | FR64: 157146 | FS64: 148498 | FT64: 139701 | FU64: 130678 | FV64: 121615
B65: 12370123 | C65: 11015373 | D65: PCCW-HKT TELEPHONE LIMITED | CZ65: 0 | DA65: 0 | DB65: 88 | DC65: 321 | DD65: 346 | DE65: 334 | DF65: 336 | DG65: 347 | DH65: 346 | DI65: 315 | DJ65: 368 | DK65: 351 | DL65: 331 | DM65: 366 | DN65: =FU65-FV65 -> 350 | DO65: =FT65-FU65 -> 351 | DP65: =FS65-FT65 -> 329 | DQ65: =FR65-FS65 -> 342 | DR65: =FQ65-FR65 -> 329 | DS65: =FP65-FQ65 -> 363 | DT65: =FO65-FP65 -> 337 | DU65: =FN65-FO65 -> 326 | DV65: =FM65-FN65 -> 375 | DW65: =FL65-FM65 -> 341 | DX65: =FK65-FL65 -> 352 | DY65: =FJ65-FK65 -> 352 | DZ65: =FI65-FJ65 -> 325 | EA65: =FH65-FI65 -> 358 | EB65: =FG65-FH65 -> 337 | EC65: =FF65-FG65 -> 316 | ED65: =FE65-FF65 -> 372 | EE65: 338 | EF65: 325 | EG65: 361 | EH65: 351 | EI65: 352 | EJ65: 340 | EK65: 79 | EL65: =259+347 -> 606 | EM65: 310 | EN65: 356 | EO65: 312 | EP65: 368 | EQ65: 333 | ER65: 342 | ES65: 330 | ET65: 329 | EU65: 353 | EV65: 329 | EW65: 318 | EX65: 352 | EY65: 335 | EZ65: 294 | FA65: 348 | FB65: 338 | FC65: PCCW-HKT TELEPHONE LIMITED | FE65: 9704 | FF65: 9332 | FG65: 9016 | FH65: 8679 | FI65: 8321 | FJ65: 7996 | FK65: 7644 | FL65: 7292 | FM65: 6951 | FN65: 6576 | FO65: 6250 | FP65: 5913 | FQ65: 5550 | FR65: 5221 | FS65: 4879 | FT65: 4550 | FU65: 4199 | FV65: 3849
B66: 10988966 | D66: PCCW-HKT TELEPHONE LIMITED | CZ66: 0 | DA66: 0 | DB66: 0 | DC66: 98 | DD66: 389 | DE66: 375 | DF66: 379 | DG66: 390 | DH66: 390 | DI66: 352 | DJ66: 372 | DK66: 352 | DL66: 366 | DM66: 347 | DN66: =FU66-FV66 -> 360 | DO66: =FT66-FU66 -> 358 | DP66: =FS66-FT66 -> 337 | DQ66: =FR66-FS66 -> 351 | DR66: =FQ66-FR66 -> 343 | DS66: =FP66-FQ66 -> 372 | DT66: =FO66-FP66 -> 356 | DU66: =FN66-FO66 -> 326 | DV66: =FM66-FN66 -> 381 | DW66: =FL66-FM66 -> 351 | DX66: =FK66-FL66 -> 359 | DY66: =FJ66-FK66 -> 362 | DZ66: =FI66-FJ66 -> 334 | EA66: =FH66-FI66 -> 362 | EB66: =FG66-FH66 -> 338 | EC66: =FF66-FG66 -> 318 | ED66: =FE66-FF66 -> 374 | EE66: 337 | EF66: 353 | EG66: 369 | EH66: 352 | EI66: 359 | EJ66: 336 | EK66: 340 | EL66: 344 | EM66: 329 | EN66: 357 | EO66: 323 | EP66: 378 | EQ66: 298 | ER66: 356 | ES66: 347 | ET66: 344 | EU66: 370 | EV66: 344 | EW66: 334 | EX66: 365 | EY66: 353 | EZ66: 308 | FA66: 368 | FB66: 356 | FC66: PCCW-HKT TELEPHONE LIMITED | FE66: 9792 | FF66: 9418 | FG66: 9100 | FH66: 8762 | FI66: 8400 | FJ66: 8066 | FK66: 7704 | FL66: 7345 | FM66: 6994 | FN66: 6613 | FO66: 6287 | FP66: 5931 | FQ66: 5559 | FR66: 5216 | FS66: 4865 | FT66: 4528 | FU66: 4170 | FV66: 3810
B67: 10988974 | D67: PCCW-HKT TELEPHONE LIMITED | CZ67: 0 | DA67: 0 | DB67: 69 | DC67: 237 | DD67: 254 | DE67: 246 | DF67: 247 | DG67: 255 | DH67: 256 | DI67: 242 | DJ67: 273 | DK67: 251 | DL67: 247 | DM67: 346 | DN67: =FU67-FV67 -> 260 | DO67: =FT67-FU67 -> 259 | DP67: =FS67-FT67 -> 246 | DQ67: =FR67-FS67 -> 254 | DR67: =FQ67-FR67 -> 250 | DS67: =FP67-FQ67 -> 271 | DT67: =FO67-FP67 -> 261 | DU67: =FN67-FO67 -> 236 | DV67: =FM67-FN67 -> 279 | DW67: =FL67-FM67 -> 256 | DX67: =FK67-FL67 -> 264 | DY67: =FJ67-FK67 -> 265 | DZ67: =FI67-FJ67 -> 244 | EA67: =FH67-FI67 -> 269 | EB67: =FG67-FH67 -> 254 | EC67: =FF67-FG67 -> 238 | ED67: =FE67-FF67 -> 280 | EE67: 255 | EF67: 243 | EG67: 273 | EH67: 264 | EI67: 267 | EJ67: 257 | EK67: 257 | EL67: 260 | EM67: 243 | EN67: 263 | EO67: 238 | EP67: 280 | EQ67: 249 | ER67: 262 | ES67: 254 | ET67: 254 | EU67: 272 | EV67: 254 | EW67: 246 | EX67: 268 | EY67: 353 | EZ67: 227 | FA67: 272 | FB67: 262 | FC67: PCCW-HKT TELEPHONE LIMITED | FE67: 7235 | FF67: 6955 | FG67: 6717 | FH67: 6463 | FI67: 6194 | FJ67: 5950 | FK67: 5685 | FL67: 5421 | FM67: 5165 | FN67: 4886 | FO67: 4650 | FP67: 4389 | FQ67: 4118 | FR67: 3868 | FS67: 3614 | FT67: 3368 | FU67: 3109 | FV67: 2849
B68: 10988969 | D68: PCCW-HKT TELEPHONE LIMITED | CZ68: 0 | DA68: 0 | DB68: 97 | DC68: 365 | DD68: 391 | DE68: 379 | DF68: 382 | DG68: 394 | DH68: 378 | DI68: 343 | DJ68: 409 | DK68: 378 | DL68: 360 | DM68: 400 | DN68: =FU68-FV68 -> 385 | DO68: =FT68-FU68 -> 381 | DP68: =FS68-FT68 -> 360 | DQ68: =FR68-FS68 -> 373 | DR68: =FQ68-FR68 -> 367 | DS68: =FP68-FQ68 -> 395 | DT68: =FO68-FP68 -> 365 | DU68: =FN68-FO68 -> 328 | DV68: =FM68-FN68 -> 387 | DW68: =FL68-FM68 -> 355 | DX68: =FK68-FL68 -> 366 | DY68: =FJ68-FK68 -> 368 | DZ68: =FI68-FJ68 -> 340 | EA68: =FH68-FI68 -> 371 | EB68: =FG68-FH68 -> 351 | EC68: =FF68-FG68 -> 330 | ED68: =FE68-FF68 -> 388 | EE68: 354 | EF68: 383 | EG68: 374 | EH68: 364 | EI68: 366 | EJ68: 354 | EK68: 354 | EL68: 361 | EM68: 335 | EN68: 360 | EO68: 328 | EP68: 385 | EQ68: 345 | ER68: 360 | ES68: 348 | ET68: 349 | EU68: 376 | EV68: 354 | EW68: 340 | EX68: 374 | EY68: 356 | EZ68: 313 | FA68: 377 | FB68: 360 | FC68: PCCW-HKT TELEPHONE LIMITED | FE68: 10486 | FF68: 10098 | FG68: 9768 | FH68: 9417 | FI68: 9046 | FJ68: 8706 | FK68: 8338 | FL68: 7972 | FM68: 7617 | FN68: 7230 | FO68: 6902 | FP68: 6537 | FQ68: 6142 | FR68: 5775 | FS68: 5402 | FT68: 5042 | FU68: 4661 | FV68: 4276
B69: 10988975 | D69: PCCW-HKT TELEPHONE LIMITED | CZ69: 0 | DA69: 0 | DB69: 68 | DC69: 242 | DD69: 262 | DE69: 252 | DF69: 256 | DG69: 264 | DH69: 267 | DI69: 241 | DJ69: 291 | DK69: 270 | DL69: 257 | DM69: 285 | DN69: =FU69-FV69 -> 273 | DO69: =FT69-FU69 -> 269 | DP69: =FS69-FT69 -> 255 | DQ69: =FR69-FS69 -> 266 | DR69: =FQ69-FR69 -> 261 | DS69: =FP69-FQ69 -> 284 | DT69: =FO69-FP69 -> 272 | DU69: =FN69-FO69 -> 247 | DV69: =FM69-FN69 -> 291 | DW69: =FL69-FM69 -> 267 | DX69: =FK69-FL69 -> 276 | DY69: =FJ69-FK69 -> 277 | DZ69: =FI69-FJ69 -> 254 | EA69: =FH69-FI69 -> 277 | EB69: =FG69-FH69 -> 262 | EC69: =FF69-FG69 -> 248 | ED69: =FE69-FF69 -> 292 | EE69: 267 | EF69: 254 | EG69: 282 | EH69: 274 | EI69: 277 | EJ69: 268 | EK69: 266 | EL69: 272 | EM69: 250 | EN69: 270 | EO69: 247 | EP69: 291 | EQ69: 262 | ER69: 271 | ES69: 265 | ET69: 263 | EU69: 285 | EV69: 268 | EW69: 259 | EX69: 278 | EY69: 266 | EZ69: 235 | FA69: 283 | FB69: 275 | FC69: PCCW-HKT TELEPHONE LIMITED | FE69: 7526 | FF69: 7234 | FG69: 6986 | FH69: 6724 | FI69: 6447 | FJ69: 6193 | FK69: 5916 | FL69: 5640 | FM69: 5373 | FN69: 5082 | FO69: 4835 | FP69: 4563 | FQ69: 4279 | FR69: 4018 | FS69: 3752 | FT69: 3497 | FU69: 3228 | FV69: 2955
B70: 10988970 | D70: PCCW-HKT TELEPHONE LIMITED | CZ70: 0 | DA70: 0 | DB70: 77 | DC70: 288 | DD70: 321 | DE70: 311 | DF70: 318 | DG70: 325 | DH70: 329 | DI70: 299 | DJ70: 356 | DK70: 327 | DL70: 314 | DM70: 346 | DN70: =FU70-FV70 -> 333 | DO70: =FT70-FU70 -> 330 | DP70: =FS70-FT70 -> 310 | DQ70: =FR70-FS70 -> 324 | DR70: =FQ70-FR70 -> 318 | DS70: =FP70-FQ70 -> 345 | DT70: =FO70-FP70 -> 333 | DU70: =FN70-FO70 -> 302 | DV70: =FM70-FN70 -> 355 | DW70: =FL70-FM70 -> 325 | DX70: =FK70-FL70 -> 335 | DY70: =FJ70-FK70 -> 335 | DZ70: =FI70-FJ70 -> 310 | EA70: =FH70-FI70 -> 340 | EB70: =FG70-FH70 -> 324 | EC70: =FF70-FG70 -> 306 | ED70: =FE70-FF70 -> 359 | EE70: 326 | EF70: 311 | EG70: 343 | EH70: 334 | EI70: 337 | EJ70: 326 | EK70: 326 | EL70: 332 | EM70: 308 | EN70: 332 | EO70: 303 | EP70: 355 | EQ70: 320 | ER70: 332 | ES70: 321 | ET70: 321 | EU70: 347 | EV70: 326 | EW70: 315 | EX70: 340 | EY70: 326 | EZ70: 287 | FA70: 346 | FB70: 331 | FC70: PCCW-HKT TELEPHONE LIMITED | FE70: 9193 | FF70: 8834 | FG70: 8528 | FH70: 8204 | FI70: 7864 | FJ70: 7554 | FK70: 7219 | FL70: 6884 | FM70: 6559 | FN70: 6204 | FO70: 5902 | FP70: 5569 | FQ70: 5224 | FR70: 4906 | FS70: 4582 | FT70: 4272 | FU70: 3942 | FV70: 3609
B71: 10988964 | D71: PCCW-HKT TELEPHONE LIMITED | CZ71: 0 | DA71: 0 | DB71: 94 | DC71: 341 | DD71: 362 | DE71: 359 | DF71: 345 | DG71: 368 | DH71: 363 | DI71: 325 | DJ71: 382 | DK71: 362 | DL71: 324 | DM71: 370 | DN71: =FU71-FV71 -> 358 | DO71: =FT71-FU71 -> 355 | DP71: =FS71-FT71 -> 336 | DQ71: =FR71-FS71 -> 347 | DR71: =FQ71-FR71 -> 341 | DS71: =FP71-FQ71 -> 368 | DT71: =FO71-FP71 -> 357 | DU71: =FN71-FO71 -> 323 | DV71: =FM71-FN71 -> 380 | DW71: =FL71-FM71 -> 348 | DX71: =FK71-FL71 -> 358 | DY71: =FJ71-FK71 -> 359 | DZ71: =FI71-FJ71 -> 333 | EA71: =FH71-FI71 -> 367 | EB71: =FG71-FH71 -> 350 | EC71: =FF71-FG71 -> 331 | ED71: 383 | EE71: 347 | EF71: 334 | EG71: 375 | EH71: 358 | EI71: 1047 | EJ71: 346 | EK71: 346 | EL71: 359 | EM71: 338 | EN71: 368 | EO71: 327 | EP71: 384 | EQ71: 338 | ER71: 356 | ES71: 345 | ET71: 345 | EU71: 367 | EV71: 344 | EW71: 331 | EX71: 364 | EY71: 354 | EZ71: 305 | FA71: 366 | FB71: 352 | FC71: PCCW-HKT TELEPHONE LIMITED | FE71: 9606 | FF71: 9606 | FG71: 9275 | FH71: 8925 | FI71: 8558 | FJ71: 8225 | FK71: 7866 | FL71: 7508 | FM71: 7160 | FN71: 6780 | FO71: 6457 | FP71: 6100 | FQ71: 5732 | FR71: 5391 | FS71: 5044 | FT71: 4708 | FU71: 4353 | FV71: 3995
