Workbook

Sheet JUL-19
C2: HKUST - Campus and Student Hostel
C3: General Wastes Statistics | K3: Month/Year: Jul-2019 | AI3: Submission Date: 9-AUG-2019
C4: Waste Types | D4: Date of General Wastes Collection Details (Tonne) | AI4: Total Weight
D5: 43647 | E5: 43648 | F5: 43649 | G5: 43650 | H5: 43651 | I5: 43652 | J5: 43653 | K5: 43654 | L5: 43655 | M5: 43656 | N5: 43657 | O5: 43658 | P5: 43659 | Q5: 43660 | R5: 43661 | S5: 43662 | T5: 43663 | U5: 43664 | V5: 43665 | W5: 43666 | X5: 43667 | Y5: 43668 | Z5: 43669 | AA5: 43670 | AB5: 43671 | AC5: 43672 | AD5: 43673 | AE5: 43674 | AF5: 43675 | AG5: 43676 | AH5: 43677
C6: General Wastes | D6: 2.91 | E6: 2.91 | F6: 2.91 | G6: 2.91 | H6: 2.91 | I6: 2.91 | J6: 2.91 | K6: 2.91 | L6: 3.06 | M6: 2.4 | N6: 3.3 | O6: 2.99 | P6: 2.56 | Q6: 2.31 | R6: 2.91 | S6: 2.91 | T6: 3.45 | U6: 2.96 | V6: 3.14 | W6: 2.58 | X6: 2.12 | Y6: 2.78 | Z6: 2.56 | AA6: 2.84 | AB6: 2.85 | AC6: 4.06 | AD6: 3.93 | AE6: 2.21 | AF6: 2.78 | AG6: 3.35 | AH6: 2.91 | AI6: =SUM(D6:AH6) -> 90.24
C7: Yellow skip | E7: 3.1 | G7: 1.6 | H7: 2 | I7: 1.6 | K7: 2.2 | L7: 1.1 | M7: 1.3 | N7: 1 | O7: 1.2 | P7: 1 | Q7: 1 | S7: 1.6 | T7: 2 | V7: 1.5 | W7: 1.1 | Y7: 2.1 | Z7: 1 | AA7: 1.4 | AB7: 2.2 | AC7: 3.2 | AD7: 1.9 | AF7: 1.7 | AG7: 1 | AH7: 1.2 | AI7: =SUM(D7:AH7) -> 39
C8: Total Weight (Tonne) | D8: =SUM(D6:D7) -> 2.91 | E8: =SUM(E6:E7) -> 6.01 | F8: =SUM(F6:F7) -> 2.91 | G8: =SUM(G6:G7) -> 4.51 | H8: =SUM(H6:H7) -> 4.91 | I8: =SUM(I6:I7) -> 4.51 | J8: =SUM(J6:J7) -> 2.91 | K8: =SUM(K6:K7) -> 5.11 | ... AI8: =SUM(AI6:AI7) -> 129.24
C9: Recyclable Wastes Statistics
C10: Recycled Types | D10: Date of Recycling Wastes Collection Details (kg) | AI10: Total Weight
D11: 43647 | E11: 43648 | F11: 43649 | G11: 43650 | H11: 43652 | I11: 43654 | J11: 43656 | K11: 43657 | L11: 43659 | M11: 43662 | N11: 43663 | O11: 43664 | P11: 43665 | Q11: 43668 | R11: 43669 | S11: 43671 | T11: 43673 | U11: 43675 | V11: 43676
C12: Old Corrugated Containers | D12: 309 | E12: 403 | F12: 850 | G12: 280 | H12: 140 | I12: 214 | J12: 490 | K12: 150 | L12: 323 | M12: 280 | N12: 245 | O12: 102 | P12: 305 | Q12: 108 | R12: 150 | S12: 710 | T12: 105 | U12: 200 | V12: 332 | AI12: =SUM(D12:AH12) -> 5696
C13: Office Paper / Newspapers | E13: 280 | F13: 350 | G13: 365 | H13: 175 | J13: 1010 | K13: 350 | L13: 425 | M13: 350 | N13: 316 | O13: 258 | P13: 150 | R13: 473 | S13: 382 | T13: 600 | U13: 192 | V13: 780 | AI13: =SUM(D13:AH13) -> 6456
C14: Waste Plastic Bottles | E14: 20 | G14: 95 | H14: 68 | K14: 35 | O14: 60 | Q14: 42 | S14: 29 | U14: 41 | AI14: =SUM(D14:AH14) -> 390
C15: Aluminum Cans | F15: 10 | G15: 16 | I15: 14 | K15: 14 | M15: 10 | O15: 11 | S15: 16 | U15: 9 | AI15: =SUM(D15:AH15) -> 100
C16: Metal | H16: 350 | Q16: 35 | V16: 38 | AI16: =SUM(D16:AH16) -> 423
C17: Other:(pls specify) | AI17: =SUM(D17:AH17) -> 0
C18: Total Weight (kg) | D18: =SUM(D12:D17) -> 309 | E18: =SUM(E12:E17) -> 703 | F18: =SUM(F12:F17) -> 1210 | G18: =SUM(G12:G17) -> 756 | H18: =SUM(H12:H17) -> 733 | I18: =SUM(I12:I17) -> 228 | J18: =SUM(J12:J17) -> 1500 | K18: =SUM(K12:K17) -> 549 | ... AI18: =SUM(AI12:AI17) -> 13065
C20: (A) Total Weight of General Waste of this Month : | H20: =AI8*1000 -> 129240 | J20: kg | M20: (C) Total Recycling Ratio Percentage of this Month : | T20: =(H21/(H20+H21))*100 -> 9.1809845 | AA20: % < i.e.= B/(A+B) >
C21: (B) Total Weight of Recycled Waste of this Month : | H21: =AI18 -> 13065 | J21: kg | M21: (D) Total Recycling Ratio of Y-T-D Average : | T21: =SUM(D25:AI25)/COUNTA(D25:AI25)*100 -> 9.1809845 | AA21: %
C23: Yearly Summary of Recycling Ratio Percentage
C24: Month | D24: 43647 | F24: 43678 | H24: 43709 | J24: 43739 | L24: 43770 | N24: 43800 | P24: 43831 | R24: 43862 | T24: 43891 | V24: 43922 | X24: 43952 | Z24: 43983 | AB24: 44013 | AD24: 44044 | AF24: 44075 | AH24: 44105
C25: Recycling Ratio Percentage | D25: =T20/100 -> 0.091809845

Sheet AUG-19
C2: HKUST - Campus and Student Hostel
C3: General Wastes Statistics | K3: Month/Year: Aug-2019 | AI3: Submission Date: 2-Sep-2019
C4: Waste Types | D4: Date of General Wastes Collection Details (Tonne) | AI4: Total Weight
D5: 43678 | E5: 43679 | F5: 43680 | G5: 43681 | H5: 43682 | I5: 43683 | J5: 43684 | K5: 43685 | L5: 43686 | M5: 43687 | N5: 43688 | O5: 43689 | P5: 43690 | Q5: 43691 | R5: 43692 | S5: 43693 | T5: 43694 | U5: 43695 | V5: 43696 | W5: 43697 | X5: 43698 | Y5: 43699 | Z5: 43700 | AA5: 43701 | AB5: 43702 | AC5: 43703 | AD5: 43704 | AE5: 43705 | AF5: 43706 | AG5: 43707 | AH5: 43708
C6: General Wastes | D6: 2.7 | E6: 2.7 | F6: 2.97 | G6: 2.4 | H6: 3.73 | I6: 2.53 | J6: 3.68 | K6: 3.35 | L6: 3.84 | M6: 3.51 | N6: 3.54 | O6: 3.82 | P6: 3.56 | Q6: 4.2 | R6: 4.03 | S6: 4.04 | T6: 3.61 | U6: 2.92 | V6: 3.01 | W6: 4.37 | X6: 4.21 | Y6: 3.73 | Z6: 3.9 | AA6: 3.44 | AB6: 3.01 | AC6: 3.92 | AD6: 4.84 | AE6: 4.39 | AF6: 4.25 | AG6: 4.45 | AH6: 3.54 | AI6: =SUM(D6:AH6) -> 112.19
C7: Yellow skip | D7: 2.94 | E7: 2.76 | F7: 2.08 | G7: 0 | H7: 1.21 | I7: 2.92 | J7: 2.31 | K7: 1.27 | L7: 3.78 | M7: 1.42 | N7: 0 | O7: 4.04 | P7: 2.29 | Q7: 1.08 | R7: 1.05 | S7: 1.03 | T7: 1.02 | U7: 0 | V7: 1.32 | W7: 0.69 | X7: 1.64 | Y7: 1.66 | Z7: 2.7 | AA7: 2.52 | AB7: 0 | AC7: 1.09 | AD7: 1.15 | AE7: 1.07 | AF7: 2.68 | AG7: 1.55 | AH7: 2.48 | AI7: =SUM(D7:AH7) -> 51.75
C8: Total Weight (Tonne) | D8: =SUM(D6:D7) -> 5.64 | E8: =SUM(E6:E7) -> 5.46 | F8: =SUM(F6:F7) -> 5.05 | G8: =SUM(G6:G7) -> 2.4 | H8: =SUM(H6:H7) -> 4.94 | I8: =SUM(I6:I7) -> 5.45 | J8: =SUM(J6:J7) -> 5.99 | K8: =SUM(K6:K7) -> 4.62 | ... AI8: =SUM(AI6:AI7) -> 163.94
C9: Recyclable Wastes Statistics
C10: Recycled Types | D10: Date of Recycling Wastes Collection Details (kg) | AI10: Total Weight
D11: 43678 | E11: 43680 | F11: 43683 | G11: 43684 | H11: 43685 | I11: 43687 | J11: 43690 | K11: 43691 | L11: 43693 | M11: 43696 | N11: 43698 | O11: 43700 | P11: 43703 | Q11: 43705 | R11: 43707
C12: Old Corrugated Containers | D12: 370 | E12: 230 | F12: 203 | G12: 180 | I12: 382 | J12: 237 | K12: 595 | L12: 645 | M12: 434 | N12: 477 | O12: 495 | P12: 515 | Q12: 724 | R12: 772 | AI12: =SUM(D12:AH12) -> 6259
C13: Office Paper / Newspapers | D13: 360 | E13: 432 | F13: 410 | G13: 345 | I13: 300 | J13: 456 | L13: 490 | M13: 388 | N13: 301 | O13: 428 | P13: 632 | Q13: 400 | R13: 704 | AI13: =SUM(D13:AH13) -> 5646
C14: Waste Plastic Bottles | E14: 41 | I14: 65 | J14: 30 | L14: 43 | N14: 32 | P14: 40 | R14: 51 | AI14: =SUM(D14:AH14) -> 302
C15: Aluminum Cans | E15: 12 | I15: 10 | J15: 11 | R15: 18 | AI15: =SUM(D15:AH15) -> 51
C16: Metal | H16: 118 | L16: 66 | P16: 83 | AI16: =SUM(D16:AH16) -> 267
C17: Other:(pls specify) | AI17: =SUM(D17:AH17) -> 0
C18: Total Weight (kg) | D18: =SUM(D12:D17) -> 730 | E18: =SUM(E12:E17) -> 715 | F18: =SUM(F12:F17) -> 613 | G18: =SUM(G12:G17) -> 525 | H18: =SUM(H12:H17) -> 118 | I18: =SUM(I12:I17) -> 757 | J18: =SUM(J12:J17) -> 734 | K18: =SUM(K12:K17) -> 595 | ... AI18: =SUM(AI12:AI17) -> 12525
C20: (A) Total Weight of General Waste of this Month : | H20: =AI8*1000 -> 163940 | J20: kg | M20: (C) Total Recycling Ratio Percentage of this Month : | T20: =(H21/(H20+H21))*100 -> 7.0977248 | AA20: % < i.e.= B/(A+B) >
C21: (B) Total Weight of Recycled Waste of this Month : | H21: =AI18 -> 12525 | J21: kg | M21: (D) Total Recycling Ratio of Y-T-D Average : | T21: =SUM(D25:AI25)/COUNTA(D25:AI25)*100 -> 8.1393546 | AA21: %
C23: Yearly Summary of Recycling Ratio Percentage
C24: Month | D24: 43647 | F24: 43678 | H24: 43709 | J24: 43739 | L24: 43770 | N24: 43800 | P24: 43831 | R24: 43862 | T24: 43891 | V24: 43922 | X24: 43952 | Z24: 43983 | AB24: 44013 | AD24: 44044 | AF24: 44075 | AH24: 44105
C25: Recycling Ratio Percentage | D25: ='JUL-19'!D25:E25 -> 0.091809845 | F25: =T20/100 -> 0.070977248

Sheet SEP-19 
C2: HKUST - Campus and Student Hostel
C3: General Wastes Statistics | K3: Month/Year: SEP-2019 | AI3: Submission Date: 9-Sep-2019
C4: Waste Types | D4: Date of General Wastes Collection Details (Tonne) | AI4: Total Weight
D5: 43709 | E5: 43710 | F5: 43711 | G5: 43712 | H5: 43713 | I5: 43714 | J5: 43715 | K5: 43716 | L5: 43717 | M5: 43718 | N5: 43719 | O5: 43720 | P5: 43721 | Q5: 43722 | R5: 43723 | S5: 43724 | T5: 43725 | U5: 43726 | V5: 43727 | W5: 43728 | X5: 43729 | Y5: 43730 | Z5: 43731 | AA5: 43732 | AB5: 43733 | AC5: 43734 | AD5: 43735 | AE5: 43736 | AF5: 43737 | AG5: 43738
C6: General Wastes | D6: 3.17 | E6: 5.16 | F6: 5.17 | G6: 5.03 | H6: 5.42 | I6: 5.15 | J6: 4.82 | K6: 3.67 | L6: 5.87 | M6: 5.18 | N6: 5.02 | O6: 5.23 | P6: 4.88 | Q6: 3.42 | R6: 3.5 | S6: 4.4 | T6: 5.28 | U6: 4.93 | V6: 4.95 | W6: 5.14 | X6: 4.31 | Y6: 3.45 | Z6: 4.22 | AA6: 4.92 | AB6: 4.93 | AC6: 4.83 | AD6: 4.73 | AE6: 4.16 | AF6: 3.59 | AG6: 3.9 | AI6: =SUM(D6:AH6) -> 138.43
C7: Yellow skip | D7: 0 | E7: 3.39 | F7: 3.11 | G7: 1.13 | H7: 1.78 | I7: 2.03 | J7: 0.66 | K7: 0 | L7: 3.63 | M7: 2.93 | N7: 1.73 | O7: 2.95 | P7: 2.4 | Q7: 0 | R7: 0.99 | S7: 3.7 | T7: 2.39 | U7: 3.25 | V7: 2.41 | W7: 3.84 | X7: 0.91 | Y7: 0 | Z7: 2.89 | AA7: 4.13 | AB7: 4.02 | AC7: 2.69 | AD7: 2.41 | AE7: 0.9 | AF7: 0 | AG7: 2.72 | AI7: =SUM(D7:AH7) -> 62.99
C8: Total Weight (Tonne) | D8: =SUM(D6:D7) -> 3.17 | E8: =SUM(E6:E7) -> 8.55 | F8: =SUM(F6:F7) -> 8.28 | G8: =SUM(G6:G7) -> 6.16 | H8: =SUM(H6:H7) -> 7.2 | I8: =SUM(I6:I7) -> 7.18 | J8: =SUM(J6:J7) -> 5.48 | K8: =SUM(K6:K7) -> 3.67 | ... AG8: =SUM(AG6:AG7) -> 6.62 | AH8: =SUM(AH6:AH6) -> 0 | AI8: =SUM(AI6:AI7) -> 201.42
C9: Recyclable Wastes Statistics
C10: Recycled Types | D10: Date of Recycling Wastes Collection Details (kg) | AI10: Total Weight
D11: 43710 | E11: 43712 | F11: 43713 | G11: 43714 | H11: 43717 | I11: 43719 | J11: 43721 | K11: 43724 | L11: 43726 | M11: 43727 | N11: 43728 | O11: 43731 | P11: 43733 | Q11: 43734 | R11: 43736 | S11: 43738
C12: Old Corrugated Containers | D12: 413 | E12: 385 | F12: 603 | G12: 400 | H12: 509 | I12: 412 | J12: 650 | K12: 357 | L12: 252 | M12: 531 | N12: 392 | O12: 383 | P12: 315 | Q12: 342 | R12: 500 | S12: 311 | AI12: =SUM(D12:AH12) -> 6755
C13: Office Paper / Newspapers | E13: 400 | G13: 280 | H13: 335 | I13: 700 | J13: 365 | K13: 283 | L13: 200 | O13: 275 | P13: 600 | Q13: 362 | S13: 250 | AI13: =SUM(D13:AH13) -> 4050
C14: Waste Plastic Bottles | D14: 45 | F14: 32 | H14: 48 | J14: 50 | L14: 53 | N14: 46 | P14: 55 | S14: 51 | AI14: =SUM(D14:AH14) -> 380
C15: Aluminum Cans | D15: 12 | F15: 14 | H15: 11 | J15: 13 | N15: 10 | P15: 12 | S15: 11 | AI15: =SUM(D15:AH15) -> 83
C16: Metal | G16: 56 | K16: 28 | O16: 45 | R16: 40 | AI16: =SUM(D16:AH16) -> 169
C17: Other:(pls specify) | AI17: =SUM(D17:AH17) -> 0
C18: Total Weight (kg) | D18: =SUM(D12:D17) -> 470 | E18: =SUM(E12:E17) -> 785 | F18: =SUM(F12:F17) -> 649 | G18: =SUM(G12:G17) -> 736 | H18: =SUM(H12:H17) -> 903 | I18: =SUM(I12:I17) -> 1112 | J18: =SUM(J12:J17) -> 1078 | K18: =SUM(K12:K17) -> 668 | ... AI18: =SUM(AI12:AI17) -> 11437
C20: (A) Total Weight of General Waste of this Month : | H20: =AI8*1000-6854 -> 194566 | J20: kg | M20: (C) Total Recycling Ratio Percentage of this Month : | T20: =(H21/(H20+H21))*100 -> 5.5518609 | AA20: % < i.e.= B/(A+B) >
C21: (B) Total Weight of Recycled Waste of this Month : | H21: =AI18 -> 11437 | J21: kg | M21: (D) Total Recycling Ratio of Y-T-D Average : | T21: =SUM(D25:AI25)/COUNTA(D25:AI25)*100 -> 7.2768567 | AA21: %
C23: Yearly Summary of Recycling Ratio Percentage
C24: Month | D24: 43647 | F24: 43678 | H24: 43709 | J24: 43739 | L24: 43770 | N24: 43800 | P24: 43831 | R24: 43862 | T24: 43891 | V24: 43922 | X24: 43952 | Z24: 43983 | AB24: 44013 | AD24: 44044 | AF24: 44075 | AH24: 44105
C25: Recycling Ratio Percentage | D25: ='JUL-19'!D25:E25 -> 0.091809845 | F25: ='AUG-19'!F25:G25 -> 0.070977248 | H25: =T20/100 -> 0.055518609

Sheet OCT-19 
C2: HKUST - Campus and Student Hostel
C3: General Wastes Statistics | K3: Month/Year: OCT-2019 | AI3: Submission Date: 29-Oct-2019
C4: Waste Types | D4: Date of General Wastes Collection Details (Tonne) | AI4: Total Weight
D5: 43739 | E5: 43740 | F5: 43741 | G5: 43742 | H5: 43743 | I5: 43744 | J5: 43745 | K5: 43746 | L5: 43747 | M5: 43748 | N5: 43749 | O5: 43750 | P5: 43751 | Q5: 43752 | R5: 43753 | S5: 43754 | T5: 43755 | U5: 43756 | V5: 43757 | W5: 43758 | X5: 43759 | Y5: 43760 | Z5: 43761 | AA5: 43762 | AB5: 43763 | AC5: 43764 | AD5: 43765 | AE5: 43766 | AF5: 43767 | AG5: 43768 | AH5: 43769
C6: General Wastes | D6: 3.32 | E6: 4.42 | F6: 4.89 | G6: 4.92 | H6: 3.37 | I6: 3.98 | J6: 2.55 | K6: 4.61 | L6: 4.66 | M6: 5.16 | N6: 3.47 | O6: 3.65 | P6: 3.46 | Q6: 4.66 | R6: 4.94 | S6: 4.35 | T6: 4.8 | U6: 4.25 | V6: 4.27 | W6: 3.26 | X6: 4.42 | Y6: 4.64 | Z6: 4.53 | AA6: 4.74 | AB6: 4.73 | AC6: 4.01 | AD6: 3.25 | AE6: 5.01 | AF6: 4.92 | AG6: 4.73 | AH6: 5.6 | AI6: =SUM(D6:AH6) -> 133.57
C7: Yellow skip | D7: 0 | E7: 1.65 | F7: 2.02 | G7: 1.61 | H7: 1.2 | I7: 0.66 | J7: 2.22 | K7: 2.67 | L7: 1.13 | M7: 2.48 | N7: 1.13 | O7: 1.34 | P7: 0 | Q7: 3.09 | R7: 1.95 | S7: 2.21 | T7: 3 | U7: 3.78 | V7: 1.87 | W7: 0 | X7: 3.92 | Y7: 2.21 | Z7: 1.49 | AA7: 2.14 | AB7: 0.74 | AC7: 3.18 | AD7: 0 | AE7: 2.9 | AF7: 4.22 | AG7: 2 | AH7: 2.67 | AI7: =SUM(D7:AH7) -> 59.48
C8: Total Weight (Tonne) | D8: =SUM(D6:D7) -> 3.32 | E8: =SUM(E6:E7) -> 6.07 | F8: =SUM(F6:F7) -> 6.91 | G8: =SUM(G6:G7) -> 6.53 | H8: =SUM(H6:H7) -> 4.57 | I8: =SUM(I6:I7) -> 4.64 | J8: =SUM(J6:J7) -> 4.77 | K8: =SUM(K6:K7) -> 7.28 | ... AG8: =SUM(AG6:AG7) -> 6.73 | AH8: =SUM(AH6:AH6) -> 5.6 | AI8: =SUM(AI6:AI7) -> 193.05
C9: Recyclable Wastes Statistics
C10: Recycled Types | D10: Date of Recycling Wastes Collection Details (kg) | AI10: Total Weight
D11: 43740 | E11: 43742 | F11: 43745 | G11: 43474 | H11: 43748 | I11: 43749 | J11: 43752 | K11: 43754 | L11: 43756 | M11: 43757 | N11: 43760 | O11: 43761 | P11: 43763 | Q11: 43766 | R11: 43768
C12: Old Corrugated Containers | D12: 385 | E12: 426 | F12: 538 | G12: 400 | H12: 433 | I12: 298 | J12: 456 | K12: 312 | L12: 607 | M12: 515 | N12: 410 | O12: 465 | P12: 540 | Q12: 500 | R12: 492 | AI12: =SUM(D12:AH12) -> 6777
C13: Office Paper / Newspapers | D13: 250 | E13: 241 | F13: 250 | G13: 455 | H13: 263 | I13: 300 | J13: 562 | L13: 240 | N13: 683 | O13: 235 | Q13: 354 | R13: 451 | AI13: =SUM(D13:AH13) -> 4284
C14: Waste Plastic Bottles | E14: 56 | G14: 43 | I14: 33 | K14: 54 | M14: 50 | N14: 48 | P14: 51 | R14: 32 | AI14: =SUM(D14:AH14) -> 367
C15: Aluminum Cans | E15: 13 | G15: 11 | I15: 12 | K15: 10 | M15: 11 | P15: 14 | R15: 10 | AI15: =SUM(D15:AH15) -> 81
C16: Metal | F16: 48 | J16: 46 | N16: 55 | Q16: 30 | AI16: =SUM(D16:AH16) -> 179
C17: Other:(pls specify) | AI17: =SUM(D17:AH17) -> 0
C18: Total Weight (kg) | D18: =SUM(D12:D17) -> 635 | E18: =SUM(E12:E17) -> 736 | F18: =SUM(F12:F17) -> 836 | G18: =SUM(G12:G17) -> 909 | H18: =SUM(H12:H17) -> 696 | I18: =SUM(I12:I17) -> 643 | J18: =SUM(J12:J17) -> 1064 | K18: =SUM(K12:K17) -> 376 | ... AI18: =SUM(AI12:AI17) -> 11688
C20: (A) Total Weight of General Waste of this Month : | H20: =AI8*1000-9816 -> 183234 | J20: kg | M20: (C) Total Recycling Ratio Percentage of this Month : | T20: =(H21/(H20+H21))*100 -> 5.9962447 | AA20: % < i.e.= B/(A+B) >
C21: (B) Total Weight of Recycled Waste of this Month : | H21: =AI18 -> 11688 | J21: kg | M21: (D) Total Recycling Ratio of Y-T-D Average : | T21: =SUM(D25:AI25)/COUNTA(D25:AI25)*100 -> 6.9567037 | AA21: %
C23: Yearly Summary of Recycling Ratio Percentage
C24: Month | D24: 43647 | F24: 43678 | H24: 43709 | J24: 43739 | L24: 43770 | N24: 43800 | P24: 43831 | R24: 43862 | T24: 43891 | V24: 43922 | X24: 43952 | Z24: 43983 | AB24: 44013 | AD24: 44044 | AF24: 44075 | AH24: 44105
C25: Recycling Ratio Percentage | D25: ='JUL-19'!D25:E25 -> 0.091809845 | F25: ='AUG-19'!F25:G25 -> 0.070977248 | H25: =('SEP-19 '!T20)/100 -> 0.055518609 | J25: =T20/100 -> 0.059962447

Sheet NOV-19
C2: HKUST - Campus and Student Hostel
C3: General Wastes Statistics | K3: Month/Year: NOV-2019 | AI3: Submission Date: 30-Nov-2019
C4: Waste Types | D4: Date of General Wastes Collection Details (Tonne) | AI4: Total Weight
D5: 43770 | E5: 43771 | F5: 43772 | G5: 43773 | H5: 43774 | I5: 43775 | J5: 43776 | K5: 43777 | L5: 43778 | M5: 43779 | N5: 43780 | O5: 43781 | P5: 43782 | Q5: 43783 | R5: 43784 | S5: 43785 | T5: 43786 | U5: 43787 | V5: 43788 | W5: 43789 | X5: 43790 | Y5: 43791 | Z5: 43792 | AA5: 43793 | AB5: 43794 | AC5: 43795 | AD5: 43796 | AE5: 43797 | AF5: 43798 | AG5: 43799
C6: General Wastes | D6: 5.13 | E6: 4.18 | F6: 3.43 | G6: 5.08 | H6: 4.56 | I6: 5.53 | J6: 5.2 | K6: 5.19 | L6: 3.8 | M6: 4.02 | N6: 4.06 | O6: 2.61 | P6: 3.51 | Q6: 3.1 | R6: 2.66 | S6: 2.45 | T6: 2.68 | U6: 3.34 | V6: 3.21 | W6: 3.02 | X6: 2.89 | Y6: 2.66 | Z6: 2.46 | AA6: 1.99 | AB6: 3.36 | AC6: 3.54 | AD6: 3.59 | AE6: 3.43 | AF6: 3.05 | AG6: 2.94 | AI6: =SUM(D6:AH6) -> 106.67
C7: Yellow skip | D7: =0.62+0.85 -> 1.47 | E7: =0.59+0.68 -> 1.27 | F7: 0 | G7: =0.74+0.81+1.3 -> 2.85 | H7: =0.69+0.86 -> 1.55 | I7: =0.98+1.23 -> 2.21 | J7: =1.33+0.54+0.73 -> 2.6 | K7: =0.86+0.65 -> 1.51 | L7: 0.85 | M7: 0 | N7: =0.75+0.99 -> 1.74 | O7: =0.98 -> 0.98 | P7: =0.59+0.41 -> 1 | Q7: =0.45+0.97 -> 1.42 | R7: =1.59 -> 1.59 | S7: =0.65 -> 0.65 | T7: 0 | U7: =0.39+0.56+1.77 -> 2.72 | V7: =1.29 -> 1.29 | W7: =0.98+1.07 -> 2.05 | X7: =0.59+1.36 -> 1.95 | Y7: =1.07+1.02 -> 2.09 | Z7: =0.68+1.56 -> 2.24 | AA7: 0 | AB7: =0.82+1.02+1.28+0.79 -> 3.91 | AC7: =1.16+0.72 -> 1.88 | AD7: =0.89+1.13 -> 2.02 | AE7: =1+1.16+0.91 -> 3.07 | AF7: =1.45+1.27 -> 2.72 | AG7: =1.41 -> 1.41 | AI7: =SUM(D7:AH7) -> 49.04
C8: Total Weight (Tonne) | D8: =SUM(D6:D7) -> 6.6 | E8: =SUM(E6:E7) -> 5.45 | F8: =SUM(F6:F7) -> 3.43 | G8: =SUM(G6:G7) -> 7.93 | H8: =SUM(H6:H7) -> 6.11 | I8: =SUM(I6:I7) -> 7.74 | J8: =SUM(J6:J7) -> 7.8 | K8: =SUM(K6:K7) -> 6.7 | ... AG8: =SUM(AG6:AG7) -> 4.35 | AH8: =SUM(AH6:AH6) -> 0 | AI8: =SUM(AI6:AI7) -> 155.71
C9: Recyclable Wastes Statistics
C10: Recycled Types | D10: Date of Recycling Wastes Collection Details (kg) | AI10: Total Weight
D11: 43770 | E11: 43771 | F11: 43773 | G11: 43774 | H11: 43775 | I11: 43776 | J11: 43778 | K11: 43781 | L11: 43783 | M11: 43785 | N11: 43788 | O11: 43791 | P11: 43794 | Q11: 43796 | R11: 43798
C12: Old Corrugated Containers | D12: 608 | E12: 612 | F12: 300 | G12: 367 | H12: 610 | I12: 235 | J12: 500 | K12: 205 | L12: 116 | M12: 110 | N12: 282 | O12: 473 | P12: 304 | Q12: 385 | R12: 630 | AI12: =SUM(D12:AH12) -> 5737
C13: Office Paper / Newspapers | D13: 350 | E13: 523 | G13: 302 | I13: 350 | J13: 206 | N13: 365 | O13: 300 | P13: 621 | Q13: 320 | R13: 215 | AI13: =SUM(D13:AH13) -> 3552
C14: Waste Plastic Bottles | D14: 46 | H14: 40 | J14: 42 | L14: 33 | M14: 28 | O14: 41 | P14: 30 | R14: 53 | AI14: =SUM(D14:AH14) -> 313
C15: Aluminum Cans | D15: 11 | H15: 12 | J15: 10 | L15: 8 | M15: 6 | O15: 10 | P15: 9 | R15: 13 | AI15: =SUM(D15:AH15) -> 79
C16: Metal | E16: 68 | I16: 52 | N16: 44 | Q16: 56 | AI16: =SUM(D16:AH16) -> 220
C17: Other:(pls specify) | AI17: =SUM(D17:AH17) -> 0
C18: Total Weight (kg) | D18: =SUM(D12:D17) -> 1015 | E18: =SUM(E12:E17) -> 1203 | F18: =SUM(F12:F17) -> 300 | G18: =SUM(G12:G17) -> 669 | H18: =SUM(H12:H17) -> 662 | I18: =SUM(I12:I17) -> 637 | J18: =SUM(J12:J17) -> 758 | K18: =SUM(K12:K17) -> 205 | ... AI18: =SUM(AI12:AI17) -> 9901
C20: (A) Total Weight of General Waste of this Month : | H20: =AI8*1000-5250 -> 150460 | J20: kg | M20: (C) Total Recycling Ratio Percentage of this Month : | T20: =(H21/(H20+H21))*100 -> 6.1741945 | AA20: % < i.e.= B/(A+B) >
C21: (B) Total Weight of Recycled Waste of this Month : | H21: =AI18 -> 9901 | J21: kg | M21: (D) Total Recycling Ratio of Y-T-D Average : | T21: =SUM(D25:AI25)/COUNTA(D25:AI25)*100 -> 6.8002019 | AA21: %
C23: Yearly Summary of Recycling Ratio Percentage
C24: Month | D24: 43647 | F24: 43678 | H24: 43709 | J24: 43739 | L24: 43770 | N24: 43800 | P24: 43831 | R24: 43862 | T24: 43891 | V24: 43922 | X24: 43952 | Z24: 43983 | AB24: 44013 | AD24: 44044 | AF24: 44075 | AH24: 44105
C25: Recycling Ratio Percentage | D25: ='JUL-19'!D25:E25 -> 0.091809845 | F25: ='AUG-19'!F25:G25 -> 0.070977248 | H25: =('SEP-19 '!T20)/100 -> 0.055518609 | J25: ='OCT-19 '!J25:K25 -> 0.059962447 | L25: =T20/100 -> 0.061741945

Sheet DEC-19 
C2: HKUST - Campus and Student Hostel
C3: General Wastes Statistics | K3: Month/Year: DEC-2019 | AI3: Submission Date: 9-DEC-2019
C4: Waste Types | D4: Date of General Wastes Collection Details (Tonne) | AI4: Total Weight
D5: 43800 | E5: 43801 | F5: 43802 | G5: 43803 | H5: 43804 | I5: 43805 | J5: 43806 | K5: 43807 | L5: 43808 | M5: 43809 | N5: 43810 | O5: 43811 | P5: 43812 | Q5: 43813 | R5: 43814 | S5: 43815 | T5: 43816 | U5: 43817 | V5: 43818 | W5: 43819 | X5: 43820 | Y5: 43821 | Z5: 43822 | AA5: 43823 | AB5: 43824 | AC5: 43825 | AD5: 43826 | AE5: 43827 | AF5: 43828 | AG5: 43829 | AH5: 43830
C6: General Wastes | D6: 1.87 | E6: 4.95 | F6: 4.48 | G6: 4.51 | H6: 4.76 | I6: 4.43 | J6: 3.85 | K6: 3.13 | L6: 3.75 | M6: 4.1 | N6: 4.75 | O6: 4.73 | P6: 3.97 | Q6: 4.12 | R6: 3.26 | S6: 4.23 | T6: 4.12 | U6: 4.37 | V6: 4.22 | W6: 4.67 | X6: 5.71 | Y6: 2.37 | Z6: 3.26 | AA6: 3.31 | AB6: 2.09 | AC6: 2.44 | AD6: 3.29 | AE6: 2.28 | AF6: 1.7 | AG6: 3.06 | AH6: 2.75 | AI6: =SUM(D6:AH6) -> 114.53
C7: Yellow skip | D7: 0 | E7: 3.09 | F7: 2.77 | G7: 1.23 | H7: 1.85 | I7: 4.2 | J7: 1.58 | K7: 0 | L7: 3.92 | M7: 2.57 | N7: 2.82 | O7: 1.76 | P7: 2.58 | Q7: 2.08 | R7: 0 | S7: 2.49 | T7: 2.66 | U7: 1.91 | V7: 2.42 | W7: 1.12 | X7: 2.1 | Y7: 0 | Z7: 2.78 | AA7: 1.62 | AB7: 3.84 | AC7: 0 | AD7: 2.26 | AE7: 0 | AF7: 0 | AG7: 1.65 | AH7: 1.08 | AI7: =SUM(D7:AH7) -> 56.38
C8: Total Weight (Tonne) | D8: =SUM(D6:D7) -> 1.87 | E8: =SUM(E6:E7) -> 8.04 | F8: =SUM(F6:F7) -> 7.25 | G8: =SUM(G6:G7) -> 5.74 | H8: =SUM(H6:H7) -> 6.61 | I8: =SUM(I6:I7) -> 8.63 | J8: =SUM(J6:J7) -> 5.43 | K8: =SUM(K6:K7) -> 3.13 | ... AG8: =SUM(AG6:AG7) -> 4.71 | AH8: =SUM(AH6:AH6) -> 2.75 | AI8: =SUM(AI6:AI7) -> 170.91
C9: Recyclable Wastes Statistics
C10: Recycled Types | D10: Date of Recycling Wastes Collection Details (kg) | AI10: Total Weight
D11: 43801 | E11: 44170 | F11: 44171 | G11: 44174 | H11: 44176 | I11: 44178 | J11: 44182 | K11: 44184 | L11: 44186 | M11: 44189 | N11: 44193 | O11: 44196
C12: Old Corrugated Containers | D12: 446 | E12: 538 | F12: 502 | G12: 400 | H12: 638 | I12: 453 | J12: 596 | K12: 633 | L12: 504 | M12: 645 | N12: 612 | O12: 580 | AI12: =SUM(D12:AH12) -> 6547
C13: Office Paper / Newspapers | D13: 155 | E13: 140 | F13: 268 | G13: 410 | H13: 272 | I13: 480 | J13: 800 | K13: 156 | L13: 188 | M13: 403 | N13: 210 | O13: 465 | AI13: =SUM(D13:AH13) -> 3947
C14: Waste Plastic Bottles | E14: 38 | G14: 40 | I14: 45 | K14: 50 | M14: 36 | O14: 51 | AI14: =SUM(D14:AH14) -> 260
C15: Aluminum Cans | D15: 9 | F15: 11 | H15: 18 | J15: 12 | L15: 9 | N15: 16 | AI15: =SUM(D15:AH15) -> 75
C16: Metal | E16: 50 | I16: 45 | K16: 40 | O16: 62 | AI16: =SUM(D16:AH16) -> 197
C17: Other:(pls specify) | AI17: =SUM(D17:AH17) -> 0
C18: Total Weight (kg) | D18: =SUM(D12:D17) -> 610 | E18: =SUM(E12:E17) -> 766 | F18: =SUM(F12:F17) -> 781 | G18: =SUM(G12:G17) -> 850 | H18: =SUM(H12:H17) -> 928 | I18: =SUM(I12:I17) -> 1023 | J18: =SUM(J12:J17) -> 1408 | K18: =SUM(K12:K17) -> 879 | ... AI18: =SUM(AI12:AI17) -> 11026
C20: (A) Total Weight of General Waste of this Month : | H20: =AI8*1000 -> 170910 | J20: kg | M20: (C) Total Recycling Ratio Percentage of this Month : | T20: =(H21/(H20+H21))*100 -> 6.0603729 | AA20: % < i.e.= B/(A+B) >
C21: (B) Total Weight of Recycled Waste of this Month : | H21: =AI18 -> 11026 | J21: kg | M21: (D) Total Recycling Ratio of Y-T-D Average : | T21: =SUM(D25:AI25)/COUNTA(D25:AI25)*100 -> 6.676897 | AA21: %
C23: Yearly Summary of Recycling Ratio Percentage
C24: Month | D24: 43647 | F24: 43678 | H24: 43709 | J24: 43739 | L24: 43770 | N24: 43800 | P24: 43831 | R24: 43862 | T24: 43891 | V24: 43922 | X24: 43952 | Z24: 43983 | AB24: 44013 | AD24: 44044 | AF24: 44075 | AH24: 44105
C25: Recycling Ratio Percentage | D25: ='JUL-19'!D25:E25 -> 0.091809845 | F25: ='AUG-19'!F25:G25 -> 0.070977248 | H25: =('SEP-19 '!T20)/100 -> 0.055518609 | J25: ='OCT-19 '!J25:K25 -> 0.059962447 | L25: ='NOV-19'!L25:M25 -> 0.061741945 | N25: =T20/100 -> 0.060603729

Sheet JAN-20
C2: HKUST - Campus and Student Hostel
C3: General Wastes Statistics | K3: Month/Year: JAN-2020 | AI3: Submission Date: 01-Feb-2020
C4: Waste Types | D4: Date of General Wastes Collection Details (Tonne) | AI4: Total Weight
D5: 43831 | E5: 43832 | F5: 43833 | G5: 43834 | H5: 43835 | I5: 43836 | J5: 43837 | K5: 43838 | L5: 43839 | M5: 43840 | N5: 43841 | O5: 43842 | P5: 43843 | Q5: 43844 | R5: 43845 | S5: 43846 | T5: 43847 | U5: 43848 | V5: 43849 | W5: 43850 | X5: 43851 | Y5: 43852 | Z5: 43853 | AA5: 43854 | AB5: 43855 | AC5: 43856 | AD5: 43857 | AE5: 43858 | AF5: 43859 | AG5: 43860 | AH5: 43861
C6: General Wastes | D6: 1.041 | E6: 2.9778 | F6: 2.7342 | G6: 2.7122 | H6: 1.5662 | I6: 3.7648 | J6: 3.308 | K6: 3.4654 | L6: 3.6578 | M6: 3.4236 | N6: 2.8306 | O6: 1.8106 | P6: 3.8872 | Q6: 3.9012 | R6: 3.5898 | S6: 3.9894 | T6: 3.8816 | U6: 2.7368 | V6: 1.6028 | W6: 3.2058 | X6: 3.802 | Y6: 3.569 | Z6: 3.0418 | AA6: 3.4682 | AB6: 1.9766 | AC6: 1.4714 | AD6: 1.4386 | AE6: 0.8994 | AF6: 2.863 | AG6: 2.3372 | AH6: 1.8254 | AI6: =SUM(D6:AH6) -> 86.7794
C7: Yellow skip | D7: 0 | E7: 2.16 | F7: 0.71 | G7: 0 | H7: 0 | I7: 1.55 | J7: 2.13 | K7: 1.91 | L7: 1.08 | M7: 0.7 | N7: 0.7 | O7: 0 | P7: 1.07 | Q7: 1.23 | R7: 0 | S7: 1.35 | T7: 0.42 | U7: 1.45 | V7: 0 | W7: 1.78 | X7: 0 | Y7: 3.4 | Z7: 3.03 | AA7: 0 | AB7: 0 | AC7: 0 | AD7: 0 | AE7: 0 | AF7: 0 | AG7: 2.04 | AH7: 1.08 | AI7: =SUM(D7:AH7) -> 27.79
C8: Total Weight (Tonne) | D8: =SUM(D6:D7) -> 1.041 | E8: =SUM(E6:E7) -> 5.1378 | F8: =SUM(F6:F7) -> 3.4442 | G8: =SUM(G6:G7) -> 2.7122 | H8: =SUM(H6:H7) -> 1.5662 | I8: =SUM(I6:I7) -> 5.3148 | J8: =SUM(J6:J7) -> 5.438 | K8: =SUM(K6:K7) -> 5.3754 | ... AG8: =SUM(AG6:AG7) -> 4.3772 | AH8: =SUM(AH6:AH6) -> 1.8254 | AI8: =SUM(AI6:AI7) -> 114.5694
C9: Recyclable Wastes Statistics
C10: Recycled Types | D10: Date of Recycling Wastes Collection Details (kg) | AI10: Total Weight
D11: 43832 | E11: 43834 | F11: 43837 | G11: 43839 | H11: 43841 | I11: 43844 | J11: 43845 | K11: 43847 | L11: 43848 | M11: 43851 | N11: 43852 | O11: 43853 | P11: 43860
C12: Old Corrugated Containers | D12: 404 | E12: 686 | F12: 512 | G12: 390 | H12: 483 | I12: 301 | J12: 700 | K12: 318 | L12: 208 | M12: 450 | N12: 756 | O12: 735 | P12: 210 | AI12: =SUM(D12:AH12) -> 6153
C13: Office Paper / Newspapers | D13: 250 | E13: 312 | F13: 320 | H13: 480 | I13: 206 | J13: 312 | M13: 385 | N13: 402 | O13: 283 | P13: 500 | AI13: =SUM(D13:AH13) -> 3450
C14: Waste Plastic Bottles | E14: 40 | H14: 32 | J14: 49 | M14: 30 | O14: 51 | AI14: =SUM(D14:AH14) -> 202
C15: Aluminum Cans | D15: 10 | F15: 8 | G15: 15 | I15: 16 | N15: 13 | AI15: =SUM(D15:AH15) -> 62
C16: Metal | E16: 62 | H16: 58 | M16: 44 | P16: 50 | AI16: =SUM(D16:AH16) -> 214
C17: Other:(pls specify) | AI17: =SUM(D17:AH17) -> 0
C18: Total Weight (kg) | D18: =SUM(D12:D17) -> 664 | E18: =SUM(E12:E17) -> 1100 | F18: =SUM(F12:F17) -> 840 | G18: =SUM(G12:G17) -> 405 | H18: =SUM(H12:H17) -> 1053 | I18: =SUM(I12:I17) -> 523 | J18: =SUM(J12:J17) -> 1061 | K18: =SUM(K12:K17) -> 318 | ... AI18: =SUM(AI12:AI17) -> 10081
C20: (A) Total Weight of General Waste of this Month : | H20: =AI8*1000 -> 114569.4 | J20: kg | M20: (C) Total Recycling Ratio Percentage of this Month : | T20: =(H21/(H20+H21))*100 -> 8.0874189 | AA20: % < i.e.= B/(A+B) >
C21: (B) Total Weight of Recycled Waste of this Month : | H21: =AI18 -> 10081 | J21: kg | M21: (D) Total Recycling Ratio of Y-T-D Average : | T21: =SUM(D25:AI25)/COUNTA(D25:AI25)*100 -> 6.8784002 | AA21: %
C23: Yearly Summary of Recycling Ratio Percentage
C24: Month | D24: 43647 | F24: 43678 | H24: 43709 | J24: 43739 | L24: 43770 | N24: 43800 | P24: 43831 | R24: 43862 | T24: 43891 | V24: 43922 | X24: 43952 | Z24: 43983 | AB24: 44013 | AD24: 44044 | AF24: 44075 | AH24: 44105
C25: Recycling Ratio Percentage | D25: ='JUL-19'!D25:E25 -> 0.091809845 | F25: ='AUG-19'!F25:G25 -> 0.070977248 | H25: =('SEP-19 '!T20)/100 -> 0.055518609 | J25: ='OCT-19 '!J25:K25 -> 0.059962447 | L25: ='NOV-19'!L25:M25 -> 0.061741945 | N25: ='DEC-19 '!N25:O25 -> 0.060603729 | P25: =T20/100 -> 0.080874189

Sheet FEB-20
C2: HKUST - Campus and Student Hostel
C3: General Wastes Statistics | K3: Month/Year: FEB-2020 | AI3: Submission Date: 2-Mar-2020
C4: Waste Types | D4: Date of General Wastes Collection Details (Tonne) | AI4: Total Weight
D5: 43862 | E5: 43863 | F5: 43864 | G5: 43865 | H5: 43866 | I5: 43867 | J5: 43868 | K5: 43869 | L5: 43870 | M5: 43871 | N5: 43872 | O5: 43873 | P5: 43874 | Q5: 43875 | R5: 43876 | S5: 43877 | T5: 43878 | U5: 43879 | V5: 43880 | W5: 43881 | X5: 43882 | Y5: 43883 | Z5: 43884 | AA5: 43885 | AB5: 43886 | AC5: 43887 | AD5: 43888 | AE5: 43889 | AF5: 43890
C6: General Wastes | D6: 2.0574 | E6: 1.388 | F6: 1.9974 | G6: 2.557 | H6: 2.6558 | I6: 2.5074 | J6: 2.3048 | K6: 2.5336 | L6: 2.1096 | M6: 2.434 | N6: 2.809 | O6: 2.6622 | P6: 2.5914 | Q6: 2.5158 | R6: 2.357 | S6: 2.1266 | T6: 3.072 | U6: 2.796 | V6: 2.2586 | W6: 2.5166 | X6: 2.4752 | Y6: 1.732 | Z6: 1.3724 | AA6: 2.2782 | AB6: 2.2468 | AC6: 2.4028 | AD6: 2.675 | AE6: 2.7206 | AF6: 2.1634 | AI6: =SUM(D6:AH6) -> 68.3166
C7: Yellow skip | D7: 0 | E7: 0 | F7: 0.99 | G7: 0 | H7: 0.63 | I7: 0.99 | J7: 1.25 | K7: 0 | L7: 0 | M7: 1.99 | N7: 0 | O7: 0 | P7: 0.56 | Q7: 1.58 | R7: 0 | S7: 0 | T7: 0.91 | U7: 0 | V7: 0.68 | W7: 0.65 | X7: 1.07 | Y7: 0 | Z7: 0 | AA7: 1.61 | AB7: 0 | AC7: 1.3 | AD7: 1.07 | AE7: 0 | AF7: 1.32 | AI7: =SUM(D7:AH7) -> 16.6
C8: Total Weight (Tonne) | D8: =SUM(D6:D7) -> 2.0574 | E8: =SUM(E6:E7) -> 1.388 | F8: =SUM(F6:F7) -> 2.9874 | G8: =SUM(G6:G7) -> 2.557 | H8: =SUM(H6:H7) -> 3.2858 | I8: =SUM(I6:I7) -> 3.4974 | J8: =SUM(J6:J7) -> 3.5548 | K8: =SUM(K6:K7) -> 2.5336 | ... AF8: =SUM(AF6:AF7) -> 3.4834 | AI8: =SUM(AI6:AI7) -> 84.9166
C9: Recyclable Wastes Statistics
C10: Recycled Types | D10: Date of Recycling Wastes Collection Details (kg) | AI10: Total Weight
D11: 43866 | E11: 43871 | F11: 43873 | G11: 43876 | H11: 43879 | I11: 43882 | J11: 24 | K11: 43888 | L11: 43890
C12: Old Corrugated Containers | D12: 352 | E12: 590 | F12: 110 | G12: 445 | H12: 430 | I12: 628 | J12: 276 | K12: 708 | L12: 520 | AI12: =SUM(D12:AH12) -> 4059
C13: Office Paper / Newspapers | D13: 400 | G13: 265 | I13: 956 | J13: 310 | K13: 182 | L13: 220 | AI13: =SUM(D13:AH13) -> 2333
C14: Waste Plastic Bottles | D14: 45 | F14: 50 | H14: 48 | J14: 42 | L14: 27 | AI14: =SUM(D14:AH14) -> 212
C15: Aluminum Cans | D15: 9 | F15: 12 | H15: 10 | J15: 8 | L15: 8 | AI15: =SUM(D15:AH15) -> 47
C16: Metal | E16: 40 | G16: 37 | I16: 42 | K16: 45 | AI16: =SUM(D16:AH16) -> 164
C17: Other:(pls specify) | AI17: =SUM(D17:AH17) -> 0
C18: Total Weight (kg) | D18: =SUM(D12:D17) -> 806 | E18: =SUM(E12:E17) -> 630 | F18: =SUM(F12:F17) -> 172 | G18: =SUM(G12:G17) -> 747 | H18: =SUM(H12:H17) -> 488 | I18: =SUM(I12:I17) -> 1626 | J18: =SUM(J12:J17) -> 636 | K18: =SUM(K12:K17) -> 935 | ... AI18: =SUM(AI12:AI17) -> 6815
C20: (A) Total Weight of General Waste of this Month : | H20: =AI8*1000 -> 84916.6 | J20: kg | M20: (C) Total Recycling Ratio Percentage of this Month : | T20: =(H21/(H20+H21))*100 -> 7.4292828 | AA20: % < i.e.= B/(A+B) >
C21: (B) Total Weight of Recycled Waste of this Month : | H21: =AI18 -> 6815 | J21: kg | M21: (D) Total Recycling Ratio of Y-T-D Average : | T21: =SUM(D25:AI25)/COUNTA(D25:AI25)*100 -> 6.9472605 | AA21: %
C23: Yearly Summary of Recycling Ratio Percentage
C24: Month | D24: 43647 | F24: 43678 | H24: 43709 | J24: 43739 | L24: 43770 | N24: 43800 | P24: 43831 | R24: 43862 | T24: 43891 | V24: 43922 | X24: 43952 | Z24: 43983 | AB24: 44013 | AD24: 44044 | AF24: 44075 | AH24: 44105
C25: Recycling Ratio Percentage | D25: 0.091809845 | F25: 0.070977248 | H25: 0.055518609 | J25: 0.059962447 | L25: 0.061741945 | N25: 0.060603729 | P25: 0.080874189 | R25: =T20/100 -> 0.074292828

Sheet MAR-20
C2: HKUST - Campus and Student Hostel
C3: General Wastes Statistics | K3: Month/Year: MAR-2020 | AI3: Submission Date: 30-Mar-2020
C4: Waste Types | D4: Date of General Wastes Collection Details (Tonne) | AI4: Total Weight
D5: 43891 | E5: 43892 | F5: 43893 | G5: 43894 | H5: 43895 | I5: 43896 | J5: 43897 | K5: 43898 | L5: 43899 | M5: 43900 | N5: 43901 | O5: 43902 | P5: 43903 | Q5: 43904 | R5: 43905 | S5: 43906 | T5: 43907 | U5: 43908 | V5: 43909 | W5: 43910 | X5: 43911 | Y5: 43912 | Z5: 43913 | AA5: 43914 | AB5: 43915 | AC5: 43916 | AD5: 43917 | AE5: 43918 | AF5: 43919 | AG5: 43920 | AH5: 43921
C6: General Wastes | D6: 1.3742 | E6: 2.6198 | F6: 1.8468 | G6: 2.3042 | H6: 1.931 | I6: 2.833 | J6: 2.266 | K6: 1.6904 | L6: 2.7418 | M6: 2.7524 | N6: 2.814 | O6: 3.052 | P6: 3.0894 | Q6: 2.4956 | R6: 1.603 | S6: 2.5772 | T6: 3.084 | U6: 2.69 | V6: 2.749 | W6: 2.605 | X6: 2.225 | Y6: 1.3308 | Z6: 2.9254 | AA6: 2.5 | AB6: 2.4818 | AC6: 2.1288 | AD6: 2.588 | AE6: 1.8514 | AF6: 1.16 | AG6: 2.6352 | AH6: 3.055 | AI6: =SUM(D6:AH6) -> 74.0002
C7: Yellow skip | D7: 0 | E7: 0.55 | F7: 1.58 | G7: 0 | H7: 1.78 | I7: 0 | J7: 2.5 | K7: 0 | L7: 0.57 | M7: 0.65 | N7: 0.76 | O7: 1.68 | P7: 1.38 | Q7: 0 | R7: 0 | S7: 1.67 | T7: 0 | U7: 1.54 | V7: 1.25 | W7: 1.41 | X7: 0 | Y7: 0 | Z7: 2.09 | AA7: 0 | AB7: 1.02 | AC7: 0.96 | AD7: 0.83 | AE7: 0 | AF7: 0 | AG7: 1.87 | AH7: 0 | AI7: =SUM(D7:AH7) -> 24.09
C8: Total Weight (Tonne) | D8: =SUM(D6:D7) -> 1.3742 | E8: =SUM(E6:E7) -> 3.1698 | F8: =SUM(F6:F7) -> 3.4268 | G8: =SUM(G6:G7) -> 2.3042 | H8: =SUM(H6:H7) -> 3.711 | I8: =SUM(I6:I7) -> 2.833 | J8: =SUM(J6:J7) -> 4.766 | K8: =SUM(K6:K7) -> 1.6904 | ... AI8: =SUM(AI6:AI7) -> 98.0902
C9: Recyclable Wastes Statistics
C10: Recycled Types | D10: Date of Recycling Wastes Collection Details (kg) | AI10: Total Weight
D11: 43893 | E11: 43896 | F11: 43897 | G11: 43900 | H11: 43902 | I11: 43903 | J11: 43907 | K11: 43910 | L11: 43911 | M11: 43913 | N11: 43916 | O11: 43918 | P11: 43921
C12: Old Corrugated Containers | D12: 500 | E12: 445 | F12: 110 | G12: 468 | H12: 700 | I12: 352 | J12: 650 | K12: 543 | L12: 360 | M12: 218 | N12: 350 | O12: 400 | P12: 189 | AI12: =SUM(D12:AH12) -> 5285
C13: Office Paper / Newspapers | D13: 255 | E13: 200 | G13: 286 | H13: 212 | I13: 334 | K13: 600 | L13: 285 | N13: 406 | P13: 410 | AI13: =SUM(D13:AH13) -> 2988
C14: Waste Plastic Bottles | D14: 52 | F14: 48 | H14: 56 | J14: 39 | L14: 40 | N14: 42 | P14: 28 | AI14: =SUM(D14:AH14) -> 305
C15: Aluminum Cans | D15: 10 | F15: 11 | H15: 10 | J15: 8 | L15: 9 | N15: 8 | P15: 10 | AI15: =SUM(D15:AH15) -> 66
C16: Metal | E16: 47 | I16: 58 | K16: 56 | O16: 50 | AI16: =SUM(D16:AH16) -> 211
C17: Other:(pls specify) | AI17: =SUM(D17:AH17) -> 0
C18: Total Weight (kg) | D18: =SUM(D12:D17) -> 817 | E18: =SUM(E12:E17) -> 692 | F18: =SUM(F12:F17) -> 169 | G18: =SUM(G12:G17) -> 754 | H18: =SUM(H12:H17) -> 978 | I18: =SUM(I12:I17) -> 744 | J18: =SUM(J12:J17) -> 697 | K18: =SUM(K12:K17) -> 1199 | ... AI18: =SUM(AI12:AI17) -> 8855
C20: (A) Total Weight of General Waste of this Month : | H20: =AI8*1000 -> 98090.2 | J20: kg | M20: (C) Total Recycling Ratio Percentage of this Month : | T20: =(H21/(H20+H21))*100 -> 8.2799415 | AA20: % < i.e.= B/(A+B) >
C21: (B) Total Weight of Recycled Waste of this Month : | H21: =AI18 -> 8855 | J21: kg | M21: (D) Total Recycling Ratio of Y-T-D Average : | T21: =SUM(D25:AI25)/COUNTA(D25:AI25)*100 -> 7.0953362 | AA21: %
C23: Yearly Summary of Recycling Ratio Percentage
C24: Month | D24: 43647 | F24: 43678 | H24: 43709 | J24: 43739 | L24: 43770 | N24: 43800 | P24: 43831 | R24: 43862 | T24: 43891 | V24: 43922 | X24: 43952 | Z24: 43983 | AB24: 44013 | AD24: 44044 | AF24: 44075 | AH24: 44105
C25: Recycling Ratio Percentage | D25: 0.091809845 | F25: 0.070977248 | H25: 0.055518609 | J25: 0.059962447 | L25: 0.061741945 | N25: 0.060603729 | P25: 0.080874189 | R25: 0.074292828 | T25: =T20/100 -> 0.082799415

Sheet APR-20
C2: HKUST - Campus and Student Hostel
C3: General Wastes Statistics | K3: Month/Year: APR-2020 | AI3: Submission Date: 4-MAY-2020
C4: Waste Types | D4: Date of General Wastes Collection Details (Tonne) | AI4: Total Weight
D5: 43922 | E5: 43923 | F5: 43924 | G5: 43925 | H5: 43926 | I5: 43927 | J5: 43928 | K5: 43929 | L5: 43930 | M5: 43931 | N5: 43932 | O5: 43933 | P5: 43934 | Q5: 43935 | R5: 43936 | S5: 43937 | T5: 43938 | U5: 43939 | V5: 43940 | W5: 43941 | X5: 43942 | Y5: 43943 | Z5: 43944 | AA5: 43945 | AB5: 43946 | AC5: 43947 | AD5: 43948 | AE5: 43949 | AF5: 43950 | AG5: 43951
C6: General Wastes | D6: 3.138 | E6: 2.7242 | F6: 2.7912 | G6: 1.77 | H6: 1.6902 | I6: 3.2502 | J6: 3.0054 | K6: 2.9708 | L6: 3.1758 | M6: 2.0096 | N6: 1.6438 | O6: 1.5266 | P6: 2.1878 | Q6: 3.943 | R6: 2.8714 | S6: 2.9392 | T6: 2.9236 | U6: 2.6458 | V6: 1.57 | W6: 2.7152 | X6: 3.013 | Y6: 2.963 | Z6: 3.1916 | AA6: 2.761 | AB6: 2.505 | AC6: 1.4504 | AD6: 2.8134 | AE6: 3.1264 | AF6: 2.807 | AG6: 1.6808 | AI6: =SUM(D6:AH6) -> 77.8034
C7: Yellow skip | D7: 0.58 | E7: 1.27 | F7: 0.63 | G7: 0 | H7: 0 | I7: 1.72 | J7: 0 | K7: 1.19 | L7: 1.68 | M7: 0 | N7: 0.57 | O7: 0 | P7: 0.62 | Q7: 0.68 | R7: 0 | S7: 1.69 | T7: 0 | U7: 0.75 | V7: 0 | W7: 1.92 | X7: 1.67 | Y7: 0 | Z7: 1.93 | AA7: 1.85 | AB7: 0 | AC7: 0 | AD7: 3.11 | AE7: 0 | AF7: 1.92 | AG7: 1 | AI7: =SUM(D7:AH7) -> 24.78
C8: Total Weight (Tonne) | D8: =SUM(D6:D7) -> 3.718 | E8: =SUM(E6:E7) -> 3.9942 | F8: =SUM(F6:F7) -> 3.4212 | G8: =SUM(G6:G7) -> 1.77 | H8: =SUM(H6:H7) -> 1.6902 | I8: =SUM(I6:I7) -> 4.9702 | J8: =SUM(J6:J7) -> 3.0054 | K8: =SUM(K6:K7) -> 4.1608 | ... AI8: =SUM(AI6:AI7) -> 102.5834
C9: Recyclable Wastes Statistics
C10: Recycled Types | D10: Date of Recycling Wastes Collection Details (kg) | AI10: Total Weight
D11: 43924 | E11: 43928 | F11: 43930 | G11: 43935 | H11: 43938 | I11: 43939 | J11: 43942 | K11: 43944 | L11: 43946 | M11: 43949
C12: Old Corrugated Containers | D12: 566 | E12: 440 | F12: 508 | G12: 650 | H12: 556 | I12: 453 | J12: 400 | K12: 420 | L12: 592 | M12: 365 | AI12: =SUM(D12:AH12) -> 4950
C13: Office Paper / Newspapers | D13: 300 | E13: 526 | F13: 213 | G13: 305 | H13: 440 | K13: 582 | M13: 384 | AI13: =SUM(D13:AH13) -> 2750
C14: Waste Plastic Bottles | D14: 43 | F14: 29 | H14: 50 | J14: 46 | L14: 32 | M14: 38 | AI14: =SUM(D14:AH14) -> 238
C15: Aluminum Cans | D15: 10 | F15: 13 | H15: 14 | J15: 12 | L15: 9 | AI15: =SUM(D15:AH15) -> 58
C16: Metal | E16: 55 | G16: 40 | I16: 36 | K16: 43 | M16: 40 | AI16: =SUM(D16:AH16) -> 214
C17: Other:(pls specify) | AI17: =SUM(D17:AH17) -> 0
C18: Total Weight (kg) | D18: =SUM(D12:D17) -> 919 | E18: =SUM(E12:E17) -> 1021 | F18: =SUM(F12:F17) -> 763 | G18: =SUM(G12:G17) -> 995 | H18: =SUM(H12:H17) -> 1060 | I18: =SUM(I12:I17) -> 489 | J18: =SUM(J12:J17) -> 458 | K18: =SUM(K12:K17) -> 1045 | ... AI18: =SUM(AI12:AI17) -> 8210
C20: (A) Total Weight of General Waste of this Month : | H20: =AI8*1000 -> 102583.4 | J20: kg | M20: (C) Total Recycling Ratio Percentage of this Month : | T20: =(H21/(H20+H21))*100 -> 7.4101887 | AA20: % < i.e.= B/(A+B) >
C21: (B) Total Weight of Recycled Waste of this Month : | H21: =AI18 -> 8210 | J21: kg | M21: (D) Total Recycling Ratio of Y-T-D Average : | T21: =SUM(D25:AI25)/COUNTA(D25:AI25)*100 -> 7.1268214 | AA21: %
C23: Yearly Summary of Recycling Ratio Percentage
C24: Month | D24: 43647 | F24: 43678 | H24: 43709 | J24: 43739 | L24: 43770 | N24: 43800 | P24: 43831 | R24: 43862 | T24: 43891 | V24: 43922 | X24: 43952 | Z24: 43983 | AB24: 44013 | AD24: 44044 | AF24: 44075 | AH24: 44105
C25: Recycling Ratio Percentage | D25: 0.091809845 | F25: 0.070977248 | H25: 0.055518609 | J25: 0.059962447 | L25: 0.061741945 | N25: 0.060603729 | P25: 0.080874189 | R25: 0.074292828 | T25: ='MAR-20'!T25:U25 -> 0.082799415 | V25: =T20/100 -> 0.074101887

Sheet MAY-20
C2: HKUST - Campus and Student Hostel
C3: General Wastes Statistics | K3: Month/Year: MAY-2020 | AI3: Submission Date: 2-June-2020
C4: Waste Types | D4: Date of General Wastes Collection Details (Tonne) | AI4: Total Weight
D5: 43952 | E5: 43953 | F5: 43954 | G5: 43955 | H5: 43956 | I5: 43957 | J5: 43958 | K5: 43959 | L5: 43960 | M5: 43961 | N5: 43962 | O5: 43963 | P5: 43964 | Q5: 43965 | R5: 43966 | S5: 43967 | T5: 43968 | U5: 43969 | V5: 43970 | W5: 43971 | X5: 43972 | Y5: 43973 | Z5: 43974 | AA5: 43975 | AB5: 43976 | AC5: 43977 | AD5: 43978 | AE5: 43979 | AF5: 43980 | AG5: 43981 | AH5: 43982
C6: General Wastes | D6: 1.8118 | E6: 3.0736 | F6: 1.7554 | G6: 3.151 | H6: 3.822 | I6: 3.2516 | J6: 3.1054 | K6: 2.9348 | L6: 2.8834 | M6: 1.837 | N6: 3.2164 | O6: 3.6968 | P6: 3.2256 | Q6: 3.6098 | R6: 3.279 | S6: 2.7084 | T6: 1.6956 | U6: 3.4376 | V6: 3.833 | W6: 3.3048 | X6: 3.788 | Y6: 3.7588 | Z6: 3.2478 | AA6: 1.7078 | AB6: 3.1764 | AC6: 4.1106 | AD6: 3.3968 | AE6: 3.6338 | AF6: 3.7682 | AG6: 3.462 | AH6: 2.0058 | AI6: =SUM(D6:AH6) -> 95.689
C7: Yellow skip | D7: 0 | E7: 1.68 | F7: 0 | G7: 2.33 | H7: 0.51 | I7: 1.45 | J7: 2.46 | K7: 0.93 | L7: 1.32 | M7: 0 | N7: 1.27 | O7: 3.4 | P7: 1.8 | Q7: 2.04 | R7: 1.31 | S7: 0.73 | T7: 0 | U7: 1.51 | V7: 2.09 | W7: 0.79 | X7: 2.65 | Y7: 1.52 | Z7: 1.53 | AA7: 0 | AB7: 3.47 | AC7: 2.33 | AD7: 3.82 | AE7: 2.17 | AF7: 2.77 | AG7: 0.75 | AH7: 0 | AI7: =SUM(D7:AH7) -> 46.63
C8: Total Weight (Tonne) | D8: =SUM(D6:D7) -> 1.8118 | E8: =SUM(E6:E7) -> 4.7536 | F8: =SUM(F6:F7) -> 1.7554 | G8: =SUM(G6:G7) -> 5.481 | H8: =SUM(H6:H7) -> 4.332 | I8: =SUM(I6:I7) -> 4.7016 | J8: =SUM(J6:J7) -> 5.5654 | K8: =SUM(K6:K7) -> 3.8648 | ... AI8: =SUM(AI6:AI7) -> 142.319
C9: Recyclable Wastes Statistics
C10: Recycled Types | D10: Date of Recycling Wastes Collection Details (kg) | AI10: Total Weight
D11: 43952 | E11: 43956 | F11: 43959 | G11: 43960 | H11: 43963 | I11: 43966 | J11: 43967 | K11: 43970 | L11: 43972 | M11: 43973 | N11: 43977 | O11: 43979 | P11: 43980 | Q11: 43981
C12: Old Corrugated Containers | D12: 580 | E12: 602 | F12: 315 | G12: 210 | H12: 445 | I12: 560 | J12: 386 | K12: 208 | L12: 490 | M12: 223 | N12: 675 | O12: 433 | P12: 310 | AI12: =SUM(D12:AH12) -> 5437
C13: Office Paper / Newspapers | F13: 270 | H13: 406 | I13: 488 | J13: 300 | K13: 215 | L13: 220 | M13: 212 | N13: 450 | O13: 437 | P13: 190 | AI13: =SUM(D13:AH13) -> 3188
C14: Waste Plastic Bottles | D14: 30 | F14: 25 | H14: 28 | J14: 45 | L14: 42 | N14: 46 | P14: 29 | AI14: =SUM(D14:AH14) -> 245
C15: Aluminum Cans | D15: 11 | F15: 12 | H15: 10 | J15: 11 | L15: 8 | N15: 6 | P15: 9 | AI15: =SUM(D15:AH15) -> 67
C16: Metal | E16: 42 | G16: 36 | I16: 39 | K16: 35 | M16: 40 | O16: 51 | Q16: 1500 | AI16: =SUM(D16:AH16) -> 1743
C17: Other:(pls specify) | AI17: =SUM(D17:AH17) -> 0
C18: Total Weight (kg) | D18: =SUM(D12:D17) -> 621 | E18: =SUM(E12:E17) -> 644 | F18: =SUM(F12:F17) -> 622 | G18: =SUM(G12:G17) -> 246 | H18: =SUM(H12:H17) -> 889 | I18: =SUM(I12:I17) -> 1087 | J18: =SUM(J12:J17) -> 742 | K18: =SUM(K12:K17) -> 458 | ... AI18: =SUM(AI12:AI17) -> 10680
C20: (A) Total Weight of General Waste of this Month : | H20: =AI8*1000 -> 142319 | J20: kg | M20: (C) Total Recycling Ratio Percentage of this Month : | T20: =(H21/(H20+H21))*100 -> 6.9804378 | AA20: % < i.e.= B/(A+B) >
C21: (B) Total Weight of Recycled Waste of this Month : | H21: =AI18 -> 10680 | J21: kg | M21: (D) Total Recycling Ratio of Y-T-D Average : | T21: =SUM(D25:AI25)/COUNTA(D25:AI25)*100 -> 7.1135138 | AA21: %
C23: Yearly Summary of Recycling Ratio Percentage
C24: Month | D24: 43647 | F24: 43678 | H24: 43709 | J24: 43739 | L24: 43770 | N24: 43800 | P24: 43831 | R24: 43862 | T24: 43891 | V24: 43922 | X24: 43952 | Z24: 43983 | AB24: 44013 | AD24: 44044 | AF24: 44075 | AH24: 44105
C25: Recycling Ratio Percentage | D25: 0.091809845 | F25: 0.070977248 | H25: 0.055518609 | J25: 0.059962447 | L25: 0.061741945 | N25: 0.060603729 | P25: 0.080874189 | R25: 0.074292828 | T25: ='MAR-20'!T25:U25 -> 0.082799415 | V25: ='APR-20'!V25:W25 -> 0.074101887 | X25: =T20/100 -> 0.069804378

Sheet June-20
C2: HKUST - Campus and Student Hostel
C3: General Wastes Statistics | K3: Month/Year: JUNE-2020 | AI3: Submission Date: 2-July-2020
C4: Waste Types | D4: Date of General Wastes Collection Details (Tonne) | AI4: Total Weight
D5: 43983 | E5: 43984 | F5: 43985 | G5: 43986 | H5: 43987 | I5: 43988 | J5: 43989 | K5: 43990 | L5: 43991 | M5: 43992 | N5: 43993 | O5: 43994 | P5: 43995 | Q5: 43996 | R5: 43997 | S5: 43998 | T5: 43999 | U5: 44000 | V5: 44001 | W5: 44002 | X5: 44003 | Y5: 44004 | Z5: 44005 | AA5: 44006 | AB5: 44007 | AC5: 44008 | AD5: 44009 | AE5: 44010 | AF5: 44011 | AG5: 44012
C6: General Wastes | D6: 3.8348 | E6: 4.1274 | F6: 4.5218 | G6: 5.1492 | H6: 3.5408 | I6: 3.0762 | J6: 1.6636 | K6: 3.867 | L6: 3.926 | M6: 3.283 | N6: 3.3804 | O6: 3.6042 | P6: 2.9702 | Q6: 2.1228 | R6: 3.9434 | S6: 4.1016 | T6: 3.7158 | U6: 3.8002 | V6: 3.693 | W6: 2.8008 | X6: 1.5762 | Y6: 3.6854 | Z6: 3.52 | AA6: 3.4834 | AB6: 2.0082 | AC6: 3.82 | AD6: 2.783 | AE6: 1.8228 | AF6: 3.3458 | AG6: 3.7266 | AI6: =SUM(D6:AH6) -> 100.8936
C7: Yellow skip | D7: 3.6 | E7: 0.92 | F7: 1 | G7: 0 | H7: 1.49 | I7: 2.32 | J7: 0 | K7: 2.14 | L7: 3.08 | M7: 0 | N7: 0.92 | O7: 3.8 | P7: 0.73 | Q7: 0 | R7: 2.45 | S7: 2.95 | T7: 0.67 | U7: 1.39 | V7: 1.78 | W7: 1.64 | X7: 0 | Y7: 1.58 | Z7: 2.07 | AA7: 1.25 | AB7: 0 | AC7: 2.77 | AD7: 1.01 | AE7: 0 | AF7: 1.43 | AG7: 2.25 | AI7: =SUM(D7:AH7) -> 43.24
C8: Total Weight (Tonne) | D8: =SUM(D6:D7) -> 7.4348 | E8: =SUM(E6:E7) -> 5.0474 | F8: =SUM(F6:F7) -> 5.5218 | G8: =SUM(G6:G7) -> 5.1492 | H8: =SUM(H6:H7) -> 5.0308 | I8: =SUM(I6:I7) -> 5.3962 | J8: =SUM(J6:J7) -> 1.6636 | K8: =SUM(K6:K7) -> 6.007 | ... AI8: =SUM(AI6:AI7) -> 144.1336
C9: Recyclable Wastes Statistics
C10: Recycled Types | D10: Date of Recycling Wastes Collection Details (kg) | AI10: Total Weight
D11: 43984 | E11: 43986 | F11: 43987 | G11: 43990 | H11: 43991 | I11: 43994 | J11: 43995 | K11: 43998 | L11: 44000 | M11: 44001 | N11: 44002 | O11: 44004 | P11: 44005 | Q11: 44008 | R11: 44009 | S11: 44012
C12: Old Corrugated Containers | D12: 386 | E12: 490 | F12: 360 | G12: 388 | H12: 264 | I12: 523 | J12: 450 | K12: 246 | L12: 312 | M12: 584 | N12: 210 | O12: 238 | P12: 365 | Q12: 345 | R12: 934 | S12: 300 | AI12: =SUM(D12:AH12) -> 6395
C13: Office Paper / Newspapers | D13: 766 | F13: 585 | H13: 668 | J13: 785 | K13: 640 | N13: 312 | P13: 186 | Q13: 300 | AI13: =SUM(D13:AH13) -> 4242
C14: Waste Plastic Bottles | D14: 33 | G14: 45 | I14: 43 | K14: 46 | N14: 50 | P14: 30 | S14: 32 | AI14: =SUM(D14:AH14) -> 279
C15: Aluminum Cans | D15: 12 | G15: 13 | I15: 11 | K15: 11 | N15: 9 | P15: 11 | S15: 10 | AI15: =SUM(D15:AH15) -> 77
C16: Metal | E16: 50 | H16: 48 | J16: 42 | L16: 39 | O16: 45 | R16: 2040 | AI16: =SUM(D16:AH16) -> 2264
C17: Other:(pls specify) | AI17: =SUM(D17:AH17) -> 0
C18: Total Weight (kg) | D18: =SUM(D12:D17) -> 1197 | E18: =SUM(E12:E17) -> 540 | F18: =SUM(F12:F17) -> 945 | G18: =SUM(G12:G17) -> 446 | H18: =SUM(H12:H17) -> 980 | I18: =SUM(I12:I17) -> 577 | J18: =SUM(J12:J17) -> 1277 | K18: =SUM(K12:K17) -> 943 | ... AI18: =SUM(AI12:AI17) -> 13257
C20: (A) Total Weight of General Waste of this Month : | H20: =AI8*1000 -> 144133.6 | J20: kg | M20: (C) Total Recycling Ratio Percentage of this Month : | T20: =(H21/(H20+H21))*100 -> 8.4229935 | AA20: % < i.e.= B/(A+B) >
C21: (B) Total Weight of Recycled Waste of this Month : | H21: =AI18 -> 13257 | J21: kg | M21: (D) Total Recycling Ratio of Y-T-D Average : | T21: =SUM(D25:AI25)/COUNTA(D25:AI25)*100 -> 7.2226371 | AA21: %
C23: Yearly Summary of Recycling Ratio Percentage
C24: Month | D24: 43647 | F24: 43678 | H24: 43709 | J24: 43739 | L24: 43770 | N24: 43800 | P24: 43831 | R24: 43862 | T24: 43891 | V24: 43922 | X24: 43952 | Z24: 43983 | AB24: 44013 | AD24: 44044 | AF24: 44075 | AH24: 44105
C25: Recycling Ratio Percentage | D25: 0.091809845 | F25: 0.070977248 | H25: 0.055518609 | J25: 0.059962447 | L25: 0.061741945 | N25: 0.060603729 | P25: 0.080874189 | R25: 0.074292828 | T25: ='MAR-20'!T25:U25 -> 0.082799415 | V25: ='APR-20'!V25:W25 -> 0.074101887 | X25: ='MAY-20'!X25:Y25 -> 0.069804378 | Z25: =T20/100 -> 0.084229935

Sheet Jul-20
C2: HKUST - Campus and Student Hostel
C3: General Wastes Statistics | K3: Month/Year: JULY-2020 | AI3: Submission Date: 3-Aug-2020
C4: Waste Types | D4: Date of General Wastes Collection Details (Tonne) | AI4: Total Weight
D5: 44013 | E5: 44014 | F5: 44015 | G5: 44016 | H5: 44017 | I5: 44018 | J5: 44019 | K5: 44020 | L5: 44021 | M5: 44022 | N5: 44023 | O5: 44024 | P5: 44025 | Q5: 44026 | R5: 44027 | S5: 44028 | T5: 44029 | U5: 44030 | V5: 44031 | W5: 44032 | X5: 44033 | Y5: 44034 | Z5: 44035 | AA5: 44036 | AB5: 44037 | AC5: 44038 | AD5: 44039 | AE5: 44040 | AF5: 44041 | AG5: 44042 | AH5: 44043
C6: General Wastes | D6: 1.7272 | E6: 3.812 | F6: 3.668 | G6: 2.766 | H6: 1.5088 | I6: 3.6488 | J6: 3.8102 | K6: 3.386 | L6: 3.664 | M6: 3.5886 | N6: 2.761 | O6: 1.6598 | P6: 3.8236 | Q6: 3.4364 | R6: 3.2686 | S6: 3.0632 | T6: 3.6722 | U6: 2.9546 | V6: 1.581 | W6: 3.8528 | X6: 3.4898 | Y6: 3.2704 | Z6: 3.5022 | AA6: 3.3696 | AB6: 2.9114 | AC6: 1.8146 | AD6: 3.6798 | AE6: 3.8504 | AF6: 3.7742 | AG6: 4.285 | AH6: 3.9408 | AI6: =SUM(D6:AH6) -> 99.541
C7: Yellow skip | D7: 0 | E7: 1.53 | F7: 0.74 | G7: 0.38 | H7: 0 | I7: 1.14 | J7: 1.59 | K7: 1.81 | L7: 1.5 | M7: 0 | N7: 0.8 | O7: 0 | P7: 1.1 | Q7: 1.48 | R7: 0 | S7: 0.24 | T7: 2.68 | U7: 0 | V7: 0 | W7: 1.27 | X7: 0 | Y7: 0 | Z7: 2.27 | AA7: 0 | AB7: 1.18 | AC7: 0 | AD7: 0.44 | AE7: 1.11 | AF7: 1.2 | AG7: 2.99 | AH7: 0 | AI7: =SUM(D7:AH7) -> 25.45
C8: Total Weight (Tonne) | D8: =SUM(D6:D7) -> 1.7272 | E8: =SUM(E6:E7) -> 5.342 | F8: =SUM(F6:F7) -> 4.408 | G8: =SUM(G6:G7) -> 3.146 | H8: =SUM(H6:H7) -> 1.5088 | I8: =SUM(I6:I7) -> 4.7888 | J8: =SUM(J6:J7) -> 5.4002 | K8: =SUM(K6:K7) -> 5.196 | ... AI8: =SUM(AI6:AI7) -> 124.991
C9: Recyclable Wastes Statistics
C10: Recycled Types | D10: Date of Recycling Wastes Collection Details (kg) | AI10: Total Weight
D11: 44015 | E11: 44019 | F11: 44021 | G11: 44022 | H11: 44023 | I11: 44025 | J11: 44026 | K11: 44028 | L11: 44029 | M11: 44030 | N11: 44033 | O11: 44035 | P11: 44037 | Q11: 44040 | R11: 44042 | S11: 44043
C12: Old Corrugated Containers | D12: 506 | E12: 580 | F12: 424 | G12: 503 | H12: 316 | I12: 285 | K12: 620 | L12: 548 | M12: 305 | N12: 224 | O12: 560 | P12: 606 | Q12: 322 | R12: 421 | S12: 200 | AI12: =SUM(D12:AH12) -> 6420
C13: Office Paper / Newspapers | D13: 1020 | F13: 596 | H13: 230 | K13: 582 | L13: 225 | M13: 568 | N13: 452 | R13: 552 | AI13: =SUM(D13:AH13) -> 4225
C14: Waste Plastic Bottles | D14: 36 | F14: 39 | H14: 42 | K14: 40 | M14: 43 | O14: 45 | Q14: 30 | S14: 16 | AI14: =SUM(D14:AH14) -> 291
C15: Aluminum Cans | D15: 13 | F15: 10 | H15: 9 | K15: 12 | M15: 13 | O15: 13 | Q15: 11 | S15: 12 | AI15: =SUM(D15:AH15) -> 93
C16: Metal | E16: 40 | G16: 33 | I16: 45 | J16: 1200 | L16: 42 | N16: 30 | P16: 31 | R16: 38 | AI16: =SUM(D16:AH16) -> 1459
C17: Other:(pls specify) | AI17: =SUM(D17:AH17) -> 0
C18: Total Weight (kg) | D18: =SUM(D12:D17) -> 1575 | E18: =SUM(E12:E17) -> 620 | F18: =SUM(F12:F17) -> 1069 | G18: =SUM(G12:G17) -> 536 | H18: =SUM(H12:H17) -> 597 | I18: =SUM(I12:I17) -> 330 | J18: =SUM(J12:J17) -> 1200 | K18: =SUM(K12:K17) -> 1254 | ... AI18: =SUM(AI12:AI17) -> 12488
C20: (A) Total Weight of General Waste of this Month : | H20: =AI8*1000 -> 124991 | J20: kg | M20: (C) Total Recycling Ratio Percentage of this Month : | T20: =(H21/(H20+H21))*100 -> 9.0835691 | AA20: % < i.e.= B/(A+B) >
C21: (B) Total Weight of Recycled Waste of this Month : | H21: =AI18 -> 12488 | J21: kg | M21: (D) Total Recycling Ratio of Y-T-D Average : | T21: =SUM(D25:AI25)/COUNTA(D25:AI25)*100 -> 7.3657857 | AA21: %
C23: Yearly Summary of Recycling Ratio Percentage
C24: Month | D24: 43647 | F24: 43678 | H24: 43709 | J24: 43739 | L24: 43770 | N24: 43800 | P24: 43831 | R24: 43862 | T24: 43891 | V24: 43922 | X24: 43952 | Z24: 43983 | AB24: 44013 | AD24: 44044 | AF24: 44075 | AH24: 44105
C25: Recycling Ratio Percentage | D25: 0.091809845 | F25: 0.070977248 | H25: 0.055518609 | J25: 0.059962447 | L25: 0.061741945 | N25: 0.060603729 | P25: 0.080874189 | R25: 0.074292828 | T25: ='MAR-20'!T25:U25 -> 0.082799415 | V25: ='APR-20'!V25:W25 -> 0.074101887 | X25: ='MAY-20'!X25:Y25 -> 0.069804378 | Z25: ='June-20'!Z25:AA25 -> 0.084229935 | AB25: =T20/100 -> 0.090835691

Sheet Aug-20
C2: HKUST - Campus and Student Hostel
C3: General Wastes Statistics | K3: Month/Year: AUGUST-2020 | AI3: Submission Date: 1-Sep-2020
C4: Waste Types | D4: Date of General Wastes Collection Details (Tonne) | AI4: Total Weight
D5: 44044 | E5: 44045 | F5: 44046 | G5: 44047 | H5: 44048 | I5: 44049 | J5: 44050 | K5: 44051 | L5: 44052 | M5: 44053 | N5: 44054 | O5: 44055 | P5: 44056 | Q5: 44057 | R5: 44058 | S5: 44059 | T5: 44060 | U5: 44061 | V5: 44062 | W5: 44063 | X5: 44064 | Y5: 44065 | Z5: 44066 | AA5: 44067 | AB5: 44068 | AC5: 44069 | AD5: 44070 | AE5: 44071 | AF5: 44072 | AG5: 44073 | AH5: 44074
C6: General Wastes | D6: 3.8746 | E6: 2.3986 | F6: 4.062 | G6: 3.8344 | H6: 3.2214 | I6: 3.268 | J6: 3.3728 | K6: 2.748 | L6: 1.6944 | M6: 3.7052 | N6: 3.4948 | O6: 3.5704 | P6: 3.3392 | Q6: 3.4976 | R6: 3.4582 | S6: 2.0484 | T6: 3.9644 | U6: 3.3766 | V6: 2.6144 | W6: 3.619 | X6: 3.195 | Y6: 3.0858 | Z6: 1.862 | AA6: 3.5974 | AB6: 3.4994 | AC6: 3.3846 | AD6: 3.579 | AE6: 3.0848 | AF6: 2.7964 | AG6: 1.713 | AH6: 3.2278 | AI6: =SUM(D6:AH6) -> 98.1876
C7: Yellow skip | D7: 1.31 | E7: 0 | F7: 0.68 | G7: 1.39 | H7: 0 | I7: 0.7 | J7: 0.93 | K7: 0 | L7: 0 | M7: 2.38 | N7: 0 | O7: 2.13 | P7: 1.3 | Q7: 0.87 | R7: 0 | S7: 0 | T7: 3.29 | U7: 0 | V7: 0 | W7: 3.19 | X7: 0 | Y7: 1.06 | Z7: 0 | AA7: 0.84 | AB7: 0.88 | AC7: 0 | AD7: 2.01 | AE7: 0.89 | AF7: 0 | AG7: 0 | AH7: 1.25 | AI7: =SUM(D7:AH7) -> 25.1
C8: Total Weight (Tonne) | D8: =SUM(D6:D7) -> 5.1846 | E8: =SUM(E6:E7) -> 2.3986 | F8: =SUM(F6:F7) -> 4.742 | G8: =SUM(G6:G7) -> 5.2244 | H8: =SUM(H6:H7) -> 3.2214 | I8: =SUM(I6:I7) -> 3.968 | J8: =SUM(J6:J7) -> 4.3028 | K8: =SUM(K6:K7) -> 2.748 | ... AI8: =SUM(AI6:AI7) -> 123.2876
C9: Recyclable Wastes Statistics
C10: Recycled Types | D10: Date of Recycling Wastes Collection Details (kg) | AI10: Total Weight
D11: 44047 | E11: 44049 | F11: 44050 | G11: 44051 | H11: 44054 | I11: 44056 | J11: 44058 | K11: 44060 | L11: 44061 | M11: 44063 | N11: 44064 | O11: 44065 | P11: 44067 | Q11: 44069 | R11: 44070 | S11: 44071
C12: Old Corrugated Containers | D12: 556 | E12: 426 | F12: 445 | G12: 382 | H12: 433 | I12: 345 | J12: 468 | K12: 428 | L12: 455 | M12: 448 | N12: 609 | P12: 526 | Q12: 360 | R12: 361 | S12: 485 | AI12: =SUM(D12:AH12) -> 6727
C13: Office Paper / Newspapers | D13: 243 | E13: 480 | F13: 269 | H13: 339 | J13: 267 | K13: 508 | N13: 467 | P13: 288 | Q13: 321 | S13: 276 | AI13: =SUM(D13:AH13) -> 3458
C14: Waste Plastic Bottles | D14: 40 | F14: 42 | H14: 34 | J14: 33 | L14: 36 | N14: 37 | Q14: 42 | S14: 30 | AI14: =SUM(D14:AH14) -> 294
C15: Aluminum Cans | D15: 11 | F15: 12 | H15: 10 | J15: 11 | L15: 14 | N15: 12 | Q15: 10 | S15: 13 | AI15: =SUM(D15:AH15) -> 93
C16: Metal | E16: 46 | G16: 35 | I16: 30 | K16: 43 | M16: 41 | O16: 1600 | P16: 39 | R16: 40 | AI16: =SUM(D16:AH16) -> 1874
C17: Other:(pls specify) | AI17: =SUM(D17:AH17) -> 0
C18: Total Weight (kg) | D18: =SUM(D12:D17) -> 850 | E18: =SUM(E12:E17) -> 952 | F18: =SUM(F12:F17) -> 768 | G18: =SUM(G12:G17) -> 417 | H18: =SUM(H12:H17) -> 816 | I18: =SUM(I12:I17) -> 375 | J18: =SUM(J12:J17) -> 779 | K18: =SUM(K12:K17) -> 979 | ... AI18: =SUM(AI12:AI17) -> 12446
C20: (A) Total Weight of General Waste of this Month : | H20: =AI8*1000 -> 123287.6 | J20: kg | M20: (C) Total Recycling Ratio Percentage of this Month : | T20: =(H21/(H20+H21))*100 -> 9.1694319 | AA20: % < i.e.= B/(A+B) >
C21: (B) Total Weight of Recycled Waste of this Month : | H21: =AI18 -> 12446 | J21: kg | M21: (D) Total Recycling Ratio of Y-T-D Average : | T21: =SUM(D25:AI25)/COUNTA(D25:AI25)*100 -> 7.4946176 | AA21: %
C23: Yearly Summary of Recycling Ratio Percentage
C24: Month | D24: 43647 | F24: 43678 | H24: 43709 | J24: 43739 | L24: 43770 | N24: 43800 | P24: 43831 | R24: 43862 | T24: 43891 | V24: 43922 | X24: 43952 | Z24: 43983 | AB24: 44013 | AD24: 44044 | AF24: 44075 | AH24: 44105
C25: Recycling Ratio Percentage | D25: 0.091809845 | F25: 0.070977248 | H25: 0.055518609 | J25: 0.059962447 | L25: 0.061741945 | N25: 0.060603729 | P25: 0.080874189 | R25: 0.074292828 | T25: ='MAR-20'!T25:U25 -> 0.082799415 | V25: ='APR-20'!V25:W25 -> 0.074101887 | X25: ='MAY-20'!X25:Y25 -> 0.069804378 | Z25: ='June-20'!Z25:AA25 -> 0.084229935 | AB25: ='Jul-20'!AB25:AC25 -> 0.090835691 | AD25: =T20/100 -> 0.091694319

Sheet SEP-20
C2: HKUST - Campus and Student Hostel
C3: General Wastes Statistics | K3: Month/Year: SEPEMBER-2020 | AI3: Submission Date: 6-Oct-2020
C4: Waste Types | D4: Date of General Wastes Collection Details (Tonne) | AI4: Total Weight
D5: 44075 | E5: 44076 | F5: 44077 | G5: 44078 | H5: 44079 | I5: 44080 | J5: 44081 | K5: 44082 | L5: 44083 | M5: 44084 | N5: 44085 | O5: 44086 | P5: 44087 | Q5: 44088 | R5: 44089 | S5: 44090 | T5: 44091 | U5: 44092 | V5: 44093 | W5: 44094 | X5: 44095 | Y5: 44096 | Z5: 44097 | AA5: 44098 | AB5: 44099 | AC5: 44100 | AD5: 44101 | AE5: 44102 | AF5: 44103 | AG5: 44104
C6: General Wastes | D6: 3.8022 | E6: 3.2734 | F6: 3.1942 | G6: 3.5766 | H6: 3.0716 | I6: 2.0634 | J6: 4.0176 | K6: 4.1406 | L6: 3.977 | M6: 3.6244 | N6: 3.7312 | O6: 2.8826 | P6: 1.6356 | Q6: 3.8698 | R6: 4.0998 | S6: 3.8702 | T6: 3.9056 | U6: 3.6026 | V6: 3.459 | W6: 1.7164 | X6: 3.889 | Y6: 4.486 | Z6: 3.6614 | AA6: 3.5702 | AB6: 3.7168 | AC6: 3.0912 | AD6: 1.8604 | AE6: 3.7618 | AF6: 3.8456 | AG6: 4.0834 | AI6: =SUM(D6:AH6) -> 103.4796
C7: Yellow skip | D7: 1.4 | E7: 0 | F7: 1.88 | G7: 0.92 | H7: 0 | I7: 0 | J7: 2.46 | K7: 0.44 | L7: 0 | M7: 2.81 | N7: 0 | O7: 1.25 | P7: 0 | Q7: 1.69 | R7: 1.05 | S7: 0 | T7: 1.08 | U7: 1.84 | V7: 0 | W7: 0 | X7: 1.36 | Y7: 0 | Z7: 1.22 | AA7: 1.61 | AB7: 0.74 | AC7: 0 | AD7: 0 | AE7: 1.93 | AF7: 0 | AG7: 2.77 | AI7: =SUM(D7:AH7) -> 26.45
C8: Total Weight (Tonne) | D8: =SUM(D6:D7) -> 5.2022 | E8: =SUM(E6:E7) -> 3.2734 | F8: =SUM(F6:F7) -> 5.0742 | G8: =SUM(G6:G7) -> 4.4966 | H8: =SUM(H6:H7) -> 3.0716 | I8: =SUM(I6:I7) -> 2.0634 | J8: =SUM(J6:J7) -> 6.4776 | K8: =SUM(K6:K7) -> 4.5806 | ... AI8: =SUM(AI6:AI7) -> 129.9296
C9: Recyclable Wastes Statistics
C10: Recycled Types | D10: Date of Recycling Wastes Collection Details (kg) | AI10: Total Weight
D11: 44075 | E11: 44076 | F11: 44077 | G11: 44078 | H11: 44081 | I11: 44083 | J11: 44085 | K11: 44089 | L11: 44091 | M11: 44092 | N11: 44096 | O11: 44098 | P11: 44100 | Q11: 44103 | R11: 44104
C12: Old Corrugated Containers | D12: 512 | E12: 340 | F12: 348 | G12: 410 | H12: 425 | I12: 426 | J12: 504 | K12: 382 | L12: 426 | M12: 500 | N12: 675 | O12: 619 | P12: 528 | Q12: 538 | R12: 365 | AI12: =SUM(D12:AH12) -> 6998
C13: Office Paper / Newspapers | D13: 342 | F13: 390 | G13: 362 | I13: 359 | K13: 375 | L13: 450 | N13: 384 | O13: 117 | Q13: 332 | R13: 700 | AI13: =SUM(D13:AH13) -> 3811
C14: Waste Plastic Bottles | D14: 36 | F14: 38 | H14: 41 | J14: 39 | L14: 32 | N14: 35 | P14: 52 | R14: 28 | AI14: =SUM(D14:AH14) -> 301
C15: Aluminum Cans | D15: 10 | F15: 12 | H15: 8 | J15: 14 | L15: 11 | N15: 10 | P15: 14 | R15: 13 | AI15: =SUM(D15:AH15) -> 92
C16: Metal | E16: 37 | G16: 42 | I16: 33 | K16: 38 | M16: 44 | O16: 32 | Q16: 40 | AI16: =SUM(D16:AH16) -> 266
C17: Other:(pls specify) | AI17: =SUM(D17:AH17) -> 0
C18: Total Weight (kg) | D18: =SUM(D12:D17) -> 900 | E18: =SUM(E12:E17) -> 377 | F18: =SUM(F12:F17) -> 788 | G18: =SUM(G12:G17) -> 814 | H18: =SUM(H12:H17) -> 474 | I18: =SUM(I12:I17) -> 818 | J18: =SUM(J12:J17) -> 557 | K18: =SUM(K12:K17) -> 795 | ... AI18: =SUM(AI12:AI17) -> 11468
C20: (A) Total Weight of General Waste of this Month : | H20: =AI8*1000 -> 129929.6 | J20: kg | M20: (C) Total Recycling Ratio Percentage of this Month : | T20: =(H21/(H20+H21))*100 -> 8.110463 | AA20: % < i.e.= B/(A+B) >
C21: (B) Total Weight of Recycled Waste of this Month : | H21: =AI18 -> 11468 | J21: kg | M21: (D) Total Recycling Ratio of Y-T-D Average : | T21: =SUM(D25:AI25)/COUNTA(D25:AI25)*100 -> 7.535674 | AA21: %
C23: Yearly Summary of Recycling Ratio Percentage
C24: Month | D24: 43647 | F24: 43678 | H24: 43709 | J24: 43739 | L24: 43770 | N24: 43800 | P24: 43831 | R24: 43862 | T24: 43891 | V24: 43922 | X24: 43952 | Z24: 43983 | AB24: 44013 | AD24: 44044 | AF24: 44075 | AH24: 44105
C25: Recycling Ratio Percentage | D25: 0.091809845 | F25: 0.070977248 | H25: 0.055518609 | J25: 0.059962447 | L25: 0.061741945 | N25: 0.060603729 | P25: 0.080874189 | R25: 0.074292828 | T25: ='MAR-20'!T25:U25 -> 0.082799415 | V25: ='APR-20'!V25:W25 -> 0.074101887 | X25: ='MAY-20'!X25:Y25 -> 0.069804378 | Z25: ='June-20'!Z25:AA25 -> 0.084229935 | AB25: ='Jul-20'!AB25:AC25 -> 0.090835691 | AD25: ='Aug-20'!AD25:AE25 -> 0.091694319 | AF25: =T20/100 -> 0.08110463

Sheet OCT-20
C2: HKUST - Campus and Student Hostel
C3: General Wastes Statistics | K3: Month/Year: OCTOBER-2020 | AI3: Submission Date: 3-Nov-2020
C4: Waste Types | D4: Date of General Wastes Collection Details (Tonne) | AI4: Total Weight
D5: 44105 | E5: 44106 | F5: 44107 | G5: 44108 | H5: 44109 | I5: 44110 | J5: 44111 | K5: 44112 | L5: 44113 | M5: 44114 | N5: 44115 | O5: 44116 | P5: 44117 | Q5: 44118 | R5: 44119 | S5: 44120 | T5: 44121 | U5: 44122 | V5: 44123 | W5: 44124 | X5: 44125 | Y5: 44126 | Z5: 44127 | AA5: 44128 | AB5: 44129 | AC5: 44130 | AD5: 44131 | AE5: 44132 | AF5: 44133 | AG5: 44134 | AH5: 44135
C6: General Wastes | D6: 2.1354 | E6: 1.5906 | F6: 3.7794 | G6: 1.8852 | H6: 4.4306 | I6: 4.0266 | J6: 3.7112 | K6: 3.5722 | L6: 3.807 | M6: 3.043 | N6: 1.836 | O6: 3.8546 | P6: 0 | Q6: 5.5624 | R6: 4.2444 | S6: 3.5432 | T6: 3.4828 | U6: 1.616 | V6: 3.6936 | W6: 4.021 | X6: 3.5216 | Y6: 3.7034 | Z6: 3.4554 | AA6: 2.9188 | AB6: 1.5818 | AC6: 1.9112 | AD6: 3.8712 | AE6: 3.9796 | AF6: 4.116 | AG6: 3.765 | AH6: 2.941 | AI6: =SUM(D6:AH6) -> 99.6002
C7: Yellow skip | D7: 0 | E7: 0 | F7: 0 | G7: 0 | H7: 0 | I7: 1.01 | J7: 0.81 | K7: 1.66 | L7: 1.22 | M7: 0 | N7: 0 | O7: 0 | P7: 0 | Q7: 0.78 | R7: 0.95 | S7: 1.17 | T7: 1.17 | U7: 0 | V7: 0 | W7: 0 | X7: 3.18 | Y7: 1.34 | Z7: 0 | AA7: 1.02 | AB7: 0 | AC7: 0 | AD7: 1.26 | AE7: 0 | AF7: 2.41 | AG7: 0 | AH7: 0.86 | AI7: =SUM(D7:AH7) -> 18.84
C8: Total Weight (Tonne) | D8: =SUM(D6:D7) -> 2.1354 | E8: =SUM(E6:E7) -> 1.5906 | F8: =SUM(F6:F7) -> 3.7794 | G8: =SUM(G6:G7) -> 1.8852 | H8: =SUM(H6:H7) -> 4.4306 | I8: =SUM(I6:I7) -> 5.0366 | J8: =SUM(J6:J7) -> 4.5212 | K8: =SUM(K6:K7) -> 5.2322 | ... AI8: =SUM(AI6:AI7) -> 118.4402
C9: Recyclable Wastes Statistics
C10: Recycled Types | D10: Date of Recycling Wastes Collection Details (kg) | AI10: Total Weight
D11: 44109 | E11: 44110 | F11: 44112 | G11: 44113 | H11: 44116 | I11: 44119 | J11: 44123 | K11: 44124 | L11: 44126 | M11: 44127 | N11: 44128 | O11: 44131 | P11: 44133 | Q11: 44134 | R11: 44135
C12: Old Corrugated Containers | D12: 548 | E12: 140 | F12: 526 | G12: 885 | H12: 423 | I12: 727 | J12: 560 | K12: 458 | L12: 433 | M12: 520 | N12: 421 | O12: 488 | P12: 550 | Q12: 616 | R12: 110 | AI12: =SUM(D12:AH12) -> 7405
C13: Office Paper / Newspapers | D13: 302 | E13: 394 | F13: 162 | G13: 1010 | I13: 688 | J13: 300 | L13: 306 | M13: 179 | N13: 394 | P13: 365 | AI13: =SUM(D13:AH13) -> 4100
C14: Waste Plastic Bottles | D14: 50 | F14: 36 | H14: 40 | J14: 25 | L14: 48 | N14: 49 | P14: 46 | AI14: =SUM(D14:AH14) -> 294
C15: Aluminum Cans | D15: 12 | F15: 15 | H15: 10 | J15: 10 | L15: 11 | N15: 12 | P15: 14 | AI15: =SUM(D15:AH15) -> 84
C16: Metal | E16: 45 | G16: 40 | I16: 36 | K16: 42 | M16: 46 | O16: 40 | AI16: =SUM(D16:AH16) -> 249
C17: Other:(pls specify) | AI17: =SUM(D17:AH17) -> 0
C18: Total Weight (kg) | D18: =SUM(D12:D17) -> 912 | E18: =SUM(E12:E17) -> 579 | F18: =SUM(F12:F17) -> 739 | G18: =SUM(G12:G17) -> 1935 | H18: =SUM(H12:H17) -> 473 | I18: =SUM(I12:I17) -> 1451 | J18: =SUM(J12:J17) -> 895 | K18: =SUM(K12:K17) -> 500 | ... AI18: =SUM(AI12:AI17) -> 12132
C20: (A) Total Weight of General Waste of this Month : | H20: =AI8*1000 -> 118440.2 | J20: kg | M20: (C) Total Recycling Ratio Percentage of this Month : | T20: =(H21/(H20+H21))*100 -> 9.2914112 | AA20: % < i.e.= B/(A+B) >
C21: (B) Total Weight of Recycled Waste of this Month : | H21: =AI18 -> 12132 | J21: kg | M21: (D) Total Recycling Ratio of Y-T-D Average : | T21: =SUM(D25:AI25)/COUNTA(D25:AI25)*100 -> 8.3435546 | AA21: %
C23: Yearly Summary of Recycling Ratio Percentage
C24: Month | D24: 43891 | F24: 43922 | H24: 43952 | J24: 43983 | L24: 44013 | N24: 44044 | P24: 44075 | R24: 44105 | T24: 44136 | V24: 44166 | X24: 44197 | Z24: 44228 | AB24: 44256 | AD24: 44287 | AF24: 44317 | AH24: 44348
C25: Recycling Ratio Percentage | D25: 0.082799415 | F25: 0.074101887 | H25: 0.069804378 | J25: 0.084229935 | L25: 0.090835691 | N25: 0.091694319 | P25: 0.08110463 | R25: =T20/100 -> 0.092914112

Sheet NOV-20
C2: HKUST - Campus and Student Hostel
C3: General Wastes Statistics | K3: Month/Year: NOVEMBER-2020 | AI3: Submission Date: 2-Dec-2020
C4: Waste Types | D4: Date of General Wastes Collection Details (Tonne) | AI4: Total Weight
D5: 44136 | E5: 44137 | F5: 44138 | G5: 44139 | H5: 44140 | I5: 44141 | J5: 44142 | K5: 44143 | L5: 44144 | M5: 44145 | N5: 44146 | O5: 44147 | P5: 44148 | Q5: 44149 | R5: 44150 | S5: 44151 | T5: 44152 | U5: 44153 | V5: 44154 | W5: 44155 | X5: 44156 | Y5: 44157 | Z5: 44158 | AA5: 44159 | AB5: 44160 | AC5: 44161 | AD5: 44162 | AE5: 44163 | AF5: 44164 | AG5: 44165
C6: General Wastes | D6: 2.0726 | E6: 3.4012 | F6: 4.0854 | G6: 3.599 | H6: 3.3432 | I6: 3.8428 | J6: 2.9012 | K6: 1.796 | L6: 3.3284 | M6: 4.115 | N6: 3.6726 | O6: 3.7482 | P6: 3.8554 | Q6: 2.582 | R6: 2.3822 | S6: 3.7102 | T6: 3.8158 | U6: 3.637 | V6: 4.09 | W6: 4.0496 | X6: 3.079 | Y6: 1.9838 | Z6: 3.8608 | AA6: 4.094 | AB6: 3.714 | AC6: 3.6352 | AD6: 3.904 | AE6: 2.949 | AF6: 1.8714 | AG6: 3.6614 | AI6: =SUM(D6:AH6) -> 100.7804
C7: Yellow skip | D7: 0 | E7: 0 | F7: 1.57 | G7: 0 | H7: 1.19 | I7: 0 | J7: 0.87 | K7: 0 | L7: 0 | M7: 1.4 | N7: 1.72 | O7: 0 | P7: 0.97 | Q7: 0 | R7: 0 | S7: 1.18 | T7: 1.55 | U7: 0.96 | V7: 2.07 | W7: 0 | X7: 1.04 | Y7: 0 | Z7: 0 | AA7: 1.1 | AB7: 0.85 | AC7: 2.75 | AD7: 1.18 | AE7: 0 | AF7: 0 | AG7: 0 | AI7: =SUM(D7:AH7) -> 20.4
C8: Total Weight (Tonne) | D8: =SUM(D6:D7) -> 2.0726 | E8: =SUM(E6:E7) -> 3.4012 | F8: =SUM(F6:F7) -> 5.6554 | G8: =SUM(G6:G7) -> 3.599 | H8: =SUM(H6:H7) -> 4.5332 | I8: =SUM(I6:I7) -> 3.8428 | J8: =SUM(J6:J7) -> 3.7712 | K8: =SUM(K6:K7) -> 1.796 | ... AI8: =SUM(AI6:AI7) -> 121.1804
C9: Recyclable Wastes Statistics
C10: Recycled Types | D10: Date of Recycling Wastes Collection Details (kg) | AI10: Total Weight
D11: 44137 | E11: 44138 | F11: 44140 | G11: 44141 | H11: 44142 | I11: 44144 | J11: 44145 | K11: 44147 | L11: 44148 | M11: 44151 | N11: 44152 | O11: 44154 | P11: 44155 | Q11: 44156 | R11: 44158 | S11: 44159 | T11: 44161 | U11: 44162 | V11: 44165
C12: Old Corrugated Containers | D12: 336 | E12: 440 | F12: 311 | G12: 603 | H12: 126 | J12: 338 | K12: 560 | L12: 425 | M12: 568 | N12: 225 | O12: 330 | P12: 546 | Q12: 530 | S12: 582 | T12: 416 | U12: 334 | V12: 465 | AI12: =SUM(D12:AH12) -> 7135
C13: Office Paper / Newspapers | D13: 288 | F13: 390 | H13: 523 | J13: 105 | L13: 466 | M13: 279 | O13: 322 | Q13: 378 | T13: 404 | U13: 345 | AI13: =SUM(D13:AH13) -> 3500
C14: Waste Plastic Bottles | I14: 70 | K14: 47 | O14: 128 | R14: 72 | T14: 96 | V14: 64 | AI14: =SUM(D14:AH14) -> 477
C15: Aluminum Cans | D15: 10 | F15: 12 | H15: 11 | K15: 9 | M15: 9 | O15: 8 | Q15: 10 | T15: 8 | V15: 10 | AI15: =SUM(D15:AH15) -> 87
C16: Metal | E16: 38 | G16: 40 | J16: 36 | L16: 49 | N16: 28 | P16: 50 | S16: 32 | U16: 48 | AI16: =SUM(D16:AH16) -> 321
C17: Other:(pls specify) | AI17: =SUM(D17:AH17) -> 0
C18: Total Weight (kg) | D18: =SUM(D12:D17) -> 634 | E18: =SUM(E12:E17) -> 478 | F18: =SUM(F12:F17) -> 713 | G18: =SUM(G12:G17) -> 643 | H18: =SUM(H12:H17) -> 660 | I18: =SUM(I12:I17) -> 70 | J18: =SUM(J12:J17) -> 479 | K18: =SUM(K12:K17) -> 616 | ... AI18: =SUM(AI12:AI17) -> 11520
C20: (A) Total Weight of General Waste of this Month : | H20: =AI8*1000 -> 121180.4 | J20: kg | M20: (C) Total Recycling Ratio Percentage of this Month : | T20: =(H21/(H20+H21))*100 -> 8.6812097 | AA20: % < i.e.= B/(A+B) >
C21: (B) Total Weight of Recycled Waste of this Month : | H21: =AI18 -> 11520 | J21: kg | M21: (D) Total Recycling Ratio of Y-T-D Average : | T21: =SUM(D25:AI25)/COUNTA(D25:AI25)*100 -> 8.3810718 | AA21: %
C23: Yearly Summary of Recycling Ratio Percentage
C24: Month | D24: 43891 | F24: 43922 | H24: 43952 | J24: 43983 | L24: 44013 | N24: 44044 | P24: 44075 | R24: 44105 | T24: 44136 | V24: 44166 | X24: 44197 | Z24: 44228 | AB24: 44256 | AD24: 44287 | AF24: 44317 | AH24: 44348
C25: Recycling Ratio Percentage | D25: 0.082799415 | F25: 0.074101887 | H25: 0.069804378 | J25: 0.084229935 | L25: 0.090835691 | N25: 0.091694319 | P25: 0.08110463 | R25: ='OCT-20'!R25:S25 -> 0.092914112 | T25: =T20/100 -> 0.086812097

Sheet DEC-20
C2: HKUST - Campus and Student Hostel
C3: General Wastes Statistics | K3: Month/Year: DECEMBER-2020 | AI3: Submission Date: 6-Jan-2021
C4: Waste Types | D4: Date of General Wastes Collection Details (Tonne) | AI4: Total Weight
D5: 44166 | E5: 44167 | F5: 44168 | G5: 44169 | H5: 44170 | I5: 44171 | J5: 44172 | K5: 44173 | L5: 44174 | M5: 44175 | N5: 44176 | O5: 44177 | P5: 44178 | Q5: 44179 | R5: 44180 | S5: 44181 | T5: 44182 | U5: 44183 | V5: 44184 | W5: 44185 | X5: 44186 | Y5: 44187 | Z5: 44188 | AA5: 44189 | AB5: 44190 | AC5: 44191 | AD5: 44192 | AE5: 44193 | AF5: 44194 | AG5: 44195 | AH5: 44196
C6: General Wastes | D6: 3.3812 | E6: 3.763 | F6: 3.0662 | G6: 3.1658 | H6: 3.0106 | I6: 1.9368 | J6: 3.367 | K6: 3.5824 | L6: 3.3044 | M6: 3.1956 | N6: 3.1848 | O6: 3.1846 | P6: 2.0156 | Q6: 3.5046 | R6: 3.5904 | S6: 3.2764 | T6: 1.3344 | U6: 2.737 | V6: 2.9846 | W6: 2.016 | X6: 3.303 | Y6: 3.4224 | Z6: 3.3142 | AA6: 3.3836 | AB6: 2.1744 | AC6: 1.984 | AD6: 1.8352 | AE6: 3.7978 | AF6: 3.5942 | AG6: 3.4416 | AH6: 2.991 | AI6: =SUM(D6:AH6) -> 92.8428
C7: Yellow skip | D7: 0.78 | E7: 2.22 | F7: 0.73 | G7: 1.27 | H7: 0 | I7: 0 | J7: 0.68 | K7: 0 | L7: 0.57 | M7: 0.81 | N7: 0 | O7: 0 | P7: 0 | Q7: 1.06 | R7: 0 | S7: 2 | T7: 0 | U7: 0.86 | V7: 0 | W7: 0 | X7: 2.58 | Y7: 1.12 | Z7: 1.89 | AA7: 0 | AB7: 0 | AC7: 0 | AD7: 0 | AE7: 1.05 | AF7: 0 | AG7: 1.5 | AH7: 0 | AI7: =SUM(D7:AH7) -> 19.12
C8: Total Weight (Tonne) | D8: =SUM(D6:D7) -> 4.1612 | E8: =SUM(E6:E7) -> 5.983 | F8: =SUM(F6:F7) -> 3.7962 | G8: =SUM(G6:G7) -> 4.4358 | H8: =SUM(H6:H7) -> 3.0106 | I8: =SUM(I6:I7) -> 1.9368 | J8: =SUM(J6:J7) -> 4.047 | K8: =SUM(K6:K7) -> 3.5824 | ... AI8: =SUM(AI6:AI7) -> 111.9628
C9: Recyclable Wastes Statistics
C10: Recycled Types | D10: Date of Recycling Wastes Collection Details (kg) | AI10: Total Weight
D11: 44166 | E11: 44168 | F11: 44169 | G11: 44170 | H11: 44537 | I11: 44173 | J11: 44175 | K11: 44176 | L11: 44544 | M11: 44180 | N11: 44182 | O11: 44183 | P11: 44186 | Q11: 44188 | R11: 44189 | S11: 44193 | T11: 44194 | U11: 44196
C12: Old Corrugated Containers | D12: 302 | E12: 415 | F12: 214 | G12: 399 | I12: 469 | J12: 393 | K12: 457 | M12: 485 | N12: 448 | O12: 568 | P12: 418 | Q12: 542 | R12: 452 | S12: 526 | T12: 523 | U12: 460 | AI12: =SUM(D12:AH12) -> 7071
C13: Office Paper / Newspapers | D13: 0 | E13: 152 | F13: 500 | G13: 254 | I13: 136 | J13: 283 | M13: 288 | N13: 414 | O13: 136 | Q13: 250 | R13: 104 | S13: 245 | T13: 90 | U13: 556 | AI13: =SUM(D13:AH13) -> 3408
C14: Waste Plastic Bottles | E14: 64 | H14: 50 | J14: 40 | L14: 24 | N14: 54 | P14: 24 | R14: 36 | U14: 60 | AI14: =SUM(D14:AH14) -> 352
C15: Aluminum Cans | E15: 9 | G15: 10 | J15: 12 | M15: 9 | O15: 7 | Q15: 10 | S15: 10 | U15: 11 | AI15: =SUM(D15:AH15) -> 78
C16: Metal | D16: 30 | F16: 41 | I16: 39 | K16: 45 | N16: 48 | P16: 36 | R16: 42 | T16: 40 | AI16: =SUM(D16:AH16) -> 321
C17: Other:(pls specify) | AI17: =SUM(D17:AH17) -> 0
C18: Total Weight (kg) | D18: =SUM(D12:D17) -> 332 | E18: =SUM(E12:E17) -> 640 | F18: =SUM(F12:F17) -> 755 | G18: =SUM(G12:G17) -> 663 | H18: =SUM(H12:H17) -> 50 | I18: =SUM(I12:I17) -> 644 | J18: =SUM(J12:J17) -> 728 | K18: =SUM(K12:K17) -> 502 | ... AI18: =SUM(AI12:AI17) -> 11230
C20: (A) Total Weight of General Waste of this Month : | H20: =AI8*1000 -> 111962.8 | J20: kg | M20: (C) Total Recycling Ratio Percentage of this Month : | T20: =(H21/(H20+H21))*100 -> 9.1157925 | AA20: % < i.e.= B/(A+B) >
C21: (B) Total Weight of Recycled Waste of this Month : | H21: =AI18 -> 11230 | J21: kg | M21: (D) Total Recycling Ratio of Y-T-D Average : | T21: =SUM(D25:AI25)/COUNTA(D25:AI25)*100 -> 8.4545439 | AA21: %
C23: Yearly Summary of Recycling Ratio Percentage
C24: Month | D24: 43891 | F24: 43922 | H24: 43952 | J24: 43983 | L24: 44013 | N24: 44044 | P24: 44075 | R24: 44105 | T24: 44136 | V24: 44166 | X24: 44197 | Z24: 44228 | AB24: 44256 | AD24: 44287 | AF24: 44317 | AH24: 44348
C25: Recycling Ratio Percentage | D25: 0.082799415 | F25: 0.074101887 | H25: 0.069804378 | J25: 0.084229935 | L25: 0.090835691 | N25: 0.091694319 | P25: 0.08110463 | R25: ='OCT-20'!R25:S25 -> 0.092914112 | T25: ='NOV-20'!T25:U25 -> 0.086812097 | V25: =T20/100 -> 0.091157925

Sheet JAN-21
C2: HKUST - Campus and Student Hostel
C3: General Wastes Statistics | K3: Month/Year: JANUARY-2021 | AI3: Submission Date: 2-Feb-2021
C4: Waste Types | D4: Date of General Wastes Collection Details (Tonne) | AI4: Total Weight
D5: 44197 | E5: 44198 | F5: 44199 | G5: 44200 | H5: 44201 | I5: 44202 | J5: 44203 | K5: 44204 | L5: 44205 | M5: 44206 | N5: 44207 | O5: 44208 | P5: 44209 | Q5: 44210 | R5: 44211 | S5: 44212 | T5: 44213 | U5: 44214 | V5: 44215 | W5: 44216 | X5: 44217 | Y5: 44218 | Z5: 44219 | AA5: 44220 | AB5: 44221 | AC5: 44222 | AD5: 44223 | AE5: 44224 | AF5: 44225 | AG5: 44226 | AH5: 44227
C6: General Wastes | D6: 1.6026 | E6: 2.14 | F6: 1.7468 | G6: 3.222 | H6: 3.4436 | I6: 3.0534 | J6: 3.1904 | K6: 2.9072 | L6: 2.4274 | M6: 1.725 | N6: 2.7762 | O6: 2.8308 | P6: 2.9362 | Q6: 2.6346 | R6: 3.0712 | S6: 2.3548 | T6: 1.7536 | U6: 3.011 | V6: 3.4822 | W6: 3.422 | X6: 2.723 | Y6: 3.2184 | Z6: 2.9114 | AA6: 1.9846 | AB6: 3.6584 | AC6: 3.7634 | AD6: 3.3146 | AE6: 3.671 | AF6: 3.2732 | AG6: 3.0884 | AH6: 1.931 | AI6: =SUM(D6:AH6) -> 87.2684
C7: Yellow skip | D7: 0 | E7: 0 | F7: 0 | G7: 0.69 | H7: 0 | I7: 1.84 | J7: 0 | K7: 1.17 | L7: 0 | M7: 0 | N7: 0.95 | O7: 0.21 | P7: 1.54 | Q7: 1.44 | R7: 1.69 | S7: 0 | T7: 0 | U7: 1.07 | V7: 0 | W7: 0.91 | X7: 1.56 | Y7: 1.07 | Z7: 0 | AA7: 0 | AB7: 0 | AC7: 1.2 | AD7: 1.82 | AE7: 1.46 | AF7: 0.98 | AG7: 0 | AH7: 0 | AI7: =SUM(D7:AH7) -> 19.6
C8: Total Weight (Tonne) | D8: =SUM(D6:D7) -> 1.6026 | E8: =SUM(E6:E7) -> 2.14 | F8: =SUM(F6:F7) -> 1.7468 | G8: =SUM(G6:G7) -> 3.912 | H8: =SUM(H6:H7) -> 3.4436 | I8: =SUM(I6:I7) -> 4.8934 | J8: =SUM(J6:J7) -> 3.1904 | K8: =SUM(K6:K7) -> 4.0772 | ... AI8: =SUM(AI6:AI7) -> 106.8684
C9: Recyclable Wastes Statistics
C10: Recycled Types | D10: Date of Recycling Wastes Collection Details (kg) | AI10: Total Weight
D11: 44198 | E11: 44200 | F11: 44201 | G11: 44203 | H11: 44204 | I11: 44207 | J11: 44208 | K11: 44210 | L11: 44212 | M11: 44214 | N11: 44215 | O11: 44217 | P11: 44219 | Q11: 44221 | R11: 44222 | S11: 44224 | T11: 44225 | U11: 44226
C12: Old Corrugated Containers | D12: 446 | F12: 460 | G12: 468 | H12: 525 | J12: 408 | K12: 366 | L12: 608 | N12: 405 | O12: 572 | P12: 760 | R12: 540 | S12: 682 | T12: 570 | U12: 426 | AI12: =SUM(D12:AH12) -> 7236
C13: Office Paper / Newspapers | G13: 210 | H13: 285 | J13: 472 | K13: 300 | L13: 516 | N13: 329 | O13: 230 | P13: 493 | R13: 520 | S13: 210 | T13: 311 | U13: 470 | AI13: =SUM(D13:AH13) -> 4346
C14: Waste Plastic Bottles | E14: 39 | G14: 48 | I14: 42 | K14: 33 | M14: 42 | O14: 24 | Q14: 47 | S14: 30 | AI14: =SUM(D14:AH14) -> 305
C15: Aluminum Cans | D15: 12 | G15: 11 | J15: 13 | L15: 9 | O15: 7 | R15: 10 | T15: 11 | AI15: =SUM(D15:AH15) -> 73
C16: Metal | F16: 32 | H16: 40 | K16: 36 | N16: 45 | P16: 41 | S16: 33 | U16: 35 | AI16: =SUM(D16:AH16) -> 262
C17: Other:(pls specify) | AI17: =SUM(D17:AH17) -> 0
C18: Total Weight (kg) | D18: =SUM(D12:D17) -> 458 | E18: =SUM(E12:E17) -> 39 | F18: =SUM(F12:F17) -> 492 | G18: =SUM(G12:G17) -> 737 | H18: =SUM(H12:H17) -> 850 | I18: =SUM(I12:I17) -> 42 | J18: =SUM(J12:J17) -> 893 | K18: =SUM(K12:K17) -> 735 | ... AI18: =SUM(AI12:AI17) -> 12222
C20: (A) Total Weight of General Waste of this Month : | H20: =AI8*1000 -> 106868.4 | J20: kg | M20: (C) Total Recycling Ratio Percentage of this Month : | T20: =(H21/(H20+H21))*100 -> 10.262792 | AA20: % < i.e.= B/(A+B) >
C21: (B) Total Weight of Recycled Waste of this Month : | H21: =AI18 -> 12222 | J21: kg | M21: (D) Total Recycling Ratio of Y-T-D Average : | T21: =SUM(D25:AI25)/COUNTA(D25:AI25)*100 -> 8.6189301 | AA21: %
C23: Yearly Summary of Recycling Ratio Percentage
C24: Month | D24: 43891 | F24: 43922 | H24: 43952 | J24: 43983 | L24: 44013 | N24: 44044 | P24: 44075 | R24: 44105 | T24: 44136 | V24: 44166 | X24: 44197 | Z24: 44228 | AB24: 44256 | AD24: 44287 | AF24: 44317 | AH24: 44348
C25: Recycling Ratio Percentage | D25: 0.082799415 | F25: 0.074101887 | H25: 0.069804378 | J25: 0.084229935 | L25: 0.090835691 | N25: 0.091694319 | P25: 0.08110463 | R25: ='OCT-20'!R25:S25 -> 0.092914112 | T25: ='NOV-20'!T25:U25 -> 0.086812097 | V25: ='DEC-20'!V25:W25 -> 0.091157925 | X25: =T20/100 -> 0.10262792

Sheet FEB-21
C2: HKUST - Campus and Student Hostel
C3: General Wastes Statistics | K3: Month/Year: FEBRUARY-2021 | AI3: Submission Date: 4-MAR-2021
C4: Waste Types | D4: Date of General Wastes Collection Details (Tonne) | AI4: Total Weight
D5: 44228 | E5: 44229 | F5: 44230 | G5: 44231 | H5: 44232 | I5: 44233 | J5: 44234 | K5: 44235 | L5: 44236 | M5: 44237 | N5: 44238 | O5: 44239 | P5: 44240 | Q5: 44241 | R5: 44242 | S5: 44243 | T5: 44244 | U5: 44245 | V5: 44246 | W5: 44247 | X5: 44248 | Y5: 44249 | Z5: 44250 | AA5: 44251 | AB5: 44252 | AC5: 44253 | AD5: 44254 | AE5: 44255
C6: General Wastes | D6: 2.9474 | E6: 4.0292 | F6: 3.6302 | G6: 3.7268 | H6: 4.0032 | I6: 2.9864 | J6: 1.983 | K6: 3.379 | L6: 4.1974 | M6: 4.2918 | N6: 3.8614 | O6: 2.4866 | P6: 1.5422 | Q6: 1.7362 | R6: 2.1594 | S6: 3.9728 | T6: 4.1834 | U6: 2.9964 | V6: 3.803 | W6: 3.1648 | X6: 1.9214 | Y6: 3.1906 | Z6: 3.8064 | AA6: 4.2198 | AB6: 3.8852 | AC6: 3.3022 | AD6: 3.7684 | AE6: 1.8656 | AI6: =SUM(D6:AH6) -> 91.0402
C7: Yellow skip | D7: 1.09 | E7: 0 | F7: 1.81 | G7: 0 | H7: 0.93 | I7: 0 | J7: 0 | K7: 0.89 | L7: 0.99 | M7: 2.45 | N7: 0 | O7: 0 | P7: 0 | Q7: 0 | R7: 0 | S7: 0.93 | T7: 0 | U7: 1.54 | V7: 0 | W7: 0 | X7: 0 | Y7: 1.63 | Z7: 0.57 | AA7: 1.07 | AB7: 2.38 | AC7: 0 | AD7: 0.71 | AE7: 0 | AI7: =SUM(D7:AH7) -> 16.99
C8: Total Weight (Tonne) | D8: =SUM(D6:D7) -> 4.0374 | E8: =SUM(E6:E7) -> 4.0292 | F8: =SUM(F6:F7) -> 5.4402 | G8: =SUM(G6:G7) -> 3.7268 | H8: =SUM(H6:H7) -> 4.9332 | I8: =SUM(I6:I7) -> 2.9864 | J8: =SUM(J6:J7) -> 1.983 | K8: =SUM(K6:K7) -> 4.269 | ... AI8: =SUM(AI6:AI7) -> 108.0302
C9: Recyclable Wastes Statistics
C10: Recycled Types | D10: Date of Recycling Wastes Collection Details (kg) | AI10: Total Weight
D11: 44228 | E11: 44229 | F11: 44231 | G11: 44232 | H11: 44233 | I11: 44235 | J11: 44236 | K11: 44238 | L11: 44244 | M11: 44245 | N11: 44247 | O11: 44249 | P11: 44250 | Q11: 44251 | R11: 44252 | S11: 44253
C12: Old Corrugated Containers | E12: 650 | F12: 474 | G12: 346 | H12: 565 | I12: 420 | J12: 286 | K12: 840 | L12: 442 | M12: 612 | N12: 600 | P12: 686 | Q12: 378 | R12: 365 | S12: 287 | AI12: =SUM(D12:AH12) -> 6951
C13: Office Paper / Newspapers | E13: 226 | F13: 430 | G13: 412 | H13: 101 | I13: 368 | J13: 250 | K13: 306 | L13: 438 | N13: 286 | Q13: 290 | R13: 290 | S13: 245 | AI13: =SUM(D13:AH13) -> 3642
C14: Waste Plastic Bottles | D14: 48 | F14: 42 | I14: 54 | K14: 50 | M14: 60 | O14: 58 | R14: 54 | AI14: =SUM(D14:AH14) -> 366
C15: Aluminum Cans | E15: 10 | G15: 9 | I15: 13 | K15: 10 | M15: 15 | P15: 11 | S15: 12 | AI15: =SUM(D15:AH15) -> 80
C16: Metal | F16: 42 | H16: 33 | J16: 35 | L16: 40 | N16: 458 | Q16: 1050 | R16: 43 | AI16: =SUM(D16:AH16) -> 1701
C17: Other:(pls specify) | AI17: =SUM(D17:AH17) -> 0
C18: Total Weight (kg) | D18: =SUM(D12:D17) -> 48 | E18: =SUM(E12:E17) -> 886 | F18: =SUM(F12:F17) -> 988 | G18: =SUM(G12:G17) -> 767 | H18: =SUM(H12:H17) -> 699 | I18: =SUM(I12:I17) -> 855 | J18: =SUM(J12:J17) -> 571 | K18: =SUM(K12:K17) -> 1206 | ... AI18: =SUM(AI12:AI17) -> 12740
C20: (A) Total Weight of General Waste of this Month : | H20: =AI8*1000 -> 108030.2 | J20: kg | M20: (C) Total Recycling Ratio Percentage of this Month : | T20: =(H21/(H20+H21))*100 -> 10.54896 | AA20: % < i.e.= B/(A+B) >
C21: (B) Total Weight of Recycled Waste of this Month : | H21: =AI18 -> 12740 | J21: kg | M21: (D) Total Recycling Ratio of Y-T-D Average : | T21: =SUM(D25:AI25)/COUNTA(D25:AI25)*100 -> 8.7797659 | AA21: %
C23: Yearly Summary of Recycling Ratio Percentage
C24: Month | D24: 43891 | F24: 43922 | H24: 43952 | J24: 43983 | L24: 44013 | N24: 44044 | P24: 44075 | R24: 44105 | T24: 44136 | V24: 44166 | X24: 44197 | Z24: 44228 | AB24: 44256 | AD24: 44287 | AF24: 44317 | AH24: 44348
C25: Recycling Ratio Percentage | D25: 0.082799415 | F25: 0.074101887 | H25: 0.069804378 | J25: 0.084229935 | L25: 0.090835691 | N25: 0.091694319 | P25: 0.08110463 | R25: ='OCT-20'!R25:S25 -> 0.092914112 | T25: ='NOV-20'!T25:U25 -> 0.086812097 | V25: ='DEC-20'!V25:W25 -> 0.091157925 | X25: 0.10262792 | Z25: =T20/100 -> 0.1054896

Sheet MAR-21
C2: HKUST - Campus and Student Hostel
C3: General Wastes Statistics | K3: Month/Year: MARCH-2021 | AI3: Submission Date: 12-APR-2021
C4: Waste Types | D4: Date of General Wastes Collection Details (Tonne) | AI4: Total Weight
D5: 44256 | E5: 44257 | F5: 44258 | G5: 44259 | H5: 44260 | I5: 44261 | J5: 44262 | K5: 44263 | L5: 44264 | M5: 44265 | N5: 44266 | O5: 44267 | P5: 44268 | Q5: 44269 | R5: 44270 | S5: 44271 | T5: 44272 | U5: 44273 | V5: 44274 | W5: 44275 | X5: 44276 | Y5: 44277 | Z5: 44278 | AA5: 44279 | AB5: 44280 | AC5: 44281 | AD5: 44282 | AE5: 44283 | AF5: 44284 | AG5: 44285 | AH5: 44286
C6: General Wastes | D6: 3.6176 | E6: 3.9544 | F6: 3.794 | G6: 3.4096 | H6: 2.8492 | I6: 3.3782 | J6: 1.5906 | K6: 3.6356 | L6: 4.1682 | M6: 3.79 | N6: 4.3806 | O6: 3.7754 | P6: 3.6598 | Q6: 2.071 | R6: 4.0824 | S6: 4.449 | T6: 4.2692 | U6: 3.962 | V6: 4.432 | W6: 3.6206 | X6: 1.954 | Y6: 4.1148 | Z6: 3.7554 | AA6: 3.6834 | AB6: 4.4404 | AC6: 4.0688 | AD6: 2.0656 | AE6: 1.4282 | AF6: 2.9328 | AG6: 3.486 | AH6: 3.3426 | AI6: =SUM(D6:AH6) -> 108.1614
C7: Yellow skip | D7: 0.46 | E7: 1.19 | F7: 0 | G7: 1.29 | H7: 0 | I7: 0.97 | J7: 0 | K7: 0 | L7: 0.92 | M7: 1.61 | N7: 0 | O7: 0.53 | P7: 0 | Q7: 0 | R7: 0.8 | S7: 1.07 | T7: 1.08 | U7: 0 | V7: 1.44 | W7: 0.85 | X7: 0 | Y7: 0 | Z7: 1.48 | AA7: 1.76 | AB7: 0.77 | AC7: 1.14 | AD7: 0 | AE7: 0 | AF7: 1.74 | AG7: 0 | AH7: 1.2 | AI7: =SUM(D7:AH7) -> 20.3
C8: Total Weight (Tonne) | D8: =SUM(D6:D7) -> 4.0776 | E8: =SUM(E6:E7) -> 5.1444 | F8: =SUM(F6:F7) -> 3.794 | G8: =SUM(G6:G7) -> 4.6996 | H8: =SUM(H6:H7) -> 2.8492 | I8: =SUM(I6:I7) -> 4.3482 | J8: =SUM(J6:J7) -> 1.5906 | K8: =SUM(K6:K7) -> 3.6356 | ... AI8: =SUM(AI6:AI7) -> 128.4614
C9: Recyclable Wastes Statistics
C10: Recycled Types | D10: Date of Recycling Wastes Collection Details (kg) | AI10: Total Weight
D11: 44256 | E11: 44257 | F11: 44259 | G11: 44261 | H11: 44263 | I11: 44264 | J11: 44265 | K11: 44266 | L11: 44268 | M11: 44270 | N11: 44271 | O11: 44273 | P11: 44275 | Q11: 44277 | R11: 44278 | S11: 44280 | T11: 44281 | U11: 44284 | V11: 44285
C12: Old Corrugated Containers | E12: 556 | F12: 700 | G12: 522 | I12: 505 | J12: 505 | K12: 354 | L12: 446 | N12: 565 | O12: 590 | P12: 648 | Q12: 450 | R12: 528 | S12: 542 | T12: 526 | V12: 500 | AI12: =SUM(D12:AH12) -> 7937
C13: Office Paper / Newspapers | E13: 300 | F13: 362 | G13: 354 | I13: 220 | J13: 336 | K13: 380 | L13: 289 | N13: 368 | O13: 382 | Q13: 460 | R13: 265 | T13: 298 | V13: 320 | AI13: =SUM(D13:AH13) -> 4334
C14: Waste Plastic Bottles | D14: 60 | F14: 40 | H14: 70 | M14: 85.5 | O14: 42 | Q14: 30 | S14: 59 | U14: 46 | AI14: =SUM(D14:AH14) -> 432.5
C15: Aluminum Cans | E15: 11 | G15: 8 | J15: 10 | L15: 14 | O15: 13 | Q15: 11 | T15: 12 | AI15: =SUM(D15:AH15) -> 79
C16: Metal | F16: 45 | I16: 39 | K16: 40 | N16: 44 | P16: 46 | S16: 37 | AI16: =SUM(D16:AH16) -> 251
C17: Other:(pls specify) | AI17: =SUM(D17:AH17) -> 0
C18: Total Weight (kg) | D18: =SUM(D12:D17) -> 60 | E18: =SUM(E12:E17) -> 867 | F18: =SUM(F12:F17) -> 1147 | G18: =SUM(G12:G17) -> 884 | H18: =SUM(H12:H17) -> 70 | I18: =SUM(I12:I17) -> 764 | J18: =SUM(J12:J17) -> 851 | K18: =SUM(K12:K17) -> 774 | ... AI18: =SUM(AI12:AI17) -> 13033.5
C20: (A) Total Weight of General Waste of this Month : | H20: =AI8*1000 -> 128461.4 | J20: kg | M20: (C) Total Recycling Ratio Percentage of this Month : | T20: =(H21/(H20+H21))*100 -> 9.2112861 | AA20: % < i.e.= B/(A+B) >
C21: (B) Total Weight of Recycled Waste of this Month : | H21: =AI18 -> 13033.5 | J21: kg | M21: (D) Total Recycling Ratio of Y-T-D Average : | T21: =SUM(D25:AI25)/COUNTA(D25:AI25)*100 -> 8.8129598 | AA21: %
C23: Yearly Summary of Recycling Ratio Percentage
C24: Month | D24: 43891 | F24: 43922 | H24: 43952 | J24: 43983 | L24: 44013 | N24: 44044 | P24: 44075 | R24: 44105 | T24: 44136 | V24: 44166 | X24: 44197 | Z24: 44228 | AB24: 44256 | AD24: 44287 | AF24: 44317 | AH24: 44348
C25: Recycling Ratio Percentage | D25: 0.082799415 | F25: 0.074101887 | H25: 0.069804378 | J25: 0.084229935 | L25: 0.090835691 | N25: 0.091694319 | P25: 0.08110463 | R25: 0.092914112 | T25: 0.086812097 | V25: 0.091157925 | X25: 0.10262792 | Z25: 0.1054896 | AB25: =T20/100 -> 0.092112861

Sheet APR-21
C2: HKUST - Campus and Student Hostel
C3: General Wastes Statistics | K3: Month/Year: APRIL-2021 | AI3: Submission Date: 05-MAY-2021
C4: Waste Types | D4: Date of General Wastes Collection Details (Tonne) | AI4: Total Weight
D5: 44287 | E5: 44288 | F5: 44289 | G5: 44290 | H5: 44291 | I5: 44292 | J5: 44293 | K5: 44294 | L5: 44295 | M5: 44296 | N5: 44297 | O5: 44298 | P5: 44299 | Q5: 44300 | R5: 44301 | S5: 44302 | T5: 44303 | U5: 44304 | V5: 44305 | W5: 44306 | X5: 44307 | Y5: 44308 | Z5: 44309 | AA5: 44310 | AB5: 44311 | AC5: 44312 | AD5: 44313 | AE5: 44314 | AF5: 44315 | AG5: 44316
C6: General Wastes | D6: 3.314 | E6: 2.4278 | F6: 2.3406 | G6: 2.306 | H6: 1.752 | I6: 2.6698 | J6: 4.6186 | K6: 4.513 | L6: 3.8798 | M6: 3.8306 | N6: 2.0718 | O6: 2.5456 | P6: 4.4738 | Q6: 3.596 | R6: 3.5362 | S6: 3.3896 | T6: 3.5064 | U6: 1.9064 | V6: 3.132 | W6: 3.8486 | X6: 3.7494 | Y6: 2.959 | Z6: 3.5752 | AA6: 2.4318 | AB6: 2.1102 | AC6: 2.7882 | AD6: 4.2102 | AE6: 4.1306 | AF6: 3.9712 | AG6: 4.3182 | AI6: =SUM(D6:AH6) -> 97.9026
C7: Yellow skip | D7: 1.23 | E7: 0 | F7: 0 | G7: 0 | H7: 1.03 | I7: 0 | J7: 1.44 | K7: 3.51 | L7: 1.91 | M7: 0.88 | N7: 0 | O7: 1.82 | P7: 2.51 | Q7: 0 | R7: 2.09 | S7: 0 | T7: 0.77 | U7: 0 | V7: 1.2 | W7: 0 | X7: 1.83 | Y7: 0 | Z7: 0.74 | AA7: 0 | AB7: 0 | AC7: 0.84 | AD7: 0.76 | AE7: 1.1 | AF7: 0.79 | AG7: 1.07 | AI7: =SUM(D7:AH7) -> 25.52
C8: Total Weight (Tonne) | D8: =SUM(D6:D7) -> 4.544 | E8: =SUM(E6:E7) -> 2.4278 | F8: =SUM(F6:F7) -> 2.3406 | G8: =SUM(G6:G7) -> 2.306 | H8: =SUM(H6:H7) -> 2.782 | I8: =SUM(I6:I7) -> 2.6698 | J8: =SUM(J6:J7) -> 6.0586 | K8: =SUM(K6:K7) -> 8.023 | ... AG8: =SUM(AG6:AG7) -> 5.3882 | AI8: =SUM(AI6:AI7) -> 123.4226
C9: Recyclable Wastes Statistics
C10: Recycled Types | D10: Date of Recycling Wastes Collection Details (kg) | AI10: Total Weight
D11: 44287 | E11: 44291 | F11: 44293 | G11: 44294 | H11: 44295 | I11: 44296 | J11: 44298 | K11: 44299 | L11: 44301 | M11: 44303 | N11: 44305 | O11: 44306 | P11: 44308 | Q11: 44309 | R11: 44310 | S11: 44312 | T11: 44313 | U11: 44315
C12: Old Corrugated Containers | D12: 654 | F12: 622 | G12: 450 | H12: 398 | I12: 390 | K12: 486 | L12: 470 | M12: 533 | O12: 520 | P12: 650 | Q12: 488 | R12: 420 | T12: 655 | U12: 635 | AI12: =SUM(D12:AH12) -> 7371
C13: Office Paper / Newspapers | D13: 1020 | F13: 590 | H13: 80 | K13: 380 | M13: 492 | O13: 265 | P13: 244 | Q13: 240 | T13: 318 | U13: 330 | AI13: =SUM(D13:AH13) -> 3959
C14: Waste Plastic Bottles | D14: 72 | E14: 23 | J14: 60 | L14: 36 | N14: 82 | P14: 50 | S14: 60 | AI14: =SUM(D14:AH14) -> 383
C15: Aluminum Cans | D15: 10 | G15: 9 | I15: 8 | L15: 9 | O15: 11 | Q15: 12 | T15: 8 | AI15: =SUM(D15:AH15) -> 67
C16: Metal | F16: 42 | H16: 39 | K16: 46 | M16: 35 | O16: 1000 | P16: 38 | R16: 29 | U16: 45 | AI16: =SUM(D16:AH16) -> 1274
C17: Other:(pls specify) | AI17: =SUM(D17:AH17) -> 0
C18: Total Weight (kg) | D18: =SUM(D12:D17) -> 1756 | E18: =SUM(E12:E17) -> 23 | F18: =SUM(F12:F17) -> 1254 | G18: =SUM(G12:G17) -> 459 | H18: =SUM(H12:H17) -> 517 | I18: =SUM(I12:I17) -> 398 | J18: =SUM(J12:J17) -> 60 | K18: =SUM(K12:K17) -> 912 | ... AI18: =SUM(AI12:AI17) -> 13054
C20: (A) Total Weight of General Waste of this Month : | H20: =AI8*1000 -> 123422.6 | J20: kg | M20: (C) Total Recycling Ratio Percentage of this Month : | T20: =(H21/(H20+H21))*100 -> 9.5650097 | AA20: % < i.e.= B/(A+B) >
C21: (B) Total Weight of Recycled Waste of this Month : | H21: =AI18 -> 13054 | J21: kg | M21: (D) Total Recycling Ratio of Y-T-D Average : | T21: =SUM(D25:AI25)/COUNTA(D25:AI25)*100 -> 8.8666776 | AA21: %
C23: Yearly Summary of Recycling Ratio Percentage
C24: Month | D24: 43891 | F24: 43922 | H24: 43952 | J24: 43983 | L24: 44013 | N24: 44044 | P24: 44075 | R24: 44105 | T24: 44136 | V24: 44166 | X24: 44197 | Z24: 44228 | AB24: 44256 | AD24: 44287 | AF24: 44317 | AH24: 44348
C25: Recycling Ratio Percentage | D25: 0.082799415 | F25: 0.074101887 | H25: 0.069804378 | J25: 0.084229935 | L25: 0.090835691 | N25: 0.091694319 | P25: 0.08110463 | R25: 0.092914112 | T25: 0.086812097 | V25: 0.091157925 | X25: 0.10262792 | Z25: 0.1054896 | AB25: 0.092112861 | AD25: =T20/100 -> 0.095650097

Sheet MAY-21
C2: HKUST - Campus and Student Hostel
C3: General Wastes Statistics | K3: Month/Year: MAY-2021 | AI3: Submission Date: 05-JUNE-2021
C4: Waste Types | D4: Date of General Wastes Collection Details (Tonne) | AI4: Total Weight
D5: 44317 | E5: 44318 | F5: 44319 | G5: 44320 | H5: 44321 | I5: 44322 | J5: 44323 | K5: 44324 | L5: 44325 | M5: 44326 | N5: 44327 | O5: 44328 | P5: 44329 | Q5: 44330 | R5: 44331 | S5: 44332 | T5: 44333 | U5: 44334 | V5: 44335 | W5: 44336 | X5: 44337 | Y5: 44338 | Z5: 44339 | AA5: 44340 | AB5: 44341 | AC5: 44342 | AD5: 44343 | AE5: 44344 | AF5: 44345 | AG5: 44346 | AH5: 44347
C6: General Wastes | D6: 2.0206 | E6: 2.3924 | F6: 4.982 | G6: 4.6708 | H6: 4.1968 | I6: 3.8184 | J6: 4.7294 | K6: 3.5386 | L6: 1.8686 | M6: 3.7032 | N6: 4.6526 | O6: 4.6702 | P6: 3.5622 | Q6: 4.4384 | R6: 3.9456 | S6: 2.2202 | T6: 4.5356 | U6: 4.9924 | V6: 2.76 | W6: 4.5236 | X6: 4.5872 | Y6: 3.7732 | Z6: 2.275 | AA6: 4.337 | AB6: 3.7756 | AC6: 4.7242 | AD6: 2.6026 | AE6: 3.0394 | AF6: 2.9446 | AG6: 2.2836 | AH6: 3.5218 | AI6: =SUM(D6:AH6) -> 114.0858
C7: Yellow skip | D7: 0 | E7: 0 | F7: 1.35 | G7: 0 | H7: 0.98 | I7: 1.16 | J7: 1.9 | K7: 0 | L7: 0 | M7: 0.64 | N7: 0.74 | O7: 1.24 | P7: 0.89 | Q7: 1.88 | R7: 0 | S7: 0 | T7: 1.29 | U7: 0.69 | V7: 0 | W7: 2.48 | X7: 2.23 | Y7: 0 | Z7: 0 | AA7: 0 | AB7: 2.3 | AC7: 0.82 | AD7: 0 | AE7: 1.4 | AF7: 0 | AG7: 0 | AH7: 0.78 | AI7: =SUM(D7:AH7) -> 22.77
C8: Total Weight (Tonne) | D8: =SUM(D6:D7) -> 2.0206 | E8: =SUM(E6:E7) -> 2.3924 | F8: =SUM(F6:F7) -> 6.332 | G8: =SUM(G6:G7) -> 4.6708 | H8: =SUM(H6:H7) -> 5.1768 | I8: =SUM(I6:I7) -> 4.9784 | J8: =SUM(J6:J7) -> 6.6294 | K8: =SUM(K6:K7) -> 3.5386 | ... AI8: =SUM(AI6:AI7) -> 136.8558
C9: Recyclable Wastes Statistics
C10: Recycled Types | D10: Date of Recycling Wastes Collection Details (kg) | AI10: Total Weight
D11: 44317 | E11: 44319 | F11: 44320 | G11: 44322 | H11: 44323 | I11: 44324 | J11: 44326 | K11: 44327 | L11: 44329 | M11: 44331 | N11: 44333 | O11: 44334 | P11: 44336 | Q11: 44337 | R11: 44338 | S11: 44340 | T11: 44341 | U11: 44343 | V11: 44345 | W11: 44347
C12: Old Corrugated Containers | D12: 485 | F12: 468 | G12: 535 | H12: 436 | I12: 477 | K12: 445 | L12: 550 | M12: 453 | O12: 510 | Q12: 466 | R12: 508 | T12: 680 | U12: 495 | V12: 600 | AI12: =SUM(D12:AH12) -> 7108
C13: Office Paper / Newspapers | D13: 300 | F13: 267 | G13: 312 | H13: 334 | L13: 365 | O13: 540 | Q13: 349 | T13: 650 | U13: 466 | V13: 423 | AI13: =SUM(D13:AH13) -> 4006
C14: Waste Plastic Bottles | E14: 70 | G14: 46 | J14: 66 | L14: 42 | N14: 60 | P14: 40 | S14: 122 | U14: 50 | W14: 67 | AI14: =SUM(D14:AH14) -> 563
C15: Aluminum Cans | D15: 8 | G15: 10 | I15: 9 | L15: 9 | O15: 8 | R15: 12 | U15: 11 | AI15: =SUM(D15:AH15) -> 67
C16: Metal | F16: 36 | H16: 40 | I16: 500 | K16: 39 | M16: 45 | Q16: 42 | T16: 36 | V16: 64 | AI16: =SUM(D16:AH16) -> 802
C17: Other:(pls specify) | AI17: =SUM(D17:AH17) -> 0
C18: Total Weight (kg) | D18: =SUM(D12:D17) -> 793 | E18: =SUM(E12:E17) -> 70 | F18: =SUM(F12:F17) -> 771 | G18: =SUM(G12:G17) -> 903 | H18: =SUM(H12:H17) -> 810 | I18: =SUM(I12:I17) -> 986 | J18: =SUM(J12:J17) -> 66 | K18: =SUM(K12:K17) -> 484 | ... AI18: =SUM(AI12:AI17) -> 12546
C20: (A) Total Weight of General Waste of this Month : | H20: =AI8*1000 -> 136855.8 | J20: kg | M20: (C) Total Recycling Ratio Percentage of this Month : | T20: =(H21/(H20+H21))*100 -> 8.3974892 | AA20: % < i.e.= B/(A+B) >
C21: (B) Total Weight of Recycled Waste of this Month : | H21: =AI18 -> 12546 | J21: kg | M21: (D) Total Recycling Ratio of Y-T-D Average : | T21: =SUM(D25:AI25)/COUNTA(D25:AI25)*100 -> 8.8353984 | AA21: %
C23: Yearly Summary of Recycling Ratio Percentage
C24: Month | D24: 43891 | F24: 43922 | H24: 43952 | J24: 43983 | L24: 44013 | N24: 44044 | P24: 44075 | R24: 44105 | T24: 44136 | V24: 44166 | X24: 44197 | Z24: 44228 | AB24: 44256 | AD24: 44287 | AF24: 44317 | AH24: 44348
C25: Recycling Ratio Percentage | D25: 0.082799415 | F25: 0.074101887 | H25: 0.069804378 | J25: 0.084229935 | L25: 0.090835691 | N25: 0.091694319 | P25: 0.08110463 | R25: 0.092914112 | T25: 0.086812097 | V25: 0.091157925 | X25: 0.10262792 | Z25: 0.1054896 | AB25: 0.092112861 | AD25: 0.095650097 | AF25: =T20/100 -> 0.083974892

Sheet JUN-21
C2: HKUST - Campus and Student Hostel
C3: General Wastes Statistics | K3: Month/Year: JUNE-2021 | AI3: Submission Date: 07-JULY-2021
C4: Waste Types | D4: Date of General Wastes Collection Details (Tonne) | AI4: Total Weight
D5: 44348 | E5: 44349 | F5: 44350 | G5: 44351 | H5: 44352 | I5: 44353 | J5: 44354 | K5: 44355 | L5: 44356 | M5: 44357 | N5: 44358 | O5: 44359 | P5: 44360 | Q5: 44361 | R5: 44362 | S5: 44363 | T5: 44364 | U5: 44365 | V5: 44366 | W5: 44367 | X5: 44368 | Y5: 44369 | Z5: 44370 | AA5: 44371 | AB5: 44372 | AC5: 44373 | AD5: 44374 | AE5: 44375 | AF5: 44376 | AG5: 44377
C6: General Wastes | D6: 4.4556 | E6: 4.4024 | F6: 4.7964 | G6: 3.397 | H6: 2.2378 | I6: 1.0744 | J6: 2.8748 | K6: 2.8352 | L6: 3.1126 | M6: 2.8298 | N6: 2.9752 | O6: 2.1852 | P6: 1.4916 | Q6: 0.9862 | R6: 2.799 | S6: 2.8448 | T6: 2.749 | U6: 3.9214 | V6: 2.8478 | W6: 2.1534 | X6: 3.5658 | Y6: 3.3386 | Z6: 3.9742 | AA6: 3.6482 | AB6: 3.731 | AC6: 3.2224 | AD6: 1.9626 | AE6: 3.4982 | AF6: 4.2134 | AG6: 3.75 | AI6: =SUM(D6:AH6) -> 91.874
C7: Yellow skip | D7: 1.6 | E7: 0.67 | F7: 0.79 | G7: 0.56 | H7: 0 | I7: 0 | J7: 0 | K7: 0 | L7: 0.6 | M7: 0.81 | N7: 0.91 | O7: 1.58 | P7: 0 | Q7: 0 | R7: 0.96 | S7: 2.12 | T7: 0.72 | U7: 0 | V7: 1.05 | W7: 0 | X7: 0 | Y7: 2.6 | Z7: 0 | AA7: 0.83 | AB7: 0 | AC7: 0 | AD7: 0 | AE7: 1.73 | AF7: 0.95 | AG7: 0.84 | AI7: =SUM(D7:AH7) -> 19.32
C8: Total Weight (Tonne) | D8: =SUM(D6:D7) -> 6.0556 | E8: =SUM(E6:E7) -> 5.0724 | F8: =SUM(F6:F7) -> 5.5864 | G8: =SUM(G6:G7) -> 3.957 | H8: =SUM(H6:H7) -> 2.2378 | I8: =SUM(I6:I7) -> 1.0744 | J8: =SUM(J6:J7) -> 2.8748 | K8: =SUM(K6:K7) -> 2.8352 | ... AI8: =SUM(AI6:AI7) -> 111.194
C9: Recyclable Wastes Statistics
C10: Recycled Types | D10: Date of Recycling Wastes Collection Details (kg) | AI10: Total Weight
D11: 44348 | E11: 44350 | F11: 44352 | G11: 44354 | H11: 44355 | I11: 44357 | J11: 44359 | K11: 44361 | L11: 44364 | M11: 44366 | N11: 44368 | O11: 44369 | P11: 44371 | Q11: 44373 | R11: 44376
C12: Old Corrugated Containers | D12: 525 | E12: 644 | F12: 650 | H12: 568 | I12: 605 | J12: 552 | L12: 676 | M12: 550 | O12: 742 | P12: 563 | Q12: 665 | R12: 530 | AI12: =SUM(D12:AH12) -> 7270
C13: Office Paper / Newspapers | E13: 560 | H13: 633 | J13: 506 | L13: 480 | M13: 345 | O13: 335 | P13: 1000 | R13: 488 | AI13: =SUM(D13:AH13) -> 4347
C14: Waste Plastic Bottles | E14: 30 | G14: 102 | I14: 50 | K14: 23 | L14: 56 | N14: 54 | P14: 35 | AI14: =SUM(D14:AH14) -> 350
C15: Aluminum Cans | D15: 9 | F15: 12 | I15: 10 | L15: 10 | O15: 9 | Q15: 13 | AI15: =SUM(D15:AH15) -> 63
C16: Metal | E16: 50 | H16: 48 | J16: 33 | M16: 46 | P16: 42 | R16: 40 | AI16: =SUM(D16:AH16) -> 259
C17: Other:(pls specify) | AI17: =SUM(D17:AH17) -> 0
C18: Total Weight (kg) | D18: =SUM(D12:D17) -> 534 | E18: =SUM(E12:E17) -> 1284 | F18: =SUM(F12:F17) -> 662 | G18: =SUM(G12:G17) -> 102 | H18: =SUM(H12:H17) -> 1249 | I18: =SUM(I12:I17) -> 665 | J18: =SUM(J12:J17) -> 1091 | K18: =SUM(K12:K17) -> 23 | ... AI18: =SUM(AI12:AI17) -> 12289
C20: (A) Total Weight of General Waste of this Month : | H20: =AI8*1000 -> 111194 | J20: kg | M20: (C) Total Recycling Ratio Percentage of this Month : | T20: =(H21/(H20+H21))*100 -> 9.9519772 | AA20: % < i.e.= B/(A+B) >
C21: (B) Total Weight of Recycled Waste of this Month : | H21: =AI18 -> 12289 | J21: kg | M21: (D) Total Recycling Ratio of Y-T-D Average : | T21: =SUM(D25:AI25)/COUNTA(D25:AI25)*100 -> 8.9051846 | AA21: %
C23: Yearly Summary of Recycling Ratio Percentage
C24: Month | D24: 43891 | F24: 43922 | H24: 43952 | J24: 43983 | L24: 44013 | N24: 44044 | P24: 44075 | R24: 44105 | T24: 44136 | V24: 44166 | X24: 44197 | Z24: 44228 | AB24: 44256 | AD24: 44287 | AF24: 44317 | AH24: 44348
C25: Recycling Ratio Percentage | D25: 0.082799415 | F25: 0.074101887 | H25: 0.069804378 | J25: 0.084229935 | L25: 0.090835691 | N25: 0.091694319 | P25: 0.08110463 | R25: 0.092914112 | T25: 0.086812097 | V25: 0.091157925 | X25: 0.10262792 | Z25: 0.1054896 | AB25: 0.092112861 | AD25: 0.095650097 | AF25: 0.083974892 | AH25: =T20/100 -> 0.099519772

Sheet JUL-21
C2: HKUST - Campus and Student Hostel
C3: General Wastes Statistics | K3: Month/Year: JULY-2021 | AI3: Submission Date: 07-AUGUST-2021
C4: Waste Types | D4: Date of General Wastes Collection Details (Tonne) | AI4: Total Weight
D5: 44378 | E5: 44379 | F5: 44380 | G5: 44381 | H5: 44382 | I5: 44383 | J5: 44384 | K5: 44385 | L5: 44386 | M5: 44387 | N5: 44388 | O5: 44389 | P5: 44390 | Q5: 44391 | R5: 44392 | S5: 44393 | T5: 44394 | U5: 44395 | V5: 44396 | W5: 44397 | X5: 44398 | Y5: 44399 | Z5: 44400 | AA5: 44401 | AB5: 44402 | AC5: 44403 | AD5: 44404 | AE5: 44405 | AF5: 44406 | AG5: 44407 | AH5: 44408
C6: General Wastes | D6: 2.4258 | E6: 3.64 | F6: 3.6606 | G6: 1.9624 | H6: 3.5044 | I6: 3.9872 | J6: 3.4832 | K6: 3.6268 | L6: 3.4036 | M6: 2.8962 | N6: 1.5514 | O6: 3.4604 | P6: 3.8672 | Q6: 3.2792 | R6: 3.37 | S6: 3.3118 | T6: 2.6918 | U6: 1.8134 | V6: 3.529 | W6: 3.611 | X6: 3.3848 | Y6: 3.3358 | Z6: 2.7714 | AA6: 3.0428 | AB6: 2.0038 | AC6: 2.648 | AD6: 3.1908 | AE6: 2.728 | AF6: 2.6904 | AG6: 2.702 | AH6: 2.9684 | AI6: =SUM(D6:AH6) -> 94.5416
C7: Yellow skip | D7: 0 | E7: 2.04 | F7: 0 | G7: 0 | H7: 0 | I7: 2.07 | J7: 0 | K7: 0.61 | L7: 0 | M7: 0.84 | N7: 0 | O7: 0 | P7: 2.14 | Q7: 1.25 | R7: 0.82 | S7: 0.93 | T7: 0 | U7: 0 | V7: 2.13 | W7: 0 | X7: 2.16 | Y7: 0 | Z7: 1.77 | AA7: 0 | AB7: 0 | AC7: 2.86 | AD7: 0 | AE7: 2.47 | AF7: 0 | AG7: 1.1 | AH7: 0 | AI7: =SUM(D7:AH7) -> 23.19
C8: Total Weight (Tonne) | D8: =SUM(D6:D7) -> 2.4258 | E8: =SUM(E6:E7) -> 5.68 | F8: =SUM(F6:F7) -> 3.6606 | G8: =SUM(G6:G7) -> 1.9624 | H8: =SUM(H6:H7) -> 3.5044 | I8: =SUM(I6:I7) -> 6.0572 | J8: =SUM(J6:J7) -> 3.4832 | K8: =SUM(K6:K7) -> 4.2368 | ... AI8: =SUM(AI6:AI7) -> 117.7316
C9: Recyclable Wastes Statistics
C10: Recycled Types | D10: Date of Recycling Wastes Collection Details (kg) | AI10: Total Weight
D11: 44378 | E11: 44380 | F11: 44382 | G11: 44383 | H11: 44385 | I11: 44387 | J11: 44389 | K11: 44390 | L11: 44392 | M11: 44394 | N11: 44396 | O11: 44397 | P11: 44399 | Q11: 44401 | R11: 44403 | S11: 44404 | T11: 44406
C12: Old Corrugated Containers | D12: 355 | E12: 412 | G12: 420 | H12: 493 | I12: 435 | K12: 511 | L12: 350 | M12: 426 | O12: 596 | P12: 616 | Q12: 680 | S12: 576 | T12: 600 | AI12: =SUM(D12:AH12) -> 6470
C13: Office Paper / Newspapers | E13: 570 | H13: 813 | I13: 495 | L13: 660 | M13: 450 | O13: 900 | P13: 456 | T13: 422 | AI13: =SUM(D13:AH13) -> 4766
C14: Waste Plastic Bottles | D14: 65 | F14: 39 | H14: 50 | J14: 40 | L14: 150 | N14: 35 | P14: 15 | R14: 50 | T14: 35 | AI14: =SUM(D14:AH14) -> 479
C15: Aluminum Cans | D15: 10 | G15: 7 | I15: 8 | L15: 9 | O15: 11 | Q15: 10 | T15: 14 | AI15: =SUM(D15:AH15) -> 69
C16: Metal | E16: 46 | H16: 40 | I16: 800 | K16: 51 | M16: 39 | P16: 30 | S16: 43 | AI16: =SUM(D16:AH16) -> 1049
C17: Other:(pls specify) | AI17: =SUM(D17:AH17) -> 0
C18: Total Weight (kg) | D18: =SUM(D12:D17) -> 430 | E18: =SUM(E12:E17) -> 1028 | F18: =SUM(F12:F17) -> 39 | G18: =SUM(G12:G17) -> 427 | H18: =SUM(H12:H17) -> 1396 | I18: =SUM(I12:I17) -> 1738 | J18: =SUM(J12:J17) -> 40 | K18: =SUM(K12:K17) -> 562 | ... AI18: =SUM(AI12:AI17) -> 12833
C20: (A) Total Weight of General Waste of this Month : | H20: =AI8*1000 -> 117731.6 | J20: kg | M20: (C) Total Recycling Ratio Percentage of this Month : | T20: =(H21/(H20+H21))*100 -> 9.828851 | AA20: % < i.e.= B/(A+B) >
C21: (B) Total Weight of Recycled Waste of this Month : | H21: =AI18 -> 12833 | J21: kg | M21: (D) Total Recycling Ratio of Y-T-D Average : | T21: =SUM(D25:AI25)/COUNTA(D25:AI25)*100 -> 9.4854778 | AA21: %
C23: Yearly Summary of Recycling Ratio Percentage
C24: Month | D24: 44105 | F24: 44136 | H24: 44166 | J24: 44197 | L24: 44228 | N24: 44256 | P24: 44287 | R24: 44317 | T24: 44348 | V24: 44378 | X24: 44409 | Z24: 44440 | AB24: 44470 | AD24: 44501 | AF24: 44531 | AH24: 44562
C25: Recycling Ratio Percentage | D25: 0.092914112 | F25: 0.086812097 | H25: 0.091157925 | J25: 0.10262792 | L25: 0.1054896 | N25: 0.092112861 | P25: 0.095650097 | R25: 0.083974892 | T25: 0.099519772 | V25: =T20/100 -> 0.09828851

Sheet AUG-21
C2: HKUST - Campus and Student Hostel
C3: General Wastes Statistics | K3: Month/Year: AUGUST-2021 | AI3: Submission Date: 07-SEPT-2021
C4: Waste Types | D4: Date of General Wastes Collection Details (Tonne) | AI4: Total Weight
D5: 44409 | E5: 44410 | F5: 44411 | G5: 44412 | H5: 44413 | I5: 44414 | J5: 44415 | K5: 44416 | L5: 44417 | M5: 44418 | N5: 44419 | O5: 44420 | P5: 44421 | Q5: 44422 | R5: 44423 | S5: 44424 | T5: 44425 | U5: 44426 | V5: 44427 | W5: 44428 | X5: 44429 | Y5: 44430 | Z5: 44431 | AA5: 44432 | AB5: 44433 | AC5: 44434 | AD5: 44435 | AE5: 44436 | AF5: 44437 | AG5: 44438 | AH5: 44439
C6: General Wastes | D6: 2.2626 | E6: 3.3792 | F6: 3.1828 | G6: 3.0602 | H6: 3.738 | I6: 3.5892 | J6: 3.4118 | K6: 2.1064 | L6: 3.4518 | M6: 3.8933 | N6: 3.8666 | O6: 3.3154 | P6: 3.7404 | Q6: 3.5102 | R6: 2.378 | S6: 4.4179 | T6: 4.8631 | U6: 3.1988 | V6: 4.361 | W6: 2.843 | X6: 2.7444 | Y6: 1.7152 | Z6: 3.1633 | AA6: 4.0426 | AB6: 3.9222 | AC6: 3.1574 | AD6: 3.8706 | AE6: 3.0044 | AF6: 2.1206 | AG6: 4.0842 | AH6: 4.069 | AI6: =SUM(D6:AH6) -> 104.4636
C7: Yellow skip | D7: 0 | E7: 1.57 | F7: 1.8 | G7: 0 | H7: 0.66 | I7: 0 | J7: 2.3 | K7: 0 | L7: 2.19 | M7: 1.54 | N7: 0.88 | O7: 0 | P7: 2.43 | Q7: 1.26 | R7: 0 | S7: 1.52 | T7: 0 | U7: 1.61 | V7: 0 | W7: 1.39 | X7: 0.58 | Y7: 0 | Z7: 0.79 | AA7: 1.25 | AB7: 0.81 | AC7: 1.93 | AD7: 1.08 | AE7: 0.89 | AF7: 0 | AG7: 1.28 | AH7: 0 | AI7: =SUM(D7:AH7) -> 27.76
C8: Total Weight (Tonne) | D8: =SUM(D6:D7) -> 2.2626 | E8: =SUM(E6:E7) -> 4.9492 | F8: =SUM(F6:F7) -> 4.9828 | G8: =SUM(G6:G7) -> 3.0602 | H8: =SUM(H6:H7) -> 4.398 | I8: =SUM(I6:I7) -> 3.5892 | J8: =SUM(J6:J7) -> 5.7118 | K8: =SUM(K6:K7) -> 2.1064 | ... AI8: =SUM(AI6:AI7) -> 132.2236
C9: Recyclable Wastes Statistics
C10: Recycled Types | D10: Date of Recycling Wastes Collection Details (kg) | AI10: Total Weight
D11: 44410 | E11: 44411 | F11: 44413 | G11: 44415 | H11: 44417 | I11: 44418 | J11: 44420 | K11: 44422 | L11: 44424 | M11: 44425 | N11: 44427 | O11: 44429 | P11: 44431 | Q11: 44432 | R11: 44434 | S11: 44436 | T11: 44438 | U11: 44439
C12: Old Corrugated Containers | E12: 600 | F12: 368 | G12: 530 | I12: 826 | J12: 506 | K12: 520 | M12: 532 | N12: 670 | O12: 750 | Q12: 653 | R12: 698 | S12: 630 | U12: 836 | AI12: =SUM(D12:AH12) -> 8119
C13: Office Paper / Newspapers | E13: 385 | F13: 580 | G13: 209 | I13: 493 | J13: 575 | K13: 320 | M13: 540 | N13: 436 | Q13: 378 | S13: 520 | U13: 452 | AI13: =SUM(D13:AH13) -> 4888
C14: Waste Plastic Bottles | D14: 40 | F14: 38 | H14: 30 | J14: 50 | L14: 27 | N14: 40 | P14: 24 | R14: 28 | T14: 79 | AI14: =SUM(D14:AH14) -> 356
C15: Aluminum Cans | E15: 11 | G15: 16 | J15: 10 | M15: 12 | O15: 12 | R15: 13 | AI15: =SUM(D15:AH15) -> 74
C16: Metal | F16: 51 | I16: 48 | K16: 42 | N16: 40 | Q16: 38 | S16: 45 | U16: 30 | AI16: =SUM(D16:AH16) -> 294
C17: Other:(pls specify) | AI17: =SUM(D17:AH17) -> 0
C18: Total Weight (kg) | D18: =SUM(D12:D17) -> 40 | E18: =SUM(E12:E17) -> 996 | F18: =SUM(F12:F17) -> 1037 | G18: =SUM(G12:G17) -> 755 | H18: =SUM(H12:H17) -> 30 | I18: =SUM(I12:I17) -> 1367 | J18: =SUM(J12:J17) -> 1141 | K18: =SUM(K12:K17) -> 882 | ... AI18: =SUM(AI12:AI17) -> 13731
C20: (A) Total Weight of General Waste of this Month : | H20: =AI8*1000 -> 132223.6 | J20: kg | M20: (C) Total Recycling Ratio Percentage of this Month : | T20: =(H21/(H20+H21))*100 -> 9.4077199 | AA20: % < i.e.= B/(A+B) >
C21: (B) Total Weight of Recycled Waste of this Month : | H21: =AI18 -> 13731 | J21: kg | M21: (D) Total Recycling Ratio of Y-T-D Average : | T21: =SUM(D25:AI25)/COUNTA(D25:AI25)*100 -> 9.4784089 | AA21: %
C23: Yearly Summary of Recycling Ratio Percentage
C24: Month | D24: 44105 | F24: 44136 | H24: 44166 | J24: 44197 | L24: 44228 | N24: 44256 | P24: 44287 | R24: 44317 | T24: 44348 | V24: 44378 | X24: 44409 | Z24: 44440 | AB24: 44470 | AD24: 44501 | AF24: 44531 | AH24: 44562
C25: Recycling Ratio Percentage | D25: 0.092914112 | F25: 0.086812097 | H25: 0.091157925 | J25: 0.10262792 | L25: 0.1054896 | N25: 0.092112861 | P25: 0.095650097 | R25: 0.083974892 | T25: 0.099519772 | V25: 0.09828851 | X25: =T20/100 -> 0.094077199

Sheet SEP-21
C2: HKUST - Campus and Student Hostel
C3: General Wastes Statistics | K3: Month/Year: SEPTERUBER-2021 | AI3: Submission Date: 7-OCT-2021
C4: Waste Types | D4: Date of General Wastes Collection Details (Tonne) | AI4: Total Weight
D5: 44440 | E5: 44441 | F5: 44442 | G5: 44443 | H5: 44444 | I5: 44445 | J5: 44446 | K5: 44447 | L5: 44448 | M5: 44449 | N5: 44450 | O5: 44451 | P5: 44452 | Q5: 44453 | R5: 44454 | S5: 44455 | T5: 44456 | U5: 44457 | V5: 44458 | W5: 44459 | X5: 44460 | Y5: 44461 | Z5: 44462 | AA5: 44463 | AB5: 44464 | AC5: 44465 | AD5: 44466 | AE5: 44467 | AF5: 44468 | AG5: 44469
C6: General Wastes | D6: 5.5 | E6: 4.694 | F6: 4.5194 | G6: 3.8132 | H6: 1.9122 | I6: 4.536 | J6: 5.1522 | K6: 5.3324 | L6: 4.7328 | M6: 4.948 | N6: 3.442 | O6: 1.6083 | P6: 4.6328 | Q6: 4.8824 | R6: 5.0802 | S6: 4.5826 | T6: 4.9508 | U6: 3.5654 | V6: 2.518 | W6: 4.9842 | X6: 2.5842 | Y6: 3.6898 | Z6: 4.7852 | AA6: 4.6756 | AB6: 3.3934 | AC6: 2.0886 | AD6: 4.3842 | AE6: 4.5068 | AF6: 5.5494 | AG6: 4.533 | AI6: =SUM(D6:AH6) -> 125.5771
C7: Yellow skip | D7: 1.14 | E7: 1.93 | F7: 0.83 | G7: 0 | H7: 0 | I7: 0 | J7: 2.22 | K7: 2.19 | L7: 0.89 | M7: 1.04 | N7: 2.04 | O7: 0 | P7: 1.85 | Q7: 0 | R7: 1.59 | S7: 0 | T7: 1.25 | U7: 0 | V7: 0 | W7: 1.64 | X7: 0 | Y7: 0 | Z7: 2.19 | AA7: 3.08 | AB7: 0 | AC7: 0 | AD7: 2.54 | AE7: 0 | AF7: 2.49 | AG7: 0 | AI7: =SUM(D7:AH7) -> 28.91
C8: Total Weight (Tonne) | D8: =SUM(D6:D7) -> 6.64 | E8: =SUM(E6:E7) -> 6.624 | F8: =SUM(F6:F7) -> 5.3494 | G8: =SUM(G6:G7) -> 3.8132 | H8: =SUM(H6:H7) -> 1.9122 | I8: =SUM(I6:I7) -> 4.536 | J8: =SUM(J6:J7) -> 7.3722 | K8: =SUM(K6:K7) -> 7.5224 | ... AI8: =SUM(AI6:AI7) -> 154.4871
C9: Recyclable Wastes Statistics
C10: Recycled Types | D10: Date of Recycling Wastes Collection Details (kg) | AI10: Total Weight
D11: 44441 | E11: 44443 | F11: 44445 | G11: 44446 | H11: 44448 | I11: 44450 | J11: 44452 | K11: 44453 | L11: 44455 | M11: 44457 | N11: 44459 | O11: 44462 | P11: 44464 | Q11: 44466 | R11: 44469
C12: Old Corrugated Containers | D12: 600 | E12: 542 | F12: 530 | G12: 465 | H12: 606 | I12: 426 | K12: 812 | L12: 590 | M12: 600 | N12: 674 | O12: 756 | P12: 632 | Q12: 456 | R12: 502 | AI12: =SUM(D12:AH12) -> 8191
C13: Office Paper / Newspapers | D13: 566 | F13: 485 | G13: 202 | H13: 573 | I13: 610 | K13: 250 | L13: 608 | M13: 324 | N13: 592 | O13: 268 | P13: 326 | R13: 410 | AI13: =SUM(D13:AH13) -> 5214
C14: Waste Plastic Bottles | D14: 27 | F14: 20 | H14: 40 | J14: 50 | L14: 30 | N14: 50 | O14: 24 | Q14: 65 | R14: 30 | AI14: =SUM(D14:AH14) -> 336
C15: Aluminum Cans | D15: 12 | F15: 13 | H15: 8 | K15: 12 | M15: 10 | O15: 11 | Q15: 13 | AI15: =SUM(D15:AH15) -> 79
C16: Metal | E16: 546 | G16: 39 | I16: 43 | L16: 45 | N16: 52 | P16: 35 | R16: 50 | AI16: =SUM(D16:AH16) -> 810
C17: Other:(pls specify) | AI17: =SUM(D17:AH17) -> 0
C18: Total Weight (kg) | D18: =SUM(D12:D17) -> 1205 | E18: =SUM(E12:E17) -> 1088 | F18: =SUM(F12:F17) -> 1048 | G18: =SUM(G12:G17) -> 706 | H18: =SUM(H12:H17) -> 1227 | I18: =SUM(I12:I17) -> 1079 | J18: =SUM(J12:J17) -> 50 | K18: =SUM(K12:K17) -> 1074 | ... AI18: =SUM(AI12:AI17) -> 14630
C20: (A) Total Weight of General Waste of this Month : | H20: =AI8*1000 -> 154487.1 | J20: kg | M20: (C) Total Recycling Ratio Percentage of this Month : | T20: =(H21/(H20+H21))*100 -> 8.6508106 | AA20: % < i.e.= B/(A+B) >
C21: (B) Total Weight of Recycled Waste of this Month : | H21: =AI18 -> 14630 | J21: kg | M21: (D) Total Recycling Ratio of Y-T-D Average : | T21: =SUM(D25:AI25)/COUNTA(D25:AI25)*100 -> 9.4094424 | AA21: %
C23: Yearly Summary of Recycling Ratio Percentage
C24: Month | D24: 44105 | F24: 44136 | H24: 44166 | J24: 44197 | L24: 44228 | N24: 44256 | P24: 44287 | R24: 44317 | T24: 44348 | V24: 44378 | X24: 44409 | Z24: 44440 | AB24: 44470 | AD24: 44501 | AF24: 44531 | AH24: 44562
C25: Recycling Ratio Percentage | D25: 0.092914112 | F25: 0.086812097 | H25: 0.091157925 | J25: 0.10262792 | L25: 0.1054896 | N25: 0.092112861 | P25: 0.095650097 | R25: 0.083974892 | T25: 0.099519772 | V25: 0.09828851 | X25: 0.094077199 | Z25: =T20/100 -> 0.086508106

Sheet OCT-21 
C2: HKUST - Campus and Student Hostel
C3: General Wastes Statistics | K3: Month/Year: OCTOBER-2021 | AI3: Submission Date: 7-NOV-2021
C4: Waste Types | D4: Date of General Wastes Collection Details (Tonne) | AI4: Total Weight
D5: 44470 | E5: 44471 | F5: 44472 | G5: 44473 | H5: 44474 | I5: 44475 | J5: 44476 | K5: 44477 | L5: 44478 | M5: 44479 | N5: 44480 | O5: 44481 | P5: 44482 | Q5: 44483 | R5: 44484 | S5: 44485 | T5: 44486 | U5: 44487 | V5: 44488 | W5: 44489 | X5: 44490 | Y5: 44491 | Z5: 44492 | AA5: 44493 | AB5: 44494 | AC5: 44495 | AD5: 44496 | AE5: 44497 | AF5: 44498 | AG5: 44499 | AH5: 44500
C6: General Wastes | D6: 2.431 | E6: 3.5248 | F6: 2.2742 | G6: 4.421 | H6: 4.7198 | I6: 5.0944 | J6: 4.1052 | K6: 3.0246 | L6: 0 | M6: 5.4306 | N6: 4.6276 | O6: 3.2842 | P6: 6.281 | Q6: 0 | R6: 5.7448 | S6: 4.7596 | T6: 2.756 | U6: 4.14 | V6: 4.7134 | W6: 4.2524 | X6: 5.573 | Y6: 5.0714 | Z6: 4.1146 | AA6: 2.0075 | AB6: 4.5274 | AC6: 4.2728 | AD6: 4.3142 | AE6: 4.6628 | AF6: 4.5364 | AG6: 4.6376 | AH6: 1.6277 | AI6: =SUM(D6:AH6) -> 120.93
C7: Yellow skip | D7: 0 | E7: 0.64 | F7: 0 | G7: 1.2 | H7: 0 | I7: 1.72 | J7: 0.91 | K7: 0 | L7: 0 | M7: 0 | N7: 2.39 | O7: 1.08 | P7: 0 | Q7: 0 | R7: 0 | S7: 1 | T7: 0 | U7: 1.42 | V7: 0.79 | W7: 2.42 | X7: 0.57 | Y7: 2.2 | Z7: 0.85 | AA7: 0 | AB7: 1.28 | AC7: 0.68 | AD7: 0.96 | AE7: 1.28 | AF7: 1.25 | AG7: 0 | AH7: 0 | AI7: =SUM(D7:AH7) -> 22.64
C8: Total Weight (Tonne) | D8: =SUM(D6:D7) -> 2.431 | E8: =SUM(E6:E7) -> 4.1648 | F8: =SUM(F6:F7) -> 2.2742 | G8: =SUM(G6:G7) -> 5.621 | H8: =SUM(H6:H7) -> 4.7198 | I8: =SUM(I6:I7) -> 6.8144 | J8: =SUM(J6:J7) -> 5.0152 | K8: =SUM(K6:K7) -> 3.0246 | ... AI8: =SUM(AI6:AI7) -> 143.57
C9: Recyclable Wastes Statistics
C10: Recycled Types | D10: Date of Recycling Wastes Collection Details (kg) | AI10: Total Weight
D11: 44471 | E11: 44473 | F11: 44474 | G11: 44476 | H11: 44479 | I11: 44480 | J11: 44481 | K11: 44483 | L11: 44485 | M11: 44487 | N11: 44488 | O11: 44490 | P11: 44492 | Q11: 44494 | R11: 44495 | S11: 44497 | T11: 44499 | U11: 44500
C12: Old Corrugated Containers | D12: 545 | F12: 692 | G12: 532 | H12: 626 | J12: 685 | L12: 680 | N12: 623 | O12: 715 | P12: 504 | R12: 688 | S12: 550 | T12: 716 | AI12: =SUM(D12:AH12) -> 7556
C13: Office Paper / Newspapers | D13: 430 | G13: 595 | H13: 231 | J13: 580 | L13: 400 | N13: 326 | O13: 230 | P13: 478 | S13: 350 | T13: 344 | AI13: =SUM(D13:AH13) -> 3964
C14: Waste Plastic Bottles | E14: 56 | G14: 39 | I14: 24 | K14: 35 | M14: 25 | O14: 51 | Q14: 44 | S14: 30 | AI14: =SUM(D14:AH14) -> 304
C15: Aluminum Cans | D15: 10 | G15: 14 | J15: 12 | N15: 9 | P15: 10 | S15: 15 | AI15: =SUM(D15:AH15) -> 70
C16: Metal | F16: 58 | H16: 55 | L16: 50 | O16: 48 | R16: 56 | T16: 44 | U16: 600 | AI16: =SUM(D16:AH16) -> 911
C17: Other:(pls specify) | AI17: =SUM(D17:AH17) -> 0
C18: Total Weight (kg) | D18: =SUM(D12:D17) -> 985 | E18: =SUM(E12:E17) -> 56 | F18: =SUM(F12:F17) -> 750 | G18: =SUM(G12:G17) -> 1180 | H18: =SUM(H12:H17) -> 912 | I18: =SUM(I12:I17) -> 24 | J18: =SUM(J12:J17) -> 1277 | K18: =SUM(K12:K17) -> 35 | ... AI18: =SUM(AI12:AI17) -> 12805
C20: (A) Total Weight of General Waste of this Month : | H20: =AI8*1000 -> 143570 | J20: kg | M20: (C) Total Recycling Ratio Percentage of this Month : | T20: =(H21/(H20+H21))*100 -> 8.1886491 | AA20: % < i.e.= B/(A+B) >
C21: (B) Total Weight of Recycled Waste of this Month : | H21: =AI18 -> 12805 | J21: kg | M21: (D) Total Recycling Ratio of Y-T-D Average : | T21: =SUM(D25:AI25)/COUNTA(D25:AI25)*100 -> 9.3155352 | AA21: %
C23: Yearly Summary of Recycling Ratio Percentage
C24: Month | D24: 44105 | F24: 44136 | H24: 44166 | J24: 44197 | L24: 44228 | N24: 44256 | P24: 44287 | R24: 44317 | T24: 44348 | V24: 44378 | X24: 44409 | Z24: 44440 | AB24: 44470 | AD24: 44501 | AF24: 44531 | AH24: 44562
C25: Recycling Ratio Percentage | D25: 0.092914112 | F25: 0.086812097 | H25: 0.091157925 | J25: 0.10262792 | L25: 0.1054896 | N25: 0.092112861 | P25: 0.095650097 | R25: 0.083974892 | T25: 0.099519772 | V25: 0.09828851 | X25: 0.094077199 | Z25: 0.086508106 | AB25: =T20/100 -> 0.081886491

Sheet NOV-21
C2: HKUST - Campus and Student Hostel
C3: General Wastes Statistics | K3: Month/Year: NOVEMBER-2021 | AI3: Submission Date: 7-DEC-2021
C4: Waste Types | D4: Date of General Wastes Collection Details (Tonne) | AI4: Total Weight
D5: 44501 | E5: 44502 | F5: 44503 | G5: 44504 | H5: 44505 | I5: 44506 | J5: 44507 | K5: 44508 | L5: 44509 | M5: 44510 | N5: 44511 | O5: 44512 | P5: 44513 | Q5: 44514 | R5: 44515 | S5: 44516 | T5: 44517 | U5: 44518 | V5: 44519 | W5: 44520 | X5: 44521 | Y5: 44522 | Z5: 44523 | AA5: 44524 | AB5: 44525 | AC5: 44526 | AD5: 44527 | AE5: 44528 | AF5: 44529 | AG5: 44530
C6: General Wastes | D6: 4.1156 | E6: 5.2046 | F6: 4.6024 | G6: 5.3444 | H6: 4.3318 | I6: 4.1448 | J6: 1.9954 | K6: 4.2152 | L6: 4.0462 | M6: 4.4382 | N6: 3.9772 | O6: 3.7472 | P6: 2.0766 | Q6: 3.9868 | R6: 4.2542 | S6: 4.1198 | T6: 4.5254 | U6: 4.5374 | V6: 2.8849 | W6: 3.941 | X6: 1.6608 | Y6: 5.7354 | Z6: 5.0862 | AA6: 4.316 | AB6: 4.4188 | AC6: 4.4506 | AD6: 4.0376 | AE6: 2.6276 | AF6: 4.843 | AG6: 5.0214 | AI6: =SUM(D6:AH6) -> 122.6865
C7: Yellow skip | D7: 1.41 | E7: 0.47 | F7: 1.34 | G7: 0.83 | H7: 0.71 | I7: 0 | J7: 0 | K7: 1.73 | L7: 0.64 | M7: 0 | N7: 1.47 | O7: 0 | P7: 1.15 | Q7: 0 | R7: 1.65 | S7: 0.8 | T7: 0 | U7: 0.99 | V7: 1.04 | W7: 0 | X7: 0 | Y7: 1.58 | Z7: 0 | AA7: 0.85 | AB7: 0 | AC7: 2.03 | AD7: 0 | AE7: 0 | AF7: 2.75 | AG7: 0.68 | AI7: =SUM(D7:AH7) -> 22.12
C8: Total Weight (Tonne) | D8: =SUM(D6:D7) -> 5.5256 | E8: =SUM(E6:E7) -> 5.6746 | F8: =SUM(F6:F7) -> 5.9424 | G8: =SUM(G6:G7) -> 6.1744 | H8: =SUM(H6:H7) -> 5.0418 | I8: =SUM(I6:I7) -> 4.1448 | J8: =SUM(J6:J7) -> 1.9954 | K8: =SUM(K6:K7) -> 5.9452 | ... AI8: =SUM(AI6:AI7) -> 144.8065
C9: Recyclable Wastes Statistics
C10: Recycled Types | D10: Date of Recycling Wastes Collection Details (kg) | AI10: Total Weight
D11: 44501 | E11: 44502 | F11: 44504 | G11: 44506 | H11: 44508 | I11: 44509 | J11: 44511 | K11: 44513 | L11: 44515 | M11: 44516 | N11: 44518 | O11: 44520 | P11: 44522 | Q11: 44523 | R11: 44525 | S11: 44527 | T11: 44530
C12: Old Corrugated Containers | D12: 578 | E12: 443 | F12: 468 | G12: 480 | I12: 590 | J12: 759 | K12: 488 | M12: 686 | N12: 685 | O12: 640 | Q12: 670 | R12: 433 | S12: 483 | T12: 459 | AI12: =SUM(D12:AH12) -> 7862
C13: Office Paper / Newspapers | D13: 350 | F13: 241 | G13: 465 | I13: 654 | K13: 603 | O13: 432 | R13: 406 | T13: 648 | AI13: =SUM(D13:AH13) -> 3799
C14: Waste Plastic Bottles | D14: 24 | F14: 40 | H14: 29 | J14: 60 | L14: 36 | N14: 35 | P14: 33 | R14: 28 | AI14: =SUM(D14:AH14) -> 285
C15: Aluminum Cans | D15: 11 | F15: 10 | I15: 9 | K15: 9 | N15: 13 | Q15: 15 | S15: 9 | AI15: =SUM(D15:AH15) -> 76
C16: Metal | E16: 43 | G16: 38 | J16: 45 | M16: 40 | O16: 36 | R16: 41 | T16: 39 | AI16: =SUM(D16:AH16) -> 282
C17: Other:(pls specify) | AI17: =SUM(D17:AH17) -> 0
C18: Total Weight (kg) | D18: =SUM(D12:D17) -> 963 | E18: =SUM(E12:E17) -> 486 | F18: =SUM(F12:F17) -> 759 | G18: =SUM(G12:G17) -> 983 | H18: =SUM(H12:H17) -> 29 | I18: =SUM(I12:I17) -> 1253 | J18: =SUM(J12:J17) -> 864 | K18: =SUM(K12:K17) -> 1100 | ... AI18: =SUM(AI12:AI17) -> 12304
C20: (A) Total Weight of General Waste of this Month : | H20: =AI8*1000 -> 144806.5 | J20: kg | M20: (C) Total Recycling Ratio Percentage of this Month : | T20: =(H21/(H20+H21))*100 -> 7.8314307 | AA20: % < i.e.= B/(A+B) >
C21: (B) Total Weight of Recycled Waste of this Month : | H21: =AI18 -> 12304 | J21: kg | M21: (D) Total Recycling Ratio of Y-T-D Average : | T21: =SUM(D25:AI25)/COUNTA(D25:AI25)*100 -> 9.2095278 | AA21: %
C23: Yearly Summary of Recycling Ratio Percentage
C24: Month | D24: 44105 | F24: 44136 | H24: 44166 | J24: 44197 | L24: 44228 | N24: 44256 | P24: 44287 | R24: 44317 | T24: 44348 | V24: 44378 | X24: 44409 | Z24: 44440 | AB24: 44470 | AD24: 44501 | AF24: 44531 | AH24: 44562
C25: Recycling Ratio Percentage | D25: 0.092914112 | F25: 0.086812097 | H25: 0.091157925 | J25: 0.10262792 | L25: 0.1054896 | N25: 0.092112861 | P25: 0.095650097 | R25: 0.083974892 | T25: 0.099519772 | V25: 0.09828851 | X25: 0.094077199 | Z25: 0.086508106 | AB25: 0.081886491 | AD25: =T20/100 -> 0.078314307

Sheet DEC-21
C2: HKUST - Campus and Student Hostel
C3: General Wastes Statistics | K3: Month/Year: DECEMBER-2021 | AI3: Submission Date: 7-JAN-2022
C4: Waste Types | D4: Date of General Wastes Collection Details (Tonne) | AI4: Total Weight
D5: 44531 | E5: 44532 | F5: 44533 | G5: 44534 | H5: 44535 | I5: 44536 | J5: 44537 | K5: 44538 | L5: 44539 | M5: 44540 | N5: 44541 | O5: 44542 | P5: 44543 | Q5: 44544 | R5: 44545 | S5: 44546 | T5: 44547 | U5: 44548 | V5: 44549 | W5: 44550 | X5: 44551 | Y5: 44552 | Z5: 44553 | AA5: 44554 | AB5: 44555 | AC5: 44556 | AD5: 44557 | AE5: 44558 | AF5: 44559 | AG5: 44560 | AH5: 44561
C6: General Wastes | D6: 4.11 | E6: 3.8431 | F6: 4.9226 | G6: 2.956 | H6: 2.0473 | I6: 5.0976 | J6: 4.4404 | K6: 4.4138 | L6: 4.4924 | M6: 4.6934 | N6: 3.901 | O6: 2.277 | P6: 4.497 | Q6: 5.286 | R6: 3.5012 | S6: 4.4353 | T6: 4.438 | U6: 4.7056 | V6: 2.1314 | W6: 4.2386 | X6: 4.3994 | Y6: 3.8958 | Z6: 3.3548 | AA6: 4.3772 | AB6: 1.977 | AC6: 2.3234 | AD6: 1.6424 | AE6: 4.8634 | AF6: 4.8214 | AG6: 3.4858 | AH6: 4.0588 | AI6: =SUM(D6:AH6) -> 119.6271
C7: Yellow skip | D7: 0.89 | E7: 0 | F7: 1.08 | G7: 0.79 | H7: 0 | I7: 1.27 | J7: 0 | K7: 0.66 | L7: 0 | M7: 2.52 | N7: 0.97 | O7: 0 | P7: 2.13 | Q7: 0.63 | R7: 1.3 | S7: 0 | T7: 1.45 | U7: 0.92 | V7: 0 | W7: 2.29 | X7: 0 | Y7: 0.86 | Z7: 1.53 | AA7: 0 | AB7: 0 | AC7: 0 | AD7: 1.18 | AE7: 1 | AF7: 1.18 | AG7: 0.9 | AH7: 0.51 | AI7: =SUM(D7:AH7) -> 24.06
C8: Total Weight (Tonne) | D8: =SUM(D6:D7) -> 5 | E8: =SUM(E6:E7) -> 3.8431 | F8: =SUM(F6:F7) -> 6.0026 | G8: =SUM(G6:G7) -> 3.746 | H8: =SUM(H6:H7) -> 2.0473 | I8: =SUM(I6:I7) -> 6.3676 | J8: =SUM(J6:J7) -> 4.4404 | K8: =SUM(K6:K7) -> 5.0738 | ... AI8: =SUM(AI6:AI7) -> 143.6871
C9: Recyclable Wastes Statistics
C10: Recycled Types | D10: Date of Recycling Wastes Collection Details (kg) | AI10: Total Weight
D11: 44532 | E11: 44534 | F11: 44536 | G11: 44537 | H11: 44539 | I11: 44541 | J11: 44543 | K11: 44544 | L11: 44546 | M11: 44548 | N11: 44550 | O11: 44551 | P11: 44553 | Q11: 44555 | R11: 44558 | S11: 44560
C12: Old Corrugated Containers | D12: 590 | E12: 722 | G12: 593 | H12: 682 | I12: 566 | K12: 643 | L12: 495 | M12: 460 | O12: 700 | P12: 588 | Q12: 670 | R12: 652 | S12: 678 | AI12: =SUM(D12:AH12) -> 8039
C13: Office Paper / Newspapers | D13: 465 | E13: 303 | G13: 246 | H13: 480 | I13: 515 | K13: 210 | M13: 530 | O13: 428 | P13: 560 | R13: 190 | AI13: =SUM(D13:AH13) -> 3927
C14: Waste Plastic Bottles | D14: 45 | F14: 52 | H14: 40 | J14: 50 | L14: 70 | N14: 50 | P14: 54 | AI14: =SUM(D14:AH14) -> 361
C15: Aluminum Cans | D15: 9 | G15: 11 | I15: 12 | L15: 11 | O15: 10 | Q15: 15 | S15: 8 | AI15: =SUM(D15:AH15) -> 76
C16: Metal | E16: 58 | H16: 49 | I16: 700 | K16: 43 | M16: 40 | P16: 38 | R16: 56 | AI16: =SUM(D16:AH16) -> 984
C17: Other:(pls specify) | AI17: =SUM(D17:AH17) -> 0
C18: Total Weight (kg) | D18: =SUM(D12:D17) -> 1109 | E18: =SUM(E12:E17) -> 1083 | F18: =SUM(F12:F17) -> 52 | G18: =SUM(G12:G17) -> 850 | H18: =SUM(H12:H17) -> 1251 | I18: =SUM(I12:I17) -> 1793 | J18: =SUM(J12:J17) -> 50 | K18: =SUM(K12:K17) -> 896 | ... AI18: =SUM(AI12:AI17) -> 13387
C20: (A) Total Weight of General Waste of this Month : | H20: =AI8*1000 -> 143687.1 | J20: kg | M20: (C) Total Recycling Ratio Percentage of this Month : | T20: =(H21/(H20+H21))*100 -> 8.5227291 | AA20: % < i.e.= B/(A+B) >
C21: (B) Total Weight of Recycled Waste of this Month : | H21: =AI18 -> 13387 | J21: kg | M21: (D) Total Recycling Ratio of Y-T-D Average : | T21: =SUM(D25:AI25)/COUNTA(D25:AI25)*100 -> 9.1637412 | AA21: %
C23: Yearly Summary of Recycling Ratio Percentage
C24: Month | D24: 44105 | F24: 44136 | H24: 44166 | J24: 44197 | L24: 44228 | N24: 44256 | P24: 44287 | R24: 44317 | T24: 44348 | V24: 44378 | X24: 44409 | Z24: 44440 | AB24: 44470 | AD24: 44501 | AF24: 44531 | AH24: 44562
C25: Recycling Ratio Percentage | D25: 0.092914112 | F25: 0.086812097 | H25: 0.091157925 | J25: 0.10262792 | L25: 0.1054896 | N25: 0.092112861 | P25: 0.095650097 | R25: 0.083974892 | T25: 0.099519772 | V25: 0.09828851 | X25: 0.094077199 | Z25: 0.086508106 | AB25: 0.081886491 | AD25: 0.078314307 | AF25: =T20/100 -> 0.085227291

Sheet JAN-22
C2: HKUST - Campus and Student Hostel
C3: General Wastes Statistics | K3: Month/Year: JANURAY-2022 | AI3: Submission Date: 7-FEB-2022
C4: Waste Types | D4: Date of General Wastes Collection Details (Tonne) | AI4: Total Weight
D5: 44562 | E5: 44563 | F5: 44564 | G5: 44565 | H5: 44566 | I5: 44567 | J5: 44568 | K5: 44569 | L5: 44570 | M5: 44571 | N5: 44572 | O5: 44573 | P5: 44574 | Q5: 44575 | R5: 44576 | S5: 44577 | T5: 44578 | U5: 44579 | V5: 44580 | W5: 44581 | X5: 44582 | Y5: 44583 | Z5: 44584 | AA5: 44585 | AB5: 44586 | AC5: 44587 | AD5: 44588 | AE5: 44589 | AF5: 44590 | AG5: 44591 | AH5: 44592
C6: General Wastes | D6: 2.0474 | E6: 1.6344 | F6: 5.2024 | G6: 5.0888 | H6: 3.9416 | I6: 4.1458 | J6: 3.7466 | K6: 4.424 | L6: 1.789 | M6: 4.634 | N6: 4.9226 | O6: 3.8138 | P6: 3.8732 | Q6: 4.7836 | R6: 4.0194 | S6: 1.275 | T6: 4.4118 | U6: 4.6296 | V6: 3.612 | W6: 3.4796 | X6: 4.2494 | Y6: 3.952 | Z6: 2.0564 | AA6: 3.6766 | AB6: 3.5416 | AC6: 3.2624 | AD6: 4.4256 | AE6: 3.497 | AF6: 3.217 | AG6: 2.2386 | AH6: 4.244 | AI6: =SUM(D6:AH6) -> 113.8352
C7: Yellow skip | D7: 0 | E7: 0 | F7: 0.71 | G7: 1.97 | H7: 2.28 | I7: 1.09 | J7: 0.72 | K7: 1.34 | L7: 0 | M7: 2.85 | N7: 0.81 | O7: 0 | P7: 0.94 | Q7: 0.84 | R7: 0 | S7: 0 | T7: 2.24 | U7: 2.16 | V7: 2.26 | W7: 1.07 | X7: 0.99 | Y7: 0.75 | Z7: 0 | AA7: 1.72 | AB7: 0 | AC7: 0.82 | AD7: 0.95 | AE7: 1.56 | AF7: 0 | AG7: 0 | AH7: 2.11 | AI7: =SUM(D7:AH7) -> 30.18
C8: Total Weight (Tonne) | D8: =SUM(D6:D7) -> 2.0474 | E8: =SUM(E6:E7) -> 1.6344 | F8: =SUM(F6:F7) -> 5.9124 | G8: =SUM(G6:G7) -> 7.0588 | H8: =SUM(H6:H7) -> 6.2216 | I8: =SUM(I6:I7) -> 5.2358 | J8: =SUM(J6:J7) -> 4.4666 | K8: =SUM(K6:K7) -> 5.764 | ... AI8: =SUM(AI6:AI7) -> 144.0152
C9: Recyclable Wastes Statistics
C10: Recycled Types | D10: Date of Recycling Wastes Collection Details (kg) | AI10: Total Weight
D11: 44562 | E11: 44564 | F11: 44565 | G11: 44567 | H11: 44569 | I11: 44571 | J11: 44572 | K11: 44574 | L11: 44576 | M11: 44578 | N11: 44579 | O11: 44581 | P11: 44583 | Q11: 44585 | R11: 44586 | S11: 44588 | T11: 44590 | U11: 44592
C12: Old Corrugated Containers | D12: 440 | F12: 580 | G12: 675 | H12: 423 | J12: 488 | K12: 630 | L12: 556 | N12: 480 | O12: 600 | P12: 648 | R12: 785 | S12: 546 | T12: 520 | U12: 485 | AI12: =SUM(D12:AH12) -> 7856
C13: Office Paper / Newspapers | F13: 510 | G13: 405 | J13: 580 | K13: 476 | N13: 500 | O13: 396 | P13: 622 | S13: 330 | T13: 415 | AI13: =SUM(D13:AH13) -> 4234
C14: Waste Plastic Bottles | E14: 65 | G14: 28 | I14: 34 | K14: 21 | M14: 45 | O14: 19 | Q14: 31 | S14: 25 | U14: 20 | AI14: =SUM(D14:AH14) -> 288
C15: Aluminum Cans | D15: 10 | G15: 9 | J15: 12 | L15: 9 | O15: 10 | R15: 11 | T15: 12 | AI15: =SUM(D15:AH15) -> 73
C16: Metal | F16: 44 | H16: 48 | K16: 51 | N16: 55 | P16: 50 | R16: 800 | S16: 42 | U16: 40 | AI16: =SUM(D16:AH16) -> 1130
C17: Other:(pls specify) | AI17: =SUM(D17:AH17) -> 0
C18: Total Weight (kg) | D18: =SUM(D12:D17) -> 450 | E18: =SUM(E12:E17) -> 65 | F18: =SUM(F12:F17) -> 1134 | G18: =SUM(G12:G17) -> 1117 | H18: =SUM(H12:H17) -> 471 | I18: =SUM(I12:I17) -> 34 | J18: =SUM(J12:J17) -> 1080 | K18: =SUM(K12:K17) -> 1178 | ... AI18: =SUM(AI12:AI17) -> 13581
C20: (A) Total Weight of General Waste of this Month : | H20: =AI8*1000 -> 144015.2 | J20: kg | M20: (C) Total Recycling Ratio Percentage of this Month : | T20: =(H21/(H20+H21))*100 -> 8.6175936 | AA20: % < i.e.= B/(A+B) >
C21: (B) Total Weight of Recycled Waste of this Month : | H21: =AI18 -> 13581 | J21: kg | M21: (D) Total Recycling Ratio of Y-T-D Average : | T21: =SUM(D25:AI25)/COUNTA(D25:AI25)*100 -> 8.896226 | AA21: %
C23: Yearly Summary of Recycling Ratio Percentage
C24: Month | D24: 44287 | F24: 44317 | H24: 44348 | J24: 44378 | L24: 44409 | N24: 44440 | P24: 44470 | R24: 44501 | T24: 44531 | V24: 44562 | X24: 44593 | Z24: 44621 | AB24: 44652 | AD24: 44682 | AF24: 44713 | AH24: 44743
C25: Recycling Ratio Percentage | D25: 0.095650097 | F25: 0.083974892 | H25: 0.099519772 | J25: 0.09828851 | L25: 0.094077199 | N25: 0.086508106 | P25: 0.081886491 | R25: 0.078314307 | T25: 0.085227291 | V25: =T20/100 -> 0.086175936

Sheet FEB-22
C2: HKUST - Campus and Student Hostel
C3: General Wastes Statistics | K3: Month/Year: FEBRUARY-2022 | AI3: Submission Date: 7-MAR-2022
C4: Waste Types | D4: Date of General Wastes Collection Details (Tonne) | AI4: Total Weight
D5: 44593 | E5: 44594 | F5: 44595 | G5: 44596 | H5: 44597 | I5: 44598 | J5: 44599 | K5: 44600 | L5: 44601 | M5: 44602 | N5: 44603 | O5: 44604 | P5: 44605 | Q5: 44606 | R5: 44607 | S5: 44608 | T5: 44609 | U5: 44610 | V5: 44611 | W5: 44612 | X5: 44613 | Y5: 44614 | Z5: 44615 | AA5: 44616 | AB5: 44617 | AC5: 44618 | AD5: 44619 | AE5: 44620
C6: General Wastes | D6: 2.7072 | E6: 1.9688 | F6: 1.3488 | G6: 3.827 | H6: 4.3092 | I6: 1.6928 | J6: 3.0726 | K6: 3.7234 | L6: 3.7822 | M6: 4.3978 | N6: 3.1686 | O6: 3.9044 | P6: 2.268 | Q6: 4.0892 | R6: 4.4858 | S6: 3.5494 | T6: 4.122 | U6: 3.2574 | V6: 4.9312 | W6: 2.1894 | X6: 4.3102 | Y6: 3.424 | Z6: 2.8455 | AA6: 4.431 | AB6: 4.0768 | AC6: 2.5824 | AD6: 2.3854 | AE6: 3.5134 | AI6: =SUM(D6:AH6) -> 94.3639
C7: Yellow skip | D7: 0 | E7: 0 | F7: 0 | G7: 0 | H7: 0 | I7: 0 | J7: 1.43 | K7: 0 | L7: 0.99 | M7: 1.11 | N7: 0 | O7: 1.11 | P7: 0 | Q7: 1.73 | R7: 0 | S7: 1.06 | T7: 0 | U7: 2.52 | V7: 0 | W7: 0 | X7: 1.75 | Y7: 0 | Z7: 2.06 | AA7: 0 | AB7: 0.95 | AC7: 0 | AD7: 0 | AE7: 1.29 | AI7: =SUM(D7:AH7) -> 16
C8: Total Weight (Tonne) | D8: =SUM(D6:D7) -> 2.7072 | E8: =SUM(E6:E7) -> 1.9688 | F8: =SUM(F6:F7) -> 1.3488 | G8: =SUM(G6:G7) -> 3.827 | H8: =SUM(H6:H7) -> 4.3092 | I8: =SUM(I6:I7) -> 1.6928 | J8: =SUM(J6:J7) -> 4.5026 | K8: =SUM(K6:K7) -> 3.7234 | ... AI8: =SUM(AI6:AI7) -> 110.3639
C9: Recyclable Wastes Statistics
C10: Recycled Types | D10: Date of Recycling Wastes Collection Details (kg) | AI10: Total Weight
D11: 44597 | E11: 44599 | F11: 44600 | G11: 44602 | H11: 44604 | I11: 44606 | J11: 44607 | K11: 44609 | L11: 44611 | M11: 44613 | N11: 44614 | O11: 44616 | P11: 44618 | Q11: 44620
C12: Old Corrugated Containers | D12: 550 | F12: 682 | G12: 456 | H12: 713 | J12: 607 | K12: 630 | L12: 545 | N12: 660 | O12: 573 | P12: 700 | AI12: =SUM(D12:AH12) -> 6116
C13: Office Paper / Newspapers | D13: 630 | G13: 146 | H13: 615 | K13: 550 | L13: 328 | N13: 200 | P13: 560 | AI13: =SUM(D13:AH13) -> 3029
C14: Waste Plastic Bottles | E14: 50 | G14: 16 | I14: 35 | K14: 30 | M14: 15 | O14: 25 | Q14: 20 | AI14: =SUM(D14:AH14) -> 191
C15: Aluminum Cans | D15: 9 | G15: 11 | J15: 11 | L15: 9 | O15: 15 | AI15: =SUM(D15:AH15) -> 55
C16: Metal | F16: 58 | H16: 52 | K16: 50 | N16: 46 | P16: 48 | AI16: =SUM(D16:AH16) -> 254
C17: Other:(pls specify) | AI17: =SUM(D17:AH17) -> 0
C18: Total Weight (kg) | D18: =SUM(D12:D17) -> 1189 | E18: =SUM(E12:E17) -> 50 | F18: =SUM(F12:F17) -> 740 | G18: =SUM(G12:G17) -> 629 | H18: =SUM(H12:H17) -> 1380 | I18: =SUM(I12:I17) -> 35 | J18: =SUM(J12:J17) -> 618 | K18: =SUM(K12:K17) -> 1260 | ... AI18: =SUM(AI12:AI17) -> 9645
C20: (A) Total Weight of General Waste of this Month : | H20: =AI8*1000 -> 110363.9 | J20: kg | M20: (C) Total Recycling Ratio Percentage of this Month : | T20: =(H21/(H20+H21))*100 -> 8.0369039 | AA20: % < i.e.= B/(A+B) >
C21: (B) Total Weight of Recycled Waste of this Month : | H21: =AI18 -> 9645 | J21: kg | M21: (D) Total Recycling Ratio of Y-T-D Average : | T21: =SUM(D25:AI25)/COUNTA(D25:AI25)*100 -> 8.8181058 | AA21: %
C23: Yearly Summary of Recycling Ratio Percentage
C24: Month | D24: 44287 | F24: 44317 | H24: 44348 | J24: 44378 | L24: 44409 | N24: 44440 | P24: 44470 | R24: 44501 | T24: 44531 | V24: 44562 | X24: 44593 | Z24: 44621 | AB24: 44652 | AD24: 44682 | AF24: 44713 | AH24: 44743
C25: Recycling Ratio Percentage | D25: 0.095650097 | F25: 0.083974892 | H25: 0.099519772 | J25: 0.09828851 | L25: 0.094077199 | N25: 0.086508106 | P25: 0.081886491 | R25: 0.078314307 | T25: 0.085227291 | V25: 0.086175936 | X25: =T20/100 -> 0.080369039

Sheet MAR-22
C2: HKUST - Campus and Student Hostel
C3: General Wastes Statistics | K3: Month/Year: MARCH-2022 | AI3: Submission Date: 7-APR-2022
C4: Waste Types | D4: Date of General Wastes Collection Details (Tonne) | AI4: Total Weight
D5: 44621 | E5: 44622 | F5: 44623 | G5: 44624 | H5: 44625 | I5: 44626 | J5: 44627 | K5: 44628 | L5: 44629 | M5: 44630 | N5: 44631 | O5: 44632 | P5: 44633 | Q5: 44634 | R5: 44635 | S5: 44636 | T5: 44637 | U5: 44638 | V5: 44639 | W5: 44640 | X5: 44641 | Y5: 44642 | Z5: 44643 | AA5: 44644 | AB5: 44645 | AC5: 44646 | AD5: 44647 | AE5: 44648 | AF5: 44649 | AG5: 44650 | AH5: 44651
C6: General Wastes | D6: 3.4968 | E6: 4.234 | F6: 4.3818 | G6: 3.0796 | H6: 2.8695 | I6: 1.7042 | J6: 3.7401 | K6: 3.0405 | L6: 3.3026 | M6: 3.118 | N6: 3.5307 | O6: 2.9064 | P6: 1.6025 | Q6: 2.8506 | R6: 3.523 | S6: 3.578 | T6: 3.112 | U6: 2.255 | V6: 2.4792 | W6: 1.5984 | X6: 3.729 | Y6: 3.5926 | Z6: 3.4052 | AA6: 3.2844 | AB6: 3.6542 | AC6: 3.1548 | AD6: 2.197 | AE6: 2.2538 | AF6: 2.8964 | AG6: 3.366 | AH6: 3.0268 | AI6: =SUM(D6:AH6) -> 94.9631
C7: Yellow skip | D7: 0 | E7: 0.57 | F7: 0 | G7: 0.81 | H7: 0 | I7: 0 | J7: 1.74 | K7: 0 | L7: 0.89 | M7: 0 | N7: 0.39 | O7: 0 | P7: 0 | Q7: 0.29 | R7: 0.82 | S7: 0.6 | T7: 0 | U7: 0.94 | V7: 1.29 | W7: 0 | X7: 1.63 | Y7: 0 | Z7: 0.91 | AA7: 0 | AB7: 1.42 | AC7: 1.85 | AD7: 0 | AE7: 1.11 | AF7: 0.62 | AG7: 1.44 | AH7: 0 | AI7: =SUM(D7:AH7) -> 17.32
C8: Total Weight (Tonne) | D8: =SUM(D6:D7) -> 3.4968 | E8: =SUM(E6:E7) -> 4.804 | F8: =SUM(F6:F7) -> 4.3818 | G8: =SUM(G6:G7) -> 3.8896 | H8: =SUM(H6:H7) -> 2.8695 | I8: =SUM(I6:I7) -> 1.7042 | J8: =SUM(J6:J7) -> 5.4801 | K8: =SUM(K6:K7) -> 3.0405 | ... AI8: =SUM(AI6:AI7) -> 112.2831
C9: Recyclable Wastes Statistics
C10: Recycled Types | D10: Date of Recycling Wastes Collection Details (kg) | AI10: Total Weight
D11: 44621 | E11: 44623 | F11: 44624 | G11: 44628 | H11: 44630 | I11: 44632 | J11: 44635 | K11: 44637 | L11: 44639 | M11: 44642 | N11: 44644 | O11: 44646 | P11: 44649 | Q11: 44651
C12: Old Corrugated Containers | D12: 630 | E12: 510 | F12: 345 | G12: 608 | H12: 410 | I12: 425 | J12: 426 | K12: 459 | L12: 430 | M12: 375 | N12: 445 | O12: 530 | P12: 542 | Q12: 466 | AI12: =SUM(D12:AH12) -> 6601
C13: Office Paper / Newspapers | E13: 326 | H13: 450 | J13: 146 | L13: 388 | O13: 533 | Q13: 310 | AI13: =SUM(D13:AH13) -> 2153
C14: Waste Plastic Bottles | D14: 21 | F14: 18 | H14: 18 | J14: 22 | L14: 25 | N14: 21 | P14: 22 | AI14: =SUM(D14:AH14) -> 147
C15: Aluminum Cans | D15: 8 | F15: 10 | H15: 9 | J15: 9 | L15: 11 | N15: 7 | P15: 11 | AI15: =SUM(D15:AH15) -> 65
C16: Metal | E16: 40 | G16: 43 | I16: 48 | K16: 52 | M16: 45 | O16: 46 | Q16: 50 | AI16: =SUM(D16:AH16) -> 324
C17: Other:(pls specify) | AI17: =SUM(D17:AH17) -> 0
C18: Total Weight (kg) | D18: =SUM(D12:D17) -> 659 | E18: =SUM(E12:E17) -> 876 | F18: =SUM(F12:F17) -> 373 | G18: =SUM(G12:G17) -> 651 | H18: =SUM(H12:H17) -> 887 | I18: =SUM(I12:I17) -> 473 | J18: =SUM(J12:J17) -> 603 | K18: =SUM(K12:K17) -> 511 | ... AI18: =SUM(AI12:AI17) -> 9290
C20: (A) Total Weight of General Waste of this Month : | H20: =AI8*1000 -> 112283.1 | J20: kg | M20: (C) Total Recycling Ratio Percentage of this Month : | T20: =(H21/(H20+H21))*100 -> 7.6414931 | AA20: % < i.e.= B/(A+B) >
C21: (B) Total Weight of Recycled Waste of this Month : | H21: =AI18 -> 9290 | J21: kg | M21: (D) Total Recycling Ratio of Y-T-D Average : | T21: =SUM(D25:AI25)/COUNTA(D25:AI25)*100 -> 8.7200548 | AA21: %
C23: Yearly Summary of Recycling Ratio Percentage
C24: Month | D24: 44287 | F24: 44317 | H24: 44348 | J24: 44378 | L24: 44409 | N24: 44440 | P24: 44470 | R24: 44501 | T24: 44531 | V24: 44562 | X24: 44593 | Z24: 44621 | AB24: 44652 | AD24: 44682 | AF24: 44713 | AH24: 44743
C25: Recycling Ratio Percentage | D25: 0.095650097 | F25: 0.083974892 | H25: 0.099519772 | J25: 0.09828851 | L25: 0.094077199 | N25: 0.086508106 | P25: 0.081886491 | R25: 0.078314307 | T25: 0.085227291 | V25: 0.086175936 | X25: 0.080369039 | Z25: =T20/100 -> 0.076414931

Sheet APR-22
C2: HKUST - Campus and Student Hostel
C3: General Wastes Statistics | K3: Month/Year: APRIL-2022 | AI3: Submission Date: 7-MAY-2022
C4: Waste Types | D4: Date of General Wastes Collection Details (Tonne) | AI4: Total Weight
D5: 44652 | E5: 44653 | F5: 44654 | G5: 44655 | H5: 44656 | I5: 44657 | J5: 44658 | K5: 44659 | L5: 44660 | M5: 44661 | N5: 44662 | O5: 44663 | P5: 44664 | Q5: 44665 | R5: 44666 | S5: 44667 | T5: 44668 | U5: 44669 | V5: 44670 | W5: 44671 | X5: 44672 | Y5: 44673 | Z5: 44674 | AA5: 44675 | AB5: 44676 | AC5: 44677 | AD5: 44678 | AE5: 44679 | AF5: 44680 | AG5: 44681
C6: General Wastes | D6: 3.2924 | E6: 2.2104 | F6: 1.249 | G6: 3.351 | H6: 2.1442 | I6: 2.3687 | J6: 2.9285 | K6: 3.3198 | L6: 1.8893 | M6: 2.3074 | N6: 3.9324 | O6: 4.3176 | P6: 4.1826 | Q6: 3.7302 | R6: 1.5311 | S6: 3.2802 | T6: 1.812 | U6: 2.229 | V6: 3.4348 | W6: 4.0989 | X6: 3.8888 | Y6: 3.0476 | Z6: 3.2122 | AA6: 2.378 | AB6: 3.7454 | AC6: 4.0932 | AD6: 4.1358 | AE6: 3.5226 | AF6: 2.85 | AG6: 3.3666 | AI6: =SUM(D6:AH6) -> 91.8497
C7: Yellow skip | D7: 1.63 | E7: 0 | F7: 0 | G7: 1.91 | H7: 0 | I7: 0.58 | J7: 0 | K7: 1.08 | L7: 0 | M7: 0 | N7: 1.43 | O7: 0 | P7: 0 | Q7: 1.04 | R7: 0 | S7: 0 | T7: 0 | U7: 0.96 | V7: 0.77 | W7: 0 | X7: 1.38 | Y7: 1.94 | Z7: 1.05 | AA7: 0 | AB7: 0.88 | AC7: 0 | AD7: 1.13 | AE7: 0 | AF7: 2.05 | AG7: 0 | AI7: =SUM(D7:AH7) -> 17.83
C8: Total Weight (Tonne) | D8: =SUM(D6:D7) -> 4.9224 | E8: =SUM(E6:E7) -> 2.2104 | F8: =SUM(F6:F7) -> 1.249 | G8: =SUM(G6:G7) -> 5.261 | H8: =SUM(H6:H7) -> 2.1442 | I8: =SUM(I6:I7) -> 2.9487 | J8: =SUM(J6:J7) -> 2.9285 | K8: =SUM(K6:K7) -> 4.3998 | ... AI8: =SUM(AI6:AI7) -> 109.6797
C9: Recyclable Wastes Statistics
C10: Recycled Types | D10: Date of Recycling Wastes Collection Details (kg) | AI10: Total Weight
D11: 44653 | E11: 44656 | F11: 44658 | G11: 44660 | H11: 44663 | I11: 44665 | J11: 44671 | K11: 44674 | L11: 44677 | M11: 44679 | N11: 44680
C12: Old Corrugated Containers | D12: 480 | E12: 425 | F12: 552 | G12: 440 | H12: 425 | I12: 430 | J12: 845 | K12: 720 | L12: 714 | M12: 620 | N12: 700 | AI12: =SUM(D12:AH12) -> 6351
C13: Office Paper / Newspapers | E13: 560 | G13: 495 | H13: 330 | I13: 582 | K13: 265 | M13: 550 | N13: 175 | AI13: =SUM(D13:AH13) -> 2957
C14: Waste Plastic Bottles | D14: 18 | F14: 21 | H14: 24 | J14: 23 | L14: 25 | N14: 26 | AI14: =SUM(D14:AH14) -> 137
C15: Aluminum Cans | D15: 9 | F15: 11 | H15: 10 | J15: 10 | L15: 12 | N15: 9 | AI15: =SUM(D15:AH15) -> 61
C16: Metal | E16: 40 | G16: 51 | I16: 45 | K16: 44 | M16: 50 | N16: 810 | AI16: =SUM(D16:AH16) -> 1040
C17: Other:(pls specify) | AI17: =SUM(D17:AH17) -> 0
C18: Total Weight (kg) | D18: =SUM(D12:D17) -> 507 | E18: =SUM(E12:E17) -> 1025 | F18: =SUM(F12:F17) -> 584 | G18: =SUM(G12:G17) -> 986 | H18: =SUM(H12:H17) -> 789 | I18: =SUM(I12:I17) -> 1057 | J18: =SUM(J12:J17) -> 878 | K18: =SUM(K12:K17) -> 1029 | ... AI18: =SUM(AI12:AI17) -> 10546
C20: (A) Total Weight of General Waste of this Month : | H20: =AI8*1000 -> 109679.7 | J20: kg | M20: (C) Total Recycling Ratio Percentage of this Month : | T20: =(H21/(H20+H21))*100 -> 8.771835 | AA20: % < i.e.= B/(A+B) >
C21: (B) Total Weight of Recycled Waste of this Month : | H21: =AI18 -> 10546 | J21: kg | M21: (D) Total Recycling Ratio of Y-T-D Average : | T21: =SUM(D25:AI25)/COUNTA(D25:AI25)*100 -> 8.7240378 | AA21: %
C23: Yearly Summary of Recycling Ratio Percentage
C24: Month | D24: 44287 | F24: 44317 | H24: 44348 | J24: 44378 | L24: 44409 | N24: 44440 | P24: 44470 | R24: 44501 | T24: 44531 | V24: 44562 | X24: 44593 | Z24: 44621 | AB24: 44652 | AD24: 44682 | AF24: 44713 | AH24: 44743
C25: Recycling Ratio Percentage | D25: 0.095650097 | F25: 0.083974892 | H25: 0.099519772 | J25: 0.09828851 | L25: 0.094077199 | N25: 0.086508106 | P25: 0.081886491 | R25: 0.078314307 | T25: 0.085227291 | V25: 0.086175936 | X25: 0.080369039 | Z25: 0.076414931 | AB25: =T20/100 -> 0.08771835

Sheet MAY-22
C2: HKUST - Campus and Student Hostel
C3: General Wastes Statistics | K3: Month/Year: MAY-2022 | AI3: Submission Date: 7-JUNE-2022
C4: Waste Types | D4: Date of General Wastes Collection Details (Tonne) | AI4: Total Weight
D5: 44682 | E5: 44683 | F5: 44684 | G5: 44685 | H5: 44686 | I5: 44687 | J5: 44688 | K5: 44689 | L5: 44690 | M5: 44691 | N5: 44692 | O5: 44693 | P5: 44694 | Q5: 44695 | R5: 44696 | S5: 44697 | T5: 44698 | U5: 44699 | V5: 44700 | W5: 44701 | X5: 44702 | Y5: 44703 | Z5: 44704 | AA5: 44705 | AB5: 44706 | AC5: 44707 | AD5: 44708 | AE5: 44709 | AF5: 44710 | AG5: 44711 | AH5: 44712
C6: General Wastes | D6: 2.5374 | E6: 2.1577 | F6: 3.9786 | G6: 4.1662 | H6: 4.1382 | I6: 4.2045 | J6: 3.7434 | K6: 1.8806 | L6: 1.3762 | M6: 3.1348 | N6: 3.4006 | O6: 3.6864 | P6: 3.7316 | Q6: 4.0982 | R6: 1.7138 | S6: 4.21 | T6: 3.9522 | U6: 3.7344 | V6: 3.948 | W6: 3.48 | X6: 3.6726 | Y6: 2.281 | Z6: 3.5266 | AA6: 4.2458 | AB6: 3.5748 | AC6: 3.4458 | AD6: 3.4658 | AE6: 3.4842 | AF6: 2.2526 | AG6: 4.2764 | AH6: 4.339 | AI6: =SUM(D6:AH6) -> 105.8374
C7: Yellow skip | D7: 0 | E7: 0 | F7: 1.88 | G7: 0.94 | H7: 0 | I7: 1.16 | J7: 0 | K7: 0 | L7: 0.75 | M7: 1.79 | N7: 0 | O7: 1.19 | P7: 0.73 | Q7: 0 | R7: 0 | S7: 1.44 | T7: 0 | U7: 1.21 | V7: 0 | W7: 2.56 | X7: 0 | Y7: 0 | Z7: 1.95 | AA7: 0 | AB7: 1.43 | AC7: 0.95 | AD7: 0 | AE7: 1 | AF7: 0 | AG7: 2.53 | AH7: 1.43 | AI7: =SUM(D7:AH7) -> 22.94
C8: Total Weight (Tonne) | D8: =SUM(D6:D7) -> 2.5374 | E8: =SUM(E6:E7) -> 2.1577 | F8: =SUM(F6:F7) -> 5.8586 | G8: =SUM(G6:G7) -> 5.1062 | H8: =SUM(H6:H7) -> 4.1382 | I8: =SUM(I6:I7) -> 5.3645 | J8: =SUM(J6:J7) -> 3.7434 | K8: =SUM(K6:K7) -> 1.8806 | ... AI8: =SUM(AI6:AI7) -> 128.7774
C9: Recyclable Wastes Statistics
C10: Recycled Types | D10: Date of Recycling Wastes Collection Details (kg) | AI10: Total Weight
D11: 44684 | E11: 44686 | F11: 44688 | G11: 44691 | H11: 44693 | I11: 44695 | J11: 44698 | K11: 44700 | L11: 44702 | M11: 44705 | N11: 44707 | O11: 44709 | P11: 44712
C12: Old Corrugated Containers | D12: 535 | E12: 400 | F12: 655 | G12: 536 | H12: 460 | I12: 512 | J12: 543 | K12: 488 | L12: 550 | M12: 520 | N12: 410 | O12: 456 | P12: 474 | AI12: =SUM(D12:AH12) -> 6539
C13: Office Paper / Newspapers | D13: 210 | E13: 550 | G13: 256 | H13: 428 | K13: 490 | L13: 265 | N13: 435 | O13: 447 | P13: 400 | AI13: =SUM(D13:AH13) -> 3481
C14: Waste Plastic Bottles | D14: 14 | F14: 18 | H14: 17 | J14: 16 | L14: 14 | N14: 18 | P14: 16 | AI14: =SUM(D14:AH14) -> 113
C15: Aluminum Cans | D15: 8 | F15: 9 | H15: 8 | J15: 10 | L15: 9 | N15: 11 | P15: 10 | AI15: =SUM(D15:AH15) -> 65
C16: Metal | E16: 42 | G16: 36 | I16: 45 | K16: 40 | M16: 48 | O16: 40 | AI16: =SUM(D16:AH16) -> 251
C17: Other:(pls specify) | AI17: =SUM(D17:AH17) -> 0
C18: Total Weight (kg) | D18: =SUM(D12:D17) -> 767 | E18: =SUM(E12:E17) -> 992 | F18: =SUM(F12:F17) -> 682 | G18: =SUM(G12:G17) -> 828 | H18: =SUM(H12:H17) -> 913 | I18: =SUM(I12:I17) -> 557 | J18: =SUM(J12:J17) -> 569 | K18: =SUM(K12:K17) -> 1018 | ... AI18: =SUM(AI12:AI17) -> 10449
C20: (A) Total Weight of General Waste of this Month : | H20: =AI8*1000 -> 128777.4 | J20: kg | M20: (C) Total Recycling Ratio Percentage of this Month : | T20: =(H21/(H20+H21))*100 -> 7.5050421 | AA20: % < i.e.= B/(A+B) >
C21: (B) Total Weight of Recycled Waste of this Month : | H21: =AI18 -> 10449 | J21: kg | M21: (D) Total Recycling Ratio of Y-T-D Average : | T21: =SUM(D25:AI25)/COUNTA(D25:AI25)*100 -> 8.6369667 | AA21: %
C23: Yearly Summary of Recycling Ratio Percentage
C24: Month | D24: 44287 | F24: 44317 | H24: 44348 | J24: 44378 | L24: 44409 | N24: 44440 | P24: 44470 | R24: 44501 | T24: 44531 | V24: 44562 | X24: 44593 | Z24: 44621 | AB24: 44652 | AD24: 44682 | AF24: 44713 | AH24: 44743
C25: Recycling Ratio Percentage | D25: 0.095650097 | F25: 0.083974892 | H25: 0.099519772 | J25: 0.09828851 | L25: 0.094077199 | N25: 0.086508106 | P25: 0.081886491 | R25: 0.078314307 | T25: 0.085227291 | V25: 0.086175936 | X25: 0.080369039 | Z25: 0.076414931 | AB25: 0.08771835 | AD25: =T20/100 -> 0.075050421

Sheet JUN-22
C2: HKUST - Campus and Student Hostel
C3: General Wastes Statistics | K3: Month/Year: JUNE-2022 | AI3: Submission Date: 7-JULY-2022
C4: Waste Types | D4: Date of General Wastes Collection Details (Tonne) | AI4: Total Weight
D5: 44713 | E5: 44714 | F5: 44715 | G5: 44716 | H5: 44717 | I5: 44718 | J5: 44719 | K5: 44720 | L5: 44721 | M5: 44722 | N5: 44723 | O5: 44724 | P5: 44725 | Q5: 44726 | R5: 44727 | S5: 44728 | T5: 44729 | U5: 44730 | V5: 44731 | W5: 44732 | X5: 44733 | Y5: 44734 | Z5: 44735 | AA5: 44736 | AB5: 44737 | AC5: 44738 | AD5: 44739 | AE5: 44740 | AF5: 44741 | AG5: 44742
C6: General Wastes | D6: 3.7026 | E6: 4.0487 | F6: 2.1752 | G6: 3.9996 | H6: 2.1588 | I6: 2.9165 | J6: 2.4838 | K6: 5.4596 | L6: 5.0557 | M6: 4.5877 | N6: 2.2178 | O6: 3.1752 | P6: 3.7696 | Q6: 4.2855 | R6: 3.6077 | S6: 5.0695 | T6: 3.8042 | U6: 3.6236 | V6: 2.7582 | W6: 4.0734 | X6: 4.2486 | Y6: 4.5211 | Z6: 3.9232 | AA6: 3.8364 | AB6: 3.4152 | AC6: 2.711 | AD6: 3.7584 | AE6: 4.1616 | AF6: 4.383 | AG6: 3.9463 | AI6: =SUM(D6:AH6) -> 111.8777
C7: Yellow skip | D7: 0 | E7: 0.97 | F7: 0 | G7: 0.56 | H7: 0 | I7: 0 | J7: 1.5 | K7: 0 | L7: 0.91 | M7: 0 | N7: 0 | O7: 0 | P7: 1.47 | Q7: 1.06 | R7: 1.5 | S7: 1 | T7: 2.06 | U7: 1.51 | V7: 0 | W7: 0 | X7: 1.91 | Y7: 0 | Z7: 2.52 | AA7: 0.92 | AB7: 0 | AC7: 0 | AD7: 1.13 | AE7: 0 | AF7: 1.26 | AG7: 1 | AI7: =SUM(D7:AH7) -> 21.28
C8: Total Weight (Tonne) | D8: =SUM(D6:D7) -> 3.7026 | E8: =SUM(E6:E7) -> 5.0187 | F8: =SUM(F6:F7) -> 2.1752 | G8: =SUM(G6:G7) -> 4.5596 | H8: =SUM(H6:H7) -> 2.1588 | I8: =SUM(I6:I7) -> 2.9165 | J8: =SUM(J6:J7) -> 3.9838 | K8: =SUM(K6:K7) -> 5.4596 | ... AI8: =SUM(AI6:AI7) -> 133.1577
C9: Recyclable Wastes Statistics
C10: Recycled Types | D10: Date of Recycling Wastes Collection Details (kg) | AI10: Total Weight
D11: 44714 | E11: 44716 | F11: 44719 | G11: 44721 | H11: 44723 | I11: 44726 | J11: 44728 | K11: 44730 | L11: 44733 | M11: 44735 | N11: 44737 | O11: 44740 | P11: 44742
C12: Old Corrugated Containers | D12: 406 | E12: 625 | F12: 483 | G12: 540 | H12: 480 | I12: 448 | J12: 455 | K12: 430 | L12: 626 | M12: 460 | N12: 410 | O12: 705 | P12: 568 | AI12: =SUM(D12:AH12) -> 6636
C13: Office Paper / Newspapers | D13: 520 | E13: 325 | G13: 460 | I13: 445 | J13: 280 | L13: 350 | N13: 310 | O13: 274 | P13: 530 | AI13: =SUM(D13:AH13) -> 3494
C14: Waste Plastic Bottles | D14: 22 | F14: 18 | H14: 24 | J14: 23 | L14: 20 | N14: 22 | P14: 19 | AI14: =SUM(D14:AH14) -> 148
C15: Aluminum Cans | D15: 9 | F15: 8 | H15: 8 | J15: 8 | L15: 9 | N15: 10 | P15: 7 | AI15: =SUM(D15:AH15) -> 59
C16: Metal | E16: 38 | G16: 45 | I16: 40 | K16: 36 | M16: 42 | O16: 44 | AI16: =SUM(D16:AH16) -> 245
C17: Other:(Toner Catridge) | P17: 57.4 | AI17: =SUM(D17:AH17) -> 57.4
C18: Other:(Rechargeable Batteries ) | P18: 44.7 | AI18: =SUM(D18:AH18) -> 44.7
C19: Total Weight (kg) | D19: =SUM(D12:D18) -> 957 | E19: =SUM(E12:E18) -> 988 | F19: =SUM(F12:F18) -> 509 | G19: =SUM(G12:G18) -> 1045 | H19: =SUM(H12:H18) -> 512 | I19: =SUM(I12:I18) -> 933 | J19: =SUM(J12:J18) -> 766 | K19: =SUM(K12:K18) -> 466 | ... AI19: =SUM(AI12:AI18) -> 10684.1
C21: (A) Total Weight of General Waste of this Month : | H21: =AI8*1000 -> 133157.7 | J21: kg | M21: (C) Total Recycling Ratio Percentage of this Month : | T21: =(H22/(H21+H22))*100 -> 7.427674 | AA21: % < i.e.= B/(A+B) >
C22: (B) Total Weight of Recycled Waste of this Month : | H22: =AI19 -> 10684.1 | J22: kg | M22: (D) Total Recycling Ratio of Y-T-D Average : | T22: =SUM(D26:AI26)/COUNTA(D26:AI26)*100 -> 8.5563472 | AA22: %
C24: Yearly Summary of Recycling Ratio Percentage
C25: Month | D25: 44287 | F25: 44317 | H25: 44348 | J25: 44378 | L25: 44409 | N25: 44440 | P25: 44470 | R25: 44501 | T25: 44531 | V25: 44562 | X25: 44593 | Z25: 44621 | AB25: 44652 | AD25: 44682 | AF25: 44713 | AH25: 44743
C26: Recycling Ratio Percentage | D26: 0.095650097 | F26: 0.083974892 | H26: 0.099519772 | J26: 0.09828851 | L26: 0.094077199 | N26: 0.086508106 | P26: 0.081886491 | R26: 0.078314307 | T26: 0.085227291 | V26: 0.086175936 | X26: 0.080369039 | Z26: 0.076414931 | AB26: 0.08771835 | AD26: 0.075050421 | AF26: =T21/100 -> 0.07427674

Sheet JUL-22
C2: HKUST - Campus and Student Hostel
C3: General Wastes Statistics | K3: Month/Year: JULY-2022 | AI3: Submission Date: 8-AUGUST-2022
C4: Waste Types | D4: Date of General Wastes Collection Details (Tonne) | AI4: Total Weight
D5: 44743 | E5: 44744 | F5: 44745 | G5: 44746 | H5: 44747 | I5: 44748 | J5: 44749 | K5: 44750 | L5: 44751 | M5: 44752 | N5: 44753 | O5: 44754 | P5: 44755 | Q5: 44756 | R5: 44757 | S5: 44758 | T5: 44759 | U5: 44760 | V5: 44761 | W5: 44762 | X5: 44763 | Y5: 44764 | Z5: 44765 | AA5: 44766 | AB5: 44767 | AC5: 44768 | AD5: 44769 | AE5: 44770 | AF5: 44771 | AG5: 44772 | AH5: 44773
C6: General Wastes | D6: 3.2696 | E6: 2.3786 | F6: 3.6516 | G6: 3.476 | H6: 5.024 | I6: 4.1996 | J6: 3.2424 | K6: 3.7418 | L6: 3.1788 | M6: 2.2046 | N6: 3.5306 | O6: 3.4854 | P6: 4.4908 | Q6: 4.363 | R6: 3.1335 | S6: 3.3838 | T6: 2.3428 | U6: 3.6802 | V6: 3.5806 | W6: 4.0752 | X6: 3.9542 | Y6: 3.2028 | Z6: 3.6434 | AA6: 2.125 | AB6: 3.259 | AC6: 4.0146 | AD6: 3.1402 | AE6: 3.5604 | AF6: 2.9 | AG6: 3.6716 | AH6: 2.5724 | AI6: =SUM(D6:AH6) -> 106.4765
C7: Yellow skip | D7: 0 | E7: 0 | F7: 0 | G7: 0.66 | H7: 1.06 | I7: 2.23 | J7: 0 | K7: 2.46 | L7: 0 | M7: 0 | N7: 1.23 | O7: 1.94 | P7: 2.04 | Q7: 0 | R7: 1.64 | S7: 0 | T7: 0 | U7: 1.94 | V7: 0 | W7: 3.23 | X7: 2.04 | Y7: 1 | Z7: 0.66 | AA7: 0 | AB7: 1.87 | AC7: 0 | AD7: 0.67 | AE7: 2.09 | AF7: 0.59 | AG7: 0 | AH7: 0 | AI7: =SUM(D7:AH7) -> 27.35
C8: Total Weight (Tonne) | D8: =SUM(D6:D7) -> 3.2696 | E8: =SUM(E6:E7) -> 2.3786 | F8: =SUM(F6:F7) -> 3.6516 | G8: =SUM(G6:G7) -> 4.136 | H8: =SUM(H6:H7) -> 6.084 | I8: =SUM(I6:I7) -> 6.4296 | J8: =SUM(J6:J7) -> 3.2424 | K8: =SUM(K6:K7) -> 6.2018 | ... AI8: =SUM(AI6:AI7) -> 133.8265
C9: Recyclable Wastes Statistics
C10: Recycled Types | D10: Date of Recycling Wastes Collection Details (kg) | AI10: Total Weight
D11: 44747 | E11: 44749 | F11: 44751 | G11: 44754 | H11: 44756 | I11: 44758 | J11: 44761 | K11: 44763 | L11: 44765 | M11: 44768 | N11: 44770 | O11: 44772
C12: Old Corrugated Containers | D12: 650 | E12: 533 | F12: 520 | G12: 345 | H12: 566 | I12: 412 | J12: 300 | K12: 473 | L12: 410 | M12: 355 | N12: 480 | O12: 500 | AI12: =SUM(D12:AH12) -> 5544
C13: Office Paper / Newspapers | D13: 450 | E13: 545 | F13: 250 | G13: 480 | H13: 370 | I13: 250 | J13: 526 | K13: 690 | L13: 224 | M13: 230 | N13: 250 | O13: 215 | AI13: =SUM(D13:AH13) -> 4480
C14: Waste Plastic Bottles | D14: 45 | F14: 34 | H14: 38 | J14: 36 | L14: 41 | N14: 38 | AI14: =SUM(D14:AH14) -> 232
C15: Aluminum Cans | D15: 16 | F15: 10 | H15: 9 | J15: 10 | L15: 8 | N15: 9 | AI15: =SUM(D15:AH15) -> 62
C16: Metal | E16: 48 | F16: 500 | G16: 50 | I16: 45 | K16: 40 | M16: 32 | O16: 33 | AI16: =SUM(D16:AH16) -> 748
C17: Other:(Toner Catridge) | H17: 43.8 | AI17: =SUM(D17:AH17) -> 43.8
C18: Other:(Rechargeable Batteries ) | H18: 324.3 | AI18: =SUM(D18:AH18) -> 324.3
C19: Total Weight (kg) | D19: =SUM(D12:D18) -> 1161 | E19: =SUM(E12:E18) -> 1126 | F19: =SUM(F12:F18) -> 1314 | G19: =SUM(G12:G18) -> 875 | H19: =SUM(H12:H18) -> 1351.1 | I19: =SUM(I12:I18) -> 707 | J19: =SUM(J12:J18) -> 872 | K19: =SUM(K12:K18) -> 1203 | ... AI19: =SUM(AI12:AI18) -> 11434.1
C21: (A) Total Weight of General Waste of this Month : | H21: =AI8*1000 -> 133826.5 | J21: kg | M21: (C) Total Recycling Ratio Percentage of this Month : | T21: =(H22/(H21+H22))*100 -> 7.8714393 | AA21: % < i.e.= B/(A+B) >
C22: (B) Total Weight of Recycled Waste of this Month : | H22: =AI19 -> 11434.1 | J22: kg | M22: (D) Total Recycling Ratio of Y-T-D Average : | T22: =SUM(D26:AI26)/COUNTA(D26:AI26)*100 -> 8.0968728 | AA22: %
C24: Yearly Summary of Recycling Ratio Percentage
C25: Month | D25: 44440 | F25: 44470 | H25: 44501 | J25: 44531 | L25: 44562 | N25: 44593 | P25: 44621 | R25: 44652 | T25: 44682 | V25: 44713 | X25: 44743 | Z25: 44774 | AB25: 44805 | AD25: 44835 | AF25: 44866 | AH25: 44896
C26: Recycling Ratio Percentage | D26: 0.086508106 | F26: 0.081886491 | H26: 0.078314307 | J26: 0.085227291 | L26: 0.086175936 | N26: 0.080369039 | P26: 0.076414931 | R26: 0.08771835 | T26: 0.075050421 | V26: 0.07427674 | X26: =T21/100 -> 0.078714393

Sheet AUG-22
C2: HKUST - Campus and Student Hostel
C3: General Wastes Statistics | K3: Month/Year: AUGUST-2022 | AI3: Submission Date: 8-SEPT-2022
C4: Waste Types | D4: Date of General Wastes Collection Details (Tonne) | AI4: Total Weight
D5: 44774 | E5: 44775 | F5: 44776 | G5: 44777 | H5: 44778 | I5: 44779 | J5: 44780 | K5: 44781 | L5: 44782 | M5: 44783 | N5: 44784 | O5: 44785 | P5: 44786 | Q5: 44787 | R5: 44788 | S5: 44789 | T5: 44790 | U5: 44791 | V5: 44792 | W5: 44793 | X5: 44794 | Y5: 44795 | Z5: 44796 | AA5: 44797 | AB5: 44798 | AC5: 44799 | AD5: 44800 | AE5: 44801 | AF5: 44802 | AG5: 44803 | AH5: 44804
C6: General Wastes | D6: 3.742 | E6: 3.2792 | F6: 3.7664 | G6: 3.0804 | H6: 4.2624 | I6: 3.3572 | J6: 1.8544 | K6: 3.9696 | L6: 3.0748 | M6: 3.3856 | N6: 3.6972 | O6: 4.2792 | P6: 4.2802 | Q6: 3.1394 | R6: 4.9958 | S6: 4.0246 | T6: 4.7328 | U6: 4.2102 | V6: 3.9918 | W6: 3.6656 | X6: 2.8106 | Y6: 4.2786 | Z6: 5.2312 | AA6: 4.659 | AB6: 2.8334 | AC6: 4.7282 | AD6: 4.0374 | AE6: 2.6754 | AF6: 4.4224 | AG6: 4.3876 | AH6: 5.1414 | AI6: =SUM(D6:AH6) -> 119.994
C7: Yellow skip | D7: 1.23 | E7: 0 | F7: 2.02 | G7: 0 | H7: 2.13 | I7: 1.09 | J7: 0 | K7: 0.82 | L7: 0.73 | M7: 0.77 | N7: 0.92 | O7: 1.17 | P7: 0 | Q7: 0 | R7: 2.41 | S7: 0 | T7: 0.79 | U7: 0.45 | V7: 1.2 | W7: 0 | X7: 0 | Y7: 1.67 | Z7: 0 | AA7: 1.06 | AB7: 0 | AC7: 1.09 | AD7: 0 | AE7: 0 | AF7: 2.27 | AG7: 0.79 | AH7: 0 | AI7: =SUM(D7:AH7) -> 22.61
C8: Total Weight (Tonne) | D8: =SUM(D6:D7) -> 4.972 | E8: =SUM(E6:E7) -> 3.2792 | F8: =SUM(F6:F7) -> 5.7864 | G8: =SUM(G6:G7) -> 3.0804 | H8: =SUM(H6:H7) -> 6.3924 | I8: =SUM(I6:I7) -> 4.4472 | J8: =SUM(J6:J7) -> 1.8544 | K8: =SUM(K6:K7) -> 4.7896 | ... AI8: =SUM(AI6:AI7) -> 142.604
C9: Recyclable Wastes Statistics
C10: Recycled Types | D10: Date of Recycling Wastes Collection Details (kg) | AI10: Total Weight
D11: 44775 | E11: 44777 | F11: 44779 | G11: 44782 | H11: 44784 | I11: 44786 | J11: 44789 | K11: 44791 | L11: 44793 | M11: 44796 | N11: 44797 | O11: 44800 | P11: 44803
C12: Old Corrugated Containers | D12: 512 | E12: 380 | F12: 430 | G12: 457 | H12: 422 | I12: 586 | J12: 540 | K12: 643 | L12: 390 | M12: 626 | N12: 400 | O12: 461 | P12: 470 | AI12: =SUM(D12:AH12) -> 6317
C13: Office Paper / Newspapers | D13: 200 | E13: 433 | F13: 200 | G13: 520 | H13: 475 | I13: 600 | L13: 590 | M13: 565 | N13: 462 | O13: 510 | P13: 180 | AI13: =SUM(D13:AH13) -> 4735
C14: Waste Plastic Bottles | D14: 32 | F14: 34 | H14: 38 | J14: 42 | L14: 36 | N14: 32 | P14: 34 | AI14: =SUM(D14:AH14) -> 248
C15: Aluminum Cans | D15: 9 | F15: 12 | H15: 10 | J15: 11 | L15: 8 | N15: 10 | P15: 11 | AI15: =SUM(D15:AH15) -> 71
C16: Metal | E16: 50 | G16: 45 | I16: 388 | K16: 40 | L16: 630 | M16: 43 | O16: 36 | AI16: =SUM(D16:AH16) -> 1232
C17: Other:(Toner Catridge) | P17: 76.2 | AI17: =SUM(D17:AH17) -> 76.2
C18: Other:(Rechargeable Batteries ) | P18: 89.4 | AI18: =SUM(D18:AH18) -> 89.4
C19: Total Weight (kg) | D19: =SUM(D12:D18) -> 753 | E19: =SUM(E12:E18) -> 863 | F19: =SUM(F12:F18) -> 676 | G19: =SUM(G12:G18) -> 1022 | H19: =SUM(H12:H18) -> 945 | I19: =SUM(I12:I18) -> 1574 | J19: =SUM(J12:J18) -> 593 | K19: =SUM(K12:K18) -> 683 | ... AI19: =SUM(AI12:AI18) -> 12768.6
C21: (A) Total Weight of General Waste of this Month : | H21: =AI8*1000 -> 142604 | J21: kg | M21: (C) Total Recycling Ratio Percentage of this Month : | T21: =(H22/(H21+H22))*100 -> 8.2180513 | AA21: % < i.e.= B/(A+B) >
C22: (B) Total Weight of Recycled Waste of this Month : | H22: =AI19 -> 12768.6 | J22: kg | M22: (D) Total Recycling Ratio of Y-T-D Average : | T22: =SUM(D26:AI26)/COUNTA(D26:AI26)*100 -> 8.106971 | AA22: %
C24: Yearly Summary of Recycling Ratio Percentage
C25: Month | D25: 44440 | F25: 44470 | H25: 44501 | J25: 44531 | L25: 44562 | N25: 44593 | P25: 44621 | R25: 44652 | T25: 44682 | V25: 44713 | X25: 44743 | Z25: 44774 | AB25: 44805 | AD25: 44835 | AF25: 44866 | AH25: 44896
C26: Recycling Ratio Percentage | D26: 0.086508106 | F26: 0.081886491 | H26: 0.078314307 | J26: 0.085227291 | L26: 0.086175936 | N26: 0.080369039 | P26: 0.076414931 | R26: 0.08771835 | T26: 0.075050421 | V26: 0.07427674 | X26: 0.078714393 | Z26: =T21/100 -> 0.082180513

Sheet SEP-22
C2: HKUST - Campus and Student Hostel
C3: General Wastes Statistics | K3: Month/Year: SEPTEMBER-2022 | AI3: Submission Date: 8-OCT-2022
C4: Waste Types | D4: Date of General Wastes Collection Details (Tonne) | AI4: Total Weight
D5: 44805 | E5: 44806 | F5: 44807 | G5: 44808 | H5: 44809 | I5: 44810 | J5: 44811 | K5: 44812 | L5: 44813 | M5: 44814 | N5: 44815 | O5: 44816 | P5: 44817 | Q5: 44818 | R5: 44819 | S5: 44820 | T5: 44821 | U5: 44822 | V5: 44823 | W5: 44824 | X5: 44825 | Y5: 44826 | Z5: 44827 | AA5: 44828 | AB5: 44829 | AC5: 44830 | AD5: 44831 | AE5: 44832 | AF5: 44833 | AG5: 44834
C6: General Wastes | D6: 6.4822 | E6: 5.4006 | F6: 3.9356 | G6: 2.7298 | H6: 4.4652 | I6: 5.597 | J6: 5.8014 | K6: 5.4762 | L6: 5.5698 | M6: 5.1808 | N6: 2.221 | O6: 2.3234 | P6: 5.7806 | Q6: 6.5806 | R6: 5.413 | S6: 5.5628 | T6: 2.9088 | U6: 2.4714 | V6: 5.833 | W6: 5.771 | X6: 5.8656 | Y6: 6.0386 | Z6: 5.2584 | AA6: 4.3488 | AB6: 3.2074 | AC6: 5.3144 | AD6: 4.6536 | AE6: 5.1446 | AF6: 5.353 | AG6: 4.9886 | AI6: =SUM(D6:AH6) -> 145.6772
C7: Yellow skip | D7: 0.88 | E7: 0.81 | F7: 0 | G7: 0 | H7: 1.78 | I7: 1.22 | J7: 0.96 | K7: 0.63 | L7: 0 | M7: 1.03 | N7: 0 | O7: 0 | P7: 1.71 | Q7: 0.73 | R7: 0 | S7: 2.32 | T7: 0 | U7: 0 | V7: 3.52 | W7: 1.93 | X7: 1.99 | Y7: 1.28 | Z7: 1.01 | AA7: 1.1 | AB7: 0 | AC7: 2.21 | AD7: 1.36 | AE7: 0 | AF7: 1.01 | AG7: 0 | AI7: =SUM(D7:AH7) -> 27.48
C8: Total Weight (Tonne) | D8: =SUM(D6:D7) -> 7.3622 | E8: =SUM(E6:E7) -> 6.2106 | F8: =SUM(F6:F7) -> 3.9356 | G8: =SUM(G6:G7) -> 2.7298 | H8: =SUM(H6:H7) -> 6.2452 | I8: =SUM(I6:I7) -> 6.817 | J8: =SUM(J6:J7) -> 6.7614 | K8: =SUM(K6:K7) -> 6.1062 | ... AI8: =SUM(AI6:AI7) -> 173.1572
C9: Recyclable Wastes Statistics
C10: Recycled Types | D10: Date of Recycling Wastes Collection Details (kg) | AI10: Total Weight
D11: 44805 | E11: 44807 | F11: 44810 | G11: 44812 | H11: 44814 | I11: 44817 | J11: 44819 | K11: 44821 | L11: 44824 | M11: 44826 | N11: 44828 | O11: 44831 | P11: 44833 | Q11: 44834
C12: Old Corrugated Containers | D12: 610 | E12: 425 | F12: 590 | G12: 572 | H12: 436 | I12: 500 | J12: 550 | K12: 420 | L12: 700 | M12: 540 | N12: 625 | O12: 580 | P12: 466 | Q12: 527 | AI12: =SUM(D12:AH12) -> 7541
C13: Office Paper / Newspapers | D13: 480 | E13: 250 | F13: 363 | G13: 350 | H13: 250 | I13: 320 | J13: 380 | K13: 560 | M13: 624 | N13: 250 | P13: 420 | Q13: 443 | AI13: =SUM(D13:AH13) -> 4690
C14: Waste Plastic Bottles | D14: 38 | F14: 41 | H14: 39 | J14: 39 | L14: 40 | N14: 36 | P14: 33 | AI14: =SUM(D14:AH14) -> 266
C15: Aluminum Cans | D15: 10 | F15: 11 | H15: 12 | J15: 11 | L15: 13 | N15: 10 | P15: 9 | AI15: =SUM(D15:AH15) -> 76
C16: Metal | E16: 42 | G16: 48 | I16: 45 | K16: 40 | M16: 41 | O16: 39 | Q16: 300 | AI16: =SUM(D16:AH16) -> 555
C17: Other:(Toner Catridge) | P17: 49 | AI17: =SUM(D17:AH17) -> 49
C18: Other:(Rechargeable Batteries ) | AI18: =SUM(D18:AH18) -> 0
C19: Total Weight (kg) | D19: =SUM(D12:D18) -> 1138 | E19: =SUM(E12:E18) -> 717 | F19: =SUM(F12:F18) -> 1005 | G19: =SUM(G12:G18) -> 970 | H19: =SUM(H12:H18) -> 737 | I19: =SUM(I12:I18) -> 865 | J19: =SUM(J12:J18) -> 980 | K19: =SUM(K12:K18) -> 1020 | ... AI19: =SUM(AI12:AI18) -> 13177
C21: (A) Total Weight of General Waste of this Month : | H21: =AI8*1000 -> 173157.2 | J21: kg | M21: (C) Total Recycling Ratio Percentage of this Month : | T21: =(H22/(H21+H22))*100 -> 7.0717023 | AA21: % < i.e.= B/(A+B) >
C22: (B) Total Weight of Recycled Waste of this Month : | H22: =AI19 -> 13177 | J22: kg | M22: (D) Total Recycling Ratio of Y-T-D Average : | T22: =SUM(D26:AI26)/COUNTA(D26:AI26)*100 -> 8.0273349 | AA22: %
C24: Yearly Summary of Recycling Ratio Percentage
C25: Month | D25: 44440 | F25: 44470 | H25: 44501 | J25: 44531 | L25: 44562 | N25: 44593 | P25: 44621 | R25: 44652 | T25: 44682 | V25: 44713 | X25: 44743 | Z25: 44774 | AB25: 44805 | AD25: 44835 | AF25: 44866 | AH25: 44896
C26: Recycling Ratio Percentage | D26: 0.086508106 | F26: 0.081886491 | H26: 0.078314307 | J26: 0.085227291 | L26: 0.086175936 | N26: 0.080369039 | P26: 0.076414931 | R26: 0.08771835 | T26: 0.075050421 | V26: 0.07427674 | X26: 0.078714393 | Z26: 0.082180513 | AB26: =T21/100 -> 0.070717023

Sheet OCT-22
C2: HKUST - Campus and Student Hostel
C3: General Wastes Statistics | K3: Month/Year: OCTOBER-2022 | AI3: Submission Date: 2-NOV-2022
C4: Waste Types | D4: Date of General Wastes Collection Details (Tonne) | AI4: Total Weight
D5: 44835 | E5: 44836 | F5: 44837 | G5: 44838 | H5: 44839 | I5: 44840 | J5: 44841 | K5: 44842 | L5: 44843 | M5: 44844 | N5: 44845 | O5: 44846 | P5: 44847 | Q5: 44848 | R5: 44849 | S5: 44850 | T5: 44851 | U5: 44852 | V5: 44853 | W5: 44854 | X5: 44855 | Y5: 44856 | Z5: 44857 | AA5: 44858 | AB5: 44859 | AC5: 44860 | AD5: 44861 | AE5: 44862 | AF5: 44863 | AG5: 44864 | AH5: 44865
C6: General Wastes | D6: 2.2924 | E6: 2.6144 | F6: 5.404 | G6: 3.3988 | H6: 5.325 | I6: 5.619 | J6: 5.3918 | K6: 4.3108 | L6: 2.69 | M6: 5.204 | N6: 5.6382 | O6: 5.4518 | P6: 5.8606 | Q6: 5.3486 | R6: 4.107 | S6: 2.6532 | T6: 5.2714 | U6: 6.243 | V6: 5.675 | W6: 5.943 | X6: 5.5316 | Y6: 4.839 | Z6: 2.0136 | AA6: 5.4442 | AB6: 5.5038 | AC6: 5.66 | AD6: 5.724 | AE6: 5.2208 | AF6: 4.4928 | AG6: 2.3192 | AH6: 5.0168 | AI6: =SUM(D6:AH6) -> 146.2078
C7: Yellow skip | D7: 0 | E7: 0 | F7: 2.51 | G7: 0 | H7: 1.3 | I7: 0 | J7: 1.17 | K7: 0 | L7: 0 | M7: 2.03 | N7: 1.56 | O7: 0 | P7: 2.74 | Q7: 0.92 | R7: 0 | S7: 0 | T7: 1.72 | U7: 0 | V7: 0.86 | W7: 0 | X7: 0.82 | Y7: 0 | Z7: 0 | AA7: 1.24 | AB7: 1.01 | AC7: 0.86 | AD7: 0.73 | AE7: 0.76 | AF7: 0 | AG7: 0 | AH7: 1.62 | AI7: =SUM(D7:AH7) -> 21.85
C8: Total Weight (Tonne) | D8: =SUM(D6:D7) -> 2.2924 | E8: =SUM(E6:E7) -> 2.6144 | F8: =SUM(F6:F7) -> 7.914 | G8: =SUM(G6:G7) -> 3.3988 | H8: =SUM(H6:H7) -> 6.625 | I8: =SUM(I6:I7) -> 5.619 | J8: =SUM(J6:J7) -> 6.5618 | K8: =SUM(K6:K7) -> 4.3108 | ... AI8: =SUM(AI6:AI7) -> 168.0578
C9: Recyclable Wastes Statistics
C10: Recycled Types | D10: Date of Recycling Wastes Collection Details (kg) | AI10: Total Weight
D11: 44837 | E11: 44840 | F11: 44842 | G11: 44845 | H11: 44847 | I11: 44849 | J11: 44852 | K11: 44854 | L11: 44856 | M11: 44859 | N11: 44861 | O11: 44863 | P11: 44865 | R11: LSK
C12: Old Corrugated Containers | D12: 560 | E12: 857 | F12: 515 | G12: 466 | H12: 850 | I12: 600 | J12: 485 | K12: 532 | L12: 540 | M12: 650 | N12: 490 | O12: 422 | P12: 450 | R12: 710 | AI12: =SUM(D12:AH12) -> 8127
C13: Office Paper / Newspapers | E13: 442 | F13: 350 | G13: 320 | H13: 418 | I13: 360 | J13: 270 | K13: 245 | L13: 226 | M13: 322 | N13: 408 | O13: 510 | P13: 605 | R13: 328 | AI13: =SUM(D13:AH13) -> 4804
C14: Waste Plastic Bottles | D14: 35 | F14: 38 | H14: 41 | J14: 34 | L14: 36 | N14: 45 | P14: 37 | R14: 35 | AI14: =SUM(D14:AH14) -> 301
C15: Aluminum Cans | D15: 11 | F15: 10 | H15: 12 | J15: 15 | L15: 9 | N15: 12 | P15: 10 | R15: 9 | AI15: =SUM(D15:AH15) -> 88
C16: Metal | E16: 36 | G16: 45 | I16: 38 | J16: 400 | K16: 49 | M16: 33 | O16: 46 | AI16: =SUM(D16:AH16) -> 647
C17: Other:(Toner Catridge) | P17: 49 | AI17: =SUM(D17:AH17) -> 49
C18: Other:(Rechargeable Batteries ) | P18: 18.3 | AI18: =SUM(D18:AH18) -> 18.3
C19: Total Weight (kg) | D19: =SUM(D12:D18) -> 606 | E19: =SUM(E12:E18) -> 1335 | F19: =SUM(F12:F18) -> 913 | G19: =SUM(G12:G18) -> 831 | H19: =SUM(H12:H18) -> 1321 | I19: =SUM(I12:I18) -> 998 | J19: =SUM(J12:J18) -> 1204 | K19: =SUM(K12:K18) -> 826 | ... AI19: =SUM(AI12:AI18) -> 14034.3
C21: (A) Total Weight of General Waste of this Month : | H21: =AI8*1000 -> 168057.8 | J21: kg | M21: (C) Total Recycling Ratio Percentage of this Month : | T21: =(H22/(H21+H22))*100 -> 7.7072536 | AA21: % < i.e.= B/(A+B) >
C22: (B) Total Weight of Recycled Waste of this Month : | H22: =AI19 -> 14034.3 | J22: kg | M22: (D) Total Recycling Ratio of Y-T-D Average : | T22: =SUM(D26:AI26)/COUNTA(D26:AI26)*100 -> 8.004472 | AA22: %
C24: Yearly Summary of Recycling Ratio Percentage
C25: Month | D25: 44440 | F25: 44470 | H25: 44501 | J25: 44531 | L25: 44562 | N25: 44593 | P25: 44621 | R25: 44652 | T25: 44682 | V25: 44713 | X25: 44743 | Z25: 44774 | AB25: 44805 | AD25: 44835 | AF25: 44866 | AH25: 44896
C26: Recycling Ratio Percentage | D26: 0.086508106 | F26: 0.081886491 | H26: 0.078314307 | J26: 0.085227291 | L26: 0.086175936 | N26: 0.080369039 | P26: 0.076414931 | R26: 0.08771835 | T26: 0.075050421 | V26: 0.07427674 | X26: 0.078714393 | Z26: 0.082180513 | AB26: 0.070717023 | AD26: =T21/100 -> 0.077072536

Sheet NOV-22
C2: HKUST - Campus and Student Hostel
C3: General Wastes Statistics | K3: Month/Year: NOVEMBER-2022 | AI3: Submission Date: 6-DEC-2022
C4: Waste Types | D4: Date of General Wastes Collection Details (Tonne) | AI4: Total Weight
D5: 44866 | E5: 44867 | F5: 44868 | G5: 44869 | H5: 44870 | I5: 44871 | J5: 44872 | K5: 44873 | L5: 44874 | M5: 44875 | N5: 44876 | O5: 44877 | P5: 44878 | Q5: 44879 | R5: 44880 | S5: 44881 | T5: 44882 | U5: 44883 | V5: 44884 | W5: 44885 | X5: 44886 | Y5: 44887 | Z5: 44888 | AA5: 44889 | AB5: 44890 | AC5: 44891 | AD5: 44892 | AE5: 44893 | AF5: 44894 | AG5: 44895
C6: General Wastes | D6: 4.3806 | E6: 2.9234 | F6: 6.5402 | G6: 5.6823 | H6: 5.2705 | I6: 2.632 | J6: 6.0583 | K6: 5.8785 | L6: 5.5712 | M6: 5.668 | N6: 5.2735 | O6: 4.4228 | P6: 2.6922 | Q6: 5.0358 | R6: 5.9546 | S6: 5.3932 | T6: 4.8808 | U6: 4.8701 | V6: 4.7555 | W6: 2.3026 | X6: 5.7588 | Y6: 5.9493 | Z6: 4.534 | AA6: 6.554 | AB6: 5.5435 | AC6: 4.3494 | AD6: 2.3743 | AE6: 5.6622 | AF6: 4.9255 | AG6: 5.4417 | AI6: =SUM(D6:AH6) -> 147.2788
C7: Yellow skip | D7: 0.83 | E7: 1 | F7: 0.65 | G7: 2.12 | H7: 0 | I7: 0 | J7: 0.58 | K7: 0.51 | L7: 1.82 | M7: 0 | N7: 0.6 | O7: 0 | P7: 0 | Q7: 1.16 | R7: 0.68 | S7: 1.1 | T7: 0.61 | U7: 0.69 | V7: 0 | W7: 0 | X7: 1.37 | Y7: 0 | Z7: 0.87 | AA7: 0.79 | AB7: 1.47 | AC7: 0 | AD7: 0 | AE7: 1.25 | AF7: 0.67 | AG7: 0.8 | AI7: =SUM(D7:AH7) -> 19.57
C8: Total Weight (Tonne) | D8: =SUM(D6:D7) -> 5.2106 | E8: =SUM(E6:E7) -> 3.9234 | F8: =SUM(F6:F7) -> 7.1902 | G8: =SUM(G6:G7) -> 7.8023 | H8: =SUM(H6:H7) -> 5.2705 | I8: =SUM(I6:I7) -> 2.632 | J8: =SUM(J6:J7) -> 6.6383 | K8: =SUM(K6:K7) -> 6.3885 | ... AI8: =SUM(AI6:AI7) -> 166.8488
C9: Recyclable Wastes Statistics
C10: Recycled Types | D10: Date of Recycling Wastes Collection Details (kg) | AI10: Total Weight
D11: 44866 | E11: 44868 | F11: 44870 | G11: 44873 | H11: 44875 | I11: 44877 | J11: 44880 | K11: 44882 | L11: 44884 | M11: 44887 | N11: 44889 | O11: 44891 | P11: 44894 | R11: LSK
C12: Old Corrugated Containers | D12: 425 | E12: 330 | F12: 546 | G12: 730 | H12: 542 | I12: 634 | J12: 485 | K12: 566 | L12: 548 | M12: 700 | N12: 665 | O12: 641 | P12: 464 | R12: 738 | AI12: =SUM(D12:AH12) -> 8014
C13: Office Paper / Newspapers | D13: 355 | E13: 271 | F13: 313 | G13: 402 | I13: 375 | J13: 300 | K13: 526 | L13: 425 | M13: 462 | O13: 340 | P13: 400 | R13: 220 | AI13: =SUM(D13:AH13) -> 4389
C14: Waste Plastic Bottles | D14: 45 | F14: 33 | H14: 34 | J14: 36 | L14: 38 | N14: 42 | P14: 45 | R14: 37 | AI14: =SUM(D14:AH14) -> 310
C15: Aluminum Cans | D15: 10 | F15: 10 | H15: 13 | J15: 12 | L15: 11 | N15: 11 | P15: 10 | R15: 6 | AI15: =SUM(D15:AH15) -> 83
C16: Metal | E16: 44 | G16: 40 | I16: 45 | J16: 400 | K16: 50 | M16: 41 | O16: 39 | AI16: =SUM(D16:AH16) -> 659
C17: Other:(Toner Catridge) | P17: 56.5 | AI17: =SUM(D17:AH17) -> 56.5
C18: Other:(Rechargeable Batteries ) | P18: 46.8 | AI18: =SUM(D18:AH18) -> 46.8
C19: Total Weight (kg) | D19: =SUM(D12:D18) -> 835 | E19: =SUM(E12:E18) -> 645 | F19: =SUM(F12:F18) -> 902 | G19: =SUM(G12:G18) -> 1172 | H19: =SUM(H12:H18) -> 589 | I19: =SUM(I12:I18) -> 1054 | J19: =SUM(J12:J18) -> 1233 | K19: =SUM(K12:K18) -> 1142 | ... AI19: =SUM(AI12:AI18) -> 13558.3
C21: (A) Total Weight of General Waste of this Month : | H21: =AI8*1000 -> 166848.8 | J21: kg | M21: (C) Total Recycling Ratio Percentage of this Month : | T21: =(H22/(H21+H22))*100 -> 7.5153916 | AA21: % < i.e.= B/(A+B) >
C22: (B) Total Weight of Recycled Waste of this Month : | H22: =AI19 -> 13558.3 | J22: kg | M22: (D) Total Recycling Ratio of Y-T-D Average : | T22: =SUM(D26:AI26)/COUNTA(D26:AI26)*100 -> 7.9350876 | AA22: %
C24: Yearly Summary of Recycling Ratio Percentage
C25: Month | D25: 44440 | F25: 44470 | H25: 44501 | J25: 44531 | L25: 44562 | N25: 44593 | P25: 44621 | R25: 44652 | T25: 44682 | V25: 44713 | X25: 44743 | Z25: 44774 | AB25: 44805 | AD25: 44835 | AF25: 44866 | AH25: 44896
C26: Recycling Ratio Percentage | D26: 0.086508106 | F26: 0.081886491 | H26: 0.078314307 | J26: 0.085227291 | L26: 0.086175936 | N26: 0.080369039 | P26: 0.076414931 | R26: 0.08771835 | T26: 0.075050421 | V26: 0.07427674 | X26: 0.078714393 | Z26: 0.082180513 | AB26: 0.070717023 | AD26: 0.071555676 | AF26: =T21/100 -> 0.075153916

Sheet DEC-22
C2: HKUST - Campus and Student Hostel
C3: General Wastes Statistics | K3: Month/Year: DECEMBER-2022 | AI3: Submission Date: 6-Jan-2023
C4: Waste Types | D4: Date of General Wastes Collection Details (Tonne) | AI4: Total Weight
D5: 44896 | E5: 44897 | F5: 44898 | G5: 44899 | H5: 44900 | I5: 44901 | J5: 44902 | K5: 44903 | L5: 44904 | M5: 44905 | N5: 44906 | O5: 44907 | P5: 44908 | Q5: 44909 | R5: 44910 | S5: 44911 | T5: 44912 | U5: 44913 | V5: 44914 | W5: 44915 | X5: 44916 | Y5: 44917 | Z5: 44918 | AA5: 44919 | AB5: 44920 | AC5: 44921 | AD5: 44922 | AE5: 44923 | AF5: 44924 | AG5: 44925 | AH5: 44926
C6: General Wastes | D6: 5.3805 | E6: 4.9915 | F6: 4.5062 | G6: 2.9954 | H6: 5.1246 | I6: 5.575 | J6: 5.184 | K6: 4.887 | L6: 5.0807 | M6: 4.8054 | N6: 3.0518 | O6: 4.8652 | P6: 4.7582 | Q6: 4.8232 | R6: 5.2035 | S6: 5.4798 | T6: 3.7884 | U6: 2.7488 | V6: 4.9556 | W6: 4.9116 | X6: 4.2599 | Y6: 4.5888 | Z6: 4.0896 | AA6: 3.7594 | AB6: 1.789 | AC6: 2.3912 | AD6: 2.9574 | AE6: 4.8986 | AF6: 3.2463 | AG6: 3.9092 | AH6: 3.6318 | AI6: =SUM(D6:AH6) -> 132.6376
C7: Yellow skip | D7: 0 | E7: 0.91 | F7: 0 | G7: 0 | H7: 2.18 | I7: 0.73 | J7: 0.69 | K7: 0 | L7: 0.89 | M7: 0 | N7: 0 | O7: 0.76 | P7: 1.27 | Q7: 1.52 | R7: 2.26 | S7: 1.05 | T7: 0 | U7: 0 | V7: 1.55 | W7: 1.15 | X7: 0.9 | Y7: 1.38 | Z7: 0.95 | AA7: 0 | AB7: 0 | AC7: 0 | AD7: 0 | AE7: 1.59 | AF7: 0 | AG7: 1.07 | AH7: 0.55 | AI7: =SUM(D7:AH7) -> 21.4
C8: Total Weight (Tonne) | D8: =SUM(D6:D7) -> 5.3805 | E8: =SUM(E6:E7) -> 5.9015 | F8: =SUM(F6:F7) -> 4.5062 | G8: =SUM(G6:G7) -> 2.9954 | H8: =SUM(H6:H7) -> 7.3046 | I8: =SUM(I6:I7) -> 6.305 | J8: =SUM(J6:J7) -> 5.874 | K8: =SUM(K6:K7) -> 4.887 | ... AI8: =SUM(AI6:AI7) -> 154.0376
C9: Recyclable Wastes Statistics
C10: Recycled Types | D10: Date of Recycling Wastes Collection Details (kg) | AI10: Total Weight
D11: 44896 | E11: 44898 | F11: 44901 | G11: 44903 | H11: 44905 | I11: 44908 | J11: 44910 | K11: 44912 | L11: 44915 | M11: 44917 | N11: 44919 | O11: 44924 | P11: 45290 | Q11: 44926 | S11: LSK
C12: Old Corrugated Containers | D12: 570 | E12: 685 | F12: 662 | G12: 574 | H12: 523 | I12: 600 | J12: 420 | K12: 536 | L12: 495 | M12: 670 | N12: 566 | O12: 550 | Q12: 621 | S12: 805 | AI12: =SUM(D12:AH12) -> 8277
C13: Office Paper / Newspapers | D13: 290 | E13: 305 | F13: 300 | G13: 252 | I13: 348 | J13: 430 | K13: 335 | L13: 260 | M13: 310 | O13: 378 | Q13: 425 | S13: 295 | AI13: =SUM(D13:AH13) -> 3928
C14: Waste Plastic Bottles | D14: 46 | F14: 45 | H14: 42 | J14: 38 | L14: 35 | N14: 38 | Q14: 35 | S14: 38 | AI14: =SUM(D14:AH14) -> 317
C15: Aluminum Cans | D15: 9 | F15: 10 | H15: 10 | J15: 8 | L15: 10 | N15: 8 | Q15: 10 | S15: 7 | AI15: =SUM(D15:AH15) -> 72
C16: Metal | E16: 46 | F16: 800 | G16: 43 | I16: 45 | K16: 52 | M16: 42 | N16: 500 | O16: 40 | AI16: =SUM(D16:AH16) -> 1568
C17: Other:(Toner Catridge) | P17: 16.9 | AI17: =SUM(D17:AH17) -> 16.9
C18: Other:(Rechargeable Batteries ) | P18: 101 | AI18: =SUM(D18:AH18) -> 101
C19: Total Weight (kg) | D19: =SUM(D12:D18) -> 915 | E19: =SUM(E12:E18) -> 1036 | F19: =SUM(F12:F18) -> 1817 | G19: =SUM(G12:G18) -> 869 | H19: =SUM(H12:H18) -> 575 | I19: =SUM(I12:I18) -> 993 | J19: =SUM(J12:J18) -> 896 | K19: =SUM(K12:K18) -> 923 | ... AI19: =SUM(AI12:AI18) -> 14279.9
C21: (A) Total Weight of General Waste of this Month : | H21: =AI8*1000 -> 154037.6 | J21: kg | M21: (C) Total Recycling Ratio Percentage of this Month : | T21: =(H22/(H21+H22))*100 -> 8.4839069 | AA21: % < i.e.= B/(A+B) >
C22: (B) Total Weight of Recycled Waste of this Month : | H22: =AI19 -> 14279.9 | J22: kg | M22: (D) Total Recycling Ratio of Y-T-D Average : | T22: =SUM(D26:AI26)/COUNTA(D26:AI26)*100 -> 7.8167151 | AA22: %
C24: Yearly Summary of Recycling Ratio Percentage
C25: Month | D25: 44562 | F25: 44593 | H25: 44621 | J25: 44652 | L25: 44682 | N25: 44713 | P25: 44743 | R25: 44774 | T25: 44805 | V25: 44835 | X25: 44866 | Z25: 44896 | AB25: 44927 | AD25: 44958 | AF25: 44986 | AH25: 45017
C26: Recycling Ratio Percentage | D26: 0.086175936 | F26: 0.080369039 | H26: 0.076414931 | J26: 0.08771835 | L26: 0.075050421 | N26: 0.07427674 | P26: 0.078714393 | R26: 0.082180513 | T26: 0.070717023 | V26: 0.071555676 | X26: 0.069993718 | Z26: =T21/100 -> 0.084839069

Sheet JAN-23
C2: HKUST - Campus and Student Hostel
C3: General Wastes Statistics | K3: Month/Year: JANUARY-2023 | AI3: Submission Date: 9-Feb-2023
C4: Waste Types | D4: Date of General Wastes Collection Details (Tonne) | AI4: Total Weight
D5: 44927 | E5: 44928 | F5: 44929 | G5: 44930 | H5: 44931 | I5: 44932 | J5: 44933 | K5: 44934 | L5: 44935 | M5: 44936 | N5: 44937 | O5: 44938 | P5: 44939 | Q5: 44940 | R5: 44941 | S5: 44942 | T5: 44943 | U5: 44944 | V5: 44945 | W5: 44946 | X5: 44947 | Y5: 44948 | Z5: 44949 | AA5: 44950 | AB5: 44951 | AC5: 44952 | AD5: 44953 | AE5: 44954 | AF5: 44955 | AG5: 44956 | AH5: 44957
C6: General Wastes | D6: 1.8784 | E6: 2.0824 | F6: 4.8514 | G6: 4.1734 | H6: 4.6152 | I6: 4.3748 | J6: 3.5132 | K6: 2.2986 | L6: 4.7318 | M6: 5.0412 | N6: 4.4178 | O6: 5.0442 | P6: 4.7922 | Q6: 3.4852 | R6: 2.0532 | S6: 4.7452 | T6: 3.9656 | U6: 4.3796 | V6: 4.386 | W6: 3.633 | X6: 2.507 | Y6: 1.004 | Z6: 1.4796 | AA6: 1.4632 | AB6: 2.213 | AC6: 4.1558 | AD6: 3.7138 | AE6: 2.8486 | AF6: 1.9136 | AG6: 3.3184 | AH6: 3.8612 | AI6: =SUM(D6:AH6) -> 106.9406
C7: Yellow skip | D7: 0 | E7: 0 | F7: 1.64 | G7: 1.25 | H7: 1.04 | I7: 1.21 | J7: 0 | K7: 0 | L7: 1.33 | M7: 1.01 | N7: 0 | O7: 2.41 | P7: 0 | Q7: 0.77 | R7: 0 | S7: 0.99 | T7: 0.86 | U7: 0.79 | V7: 0.82 | W7: 0.52 | X7: 0 | Y7: 0 | Z7: 0 | AA7: 0 | AB7: 0 | AC7: 0 | AD7: 1.55 | AE7: 0 | AF7: 0 | AG7: 0 | AH7: 1.03 | AI7: =SUM(D7:AH7) -> 17.22
C8: Total Weight (Tonne) | D8: =SUM(D6:D7) -> 1.8784 | E8: =SUM(E6:E7) -> 2.0824 | F8: =SUM(F6:F7) -> 6.4914 | G8: =SUM(G6:G7) -> 5.4234 | H8: =SUM(H6:H7) -> 5.6552 | I8: =SUM(I6:I7) -> 5.5848 | J8: =SUM(J6:J7) -> 3.5132 | K8: =SUM(K6:K7) -> 2.2986 | ... AI8: =SUM(AI6:AI7) -> 124.1606
C9: Recyclable Wastes Statistics
C10: Recycled Types | D10: Date of Recycling Wastes Collection Details (kg) | AI10: Total Weight
D11: 44929 | E11: 44931 | F11: 44932 | G11: 44936 | H11: 44938 | I11: 44940 | J11: 44943 | K11: 44945 | L11: 44947 | M11: 44953 | N11: 44957 | P11: LSK
C12: Old Corrugated Containers | D12: 660 | E12: 482 | F12: 450 | G12: 725 | H12: 513 | I12: 480 | J12: 560 | K12: 566 | L12: 568 | M12: 730 | N12: 681 | P12: 633 | AI12: =SUM(D12:AH12) -> 7048
C13: Office Paper / Newspapers | D13: 385 | F13: 450 | H13: 490 | I13: 600 | K13: 452 | M13: 360 | N13: 198 | P13: 248 | AI13: =SUM(D13:AH13) -> 3183
C14: Waste Plastic Bottles | D14: 28 | F14: 32 | H14: 26 | J14: 30 | L14: 44 | N14: 38 | P14: 27 | AI14: =SUM(D14:AH14) -> 225
C15: Aluminum Cans | D15: 10 | F15: 10 | H15: 9 | J15: 10 | L15: 10 | N15: 9 | P15: 6 | AI15: =SUM(D15:AH15) -> 64
C16: Metal | E16: 48 | G16: 39 | I16: 41 | K16: 544 | M16: 42 | AI16: =SUM(D16:AH16) -> 714
C17: Other:(Toner Catridge) | AI17: =SUM(D17:AH17) -> 0
C18: Other:(Rechargeable Batteries ) | AI18: =SUM(D18:AH18) -> 0
C19: Total Weight (kg) | D19: =SUM(D12:D18) -> 1083 | E19: =SUM(E12:E18) -> 530 | F19: =SUM(F12:F18) -> 942 | G19: =SUM(G12:G18) -> 764 | H19: =SUM(H12:H18) -> 1038 | I19: =SUM(I12:I18) -> 1121 | J19: =SUM(J12:J18) -> 600 | K19: =SUM(K12:K18) -> 1562 | ... AI19: =SUM(AI12:AI18) -> 11234
C21: (A) Total Weight of General Waste of this Month : | H21: =AI8*1000 -> 124160.6 | J21: kg | M21: (C) Total Recycling Ratio Percentage of this Month : | T21: =(H22/(H21+H22))*100 -> 8.297229 | AA21: % < i.e.= B/(A+B) >
C22: (B) Total Weight of Recycled Waste of this Month : | H22: =AI19 -> 11234 | J22: kg | M22: (D) Total Recycling Ratio of Y-T-D Average : | T22: =SUM(D26:AI26)/COUNTA(D26:AI26)*100 -> 7.8011586 | AA22: %
C24: Yearly Summary of Recycling Ratio Percentage
C25: Month | D25: 44562 | F25: 44593 | H25: 44621 | J25: 44652 | L25: 44682 | N25: 44713 | P25: 44743 | R25: 44774 | T25: 44805 | V25: 44835 | X25: 44866 | Z25: 44896 | AB25: 44927 | AD25: 44958 | AF25: 44986 | AH25: 45017
C26: Recycling Ratio Percentage | D26: 0.086175936 | F26: 0.080369039 | H26: 0.076414931 | J26: 0.08771835 | L26: 0.075050421 | N26: 0.07427674 | P26: 0.078714393 | R26: 0.082180513 | T26: 0.070717023 | V26: 0.071555676 | X26: 0.069993718 | Z26: =T21/100 -> 0.08297229

Sheet FEB-23
C2: HKUST - Campus and Student Hostel
C3: General Wastes Statistics | K3: Month/Year: FEBRUARY-2023 | AI3: Submission Date: 9-MAR-2023
C4: Waste Types | D4: Date of General Wastes Collection Details (Tonne) | AI4: Total Weight
D5: 44958 | E5: 44959 | F5: 44960 | G5: 44961 | H5: 44962 | I5: 44963 | J5: 44964 | K5: 44965 | L5: 44966 | M5: 44967 | N5: 44968 | O5: 44969 | P5: 44970 | Q5: 44971 | R5: 44972 | S5: 44973 | T5: 44974 | U5: 44975 | V5: 44976 | W5: 44977 | X5: 44978 | Y5: 44979 | Z5: 44980 | AA5: 44981 | AB5: 44982 | AC5: 44983 | AD5: 44984 | AE5: 44985
C6: General Wastes | D6: 4.0794 | E6: 4.3308 | F6: 4.9946 | G6: 4.123 | H6: 2.6844 | I6: 4.9026 | J6: 5.0376 | K6: 5.4598 | L6: 5.1132 | M6: 4.8324 | N6: 3.2454 | O6: 2.8098 | P6: 4.6014 | Q6: 5.2404 | R6: 5.2082 | S6: 5.3966 | T6: 4.9278 | U6: 4.4435 | V6: 2.5717 | W6: 4.8938 | X6: 5.7126 | Y6: 5.566 | Z6: 5.4812 | AA6: 5.3395 | AB6: 3.8812 | AC6: 2.3104 | AD6: 5.1658 | AE6: 5.1252 | AI6: =SUM(D6:AH6) -> 127.4783
C7: Yellow skip | D7: 0.5 | E7: 0.68 | F7: 0.81 | G7: 0 | H7: 0 | I7: 0 | J7: 2.22 | K7: 1.18 | L7: 1.84 | M7: 0 | N7: 0.73 | O7: 0 | P7: 0.68 | Q7: 1 | R7: 1.1 | S7: 1.64 | T7: 1.49 | U7: 1.07 | V7: 0 | W7: 1.11 | X7: 0 | Y7: 1.18 | Z7: 2.19 | AA7: 2.11 | AB7: 0 | AC7: 0 | AD7: 3.04 | AE7: 0 | AI7: =SUM(D7:AH7) -> 24.57
C8: Total Weight (Tonne) | D8: =SUM(D6:D7) -> 4.5794 | E8: =SUM(E6:E7) -> 5.0108 | F8: =SUM(F6:F7) -> 5.8046 | G8: =SUM(G6:G7) -> 4.123 | H8: =SUM(H6:H7) -> 2.6844 | I8: =SUM(I6:I7) -> 4.9026 | J8: =SUM(J6:J7) -> 7.2576 | K8: =SUM(K6:K7) -> 6.6398 | ... AI8: =SUM(AI6:AI7) -> 152.0483
C9: Recyclable Wastes Statistics
C10: Recycled Types | D10: Date of Recycling Wastes Collection Details (kg) | AI10: Total Weight
D11: 44959 | E11: 44961 | F11: 44964 | G11: 44966 | H11: 44968 | I11: 44971 | J11: 44973 | K11: 44975 | L11: 44978 | M11: 44980 | N11: 44982 | O11: 44985 | Q11: LSK
C12: Old Corrugated Containers | D12: 480 | E12: 450 | F12: 542 | G12: 650 | H12: 488 | I12: 560 | J12: 575 | K12: 610 | L12: 585 | M12: 570 | N12: 630 | O12: 821 | Q12: 779 | AI12: =SUM(D12:AH12) -> 7740
C13: Office Paper / Newspapers | D13: 235 | E13: 320 | F13: 410 | G13: 320 | H13: 156 | I13: 260 | J13: 280 | L13: 550 | N13: 455 | O13: 432 | Q13: 294 | AI13: =SUM(D13:AH13) -> 3712
C14: Waste Plastic Bottles | D14: 36 | F14: 30 | H14: 40 | J14: 38 | L14: 42 | N14: 31 | Q14: 30 | AI14: =SUM(D14:AH14) -> 247
C15: Aluminum Cans | D15: 11 | F15: 10 | H15: 9 | J15: 10 | L15: 9 | N15: 11 | Q15: 7 | AI15: =SUM(D15:AH15) -> 67
C16: Metal | E16: 42 | G16: 40 | H16: 400 | I16: 48 | K16: 41 | M16: 43 | O16: 436 | AI16: =SUM(D16:AH16) -> 1050
C17: Other:(Toner Catridge) | F17: 71.8 | AI17: =SUM(D17:AH17) -> 71.8
C18: Other:(Rechargeable Batteries ) | F18: 23.8 | AI18: =SUM(D18:AH18) -> 23.8
C19: Total Weight (kg) | D19: =SUM(D12:D18) -> 762 | E19: =SUM(E12:E18) -> 812 | F19: =SUM(F12:F18) -> 1087.6 | G19: =SUM(G12:G18) -> 1010 | H19: =SUM(H12:H18) -> 1093 | I19: =SUM(I12:I18) -> 868 | J19: =SUM(J12:J18) -> 903 | K19: =SUM(K12:K18) -> 651 | ... AI19: =SUM(AI12:AI18) -> 12911.6
C21: (A) Total Weight of General Waste of this Month : | H21: =AI8*1000 -> 152048.3 | J21: kg | M21: (C) Total Recycling Ratio Percentage of this Month : | T21: =(H22/(H21+H22))*100 -> 7.8271143 | AA21: % < i.e.= B/(A+B) >
C22: (B) Total Weight of Recycled Waste of this Month : | H22: =AI19 -> 12911.6 | J22: kg | M22: (D) Total Recycling Ratio of Y-T-D Average : | T22: =SUM(D26:AI26)/COUNTA(D26:AI26)*100 -> 7.7624894 | AA22: %
C24: Yearly Summary of Recycling Ratio Percentage
C25: Month | D25: 44562 | F25: 44593 | H25: 44621 | J25: 44652 | L25: 44682 | N25: 44713 | P25: 44743 | R25: 44774 | T25: 44805 | V25: 44835 | X25: 44866 | Z25: 44896 | AB25: 44927 | AD25: 44958 | AF25: 44986 | AH25: 45017
C26: Recycling Ratio Percentage | D26: 0.086175936 | F26: 0.080369039 | H26: 0.076414931 | J26: 0.08771835 | L26: 0.075050421 | N26: 0.07427674 | P26: 0.078714393 | R26: 0.082180513 | T26: 0.070717023 | V26: 0.071555676 | X26: 0.069993718 | Z26: 0.078570937 | AB26: 0.076739693 | AD26: =T21/100 -> 0.078271143

Sheet MAR-23
C2: HKUST - Campus and Student Hostel
C3: General Wastes Statistics | K3: Month/Year: MARCH-2023 | AI3: Submission Date: 9-APR-2023
C4: Waste Types | D4: Date of General Wastes Collection Details (Tonne) | AI4: Total Weight
D5: 44986 | E5: 44987 | F5: 44988 | G5: 44989 | H5: 44990 | I5: 44991 | J5: 44992 | K5: 44993 | L5: 44994 | M5: 44995 | N5: 44996 | O5: 44997 | P5: 44998 | Q5: 44999 | R5: 45000 | S5: 45001 | T5: 45002 | U5: 45003 | V5: 45004 | W5: 45005 | X5: 45006 | Y5: 45007 | Z5: 45008 | AA5: 45009 | AB5: 45010 | AC5: 45011 | AD5: 45012 | AE5: 45013 | AF5: 45014 | AG5: 45015 | AH5: 45016
C6: General Wastes | D6: 5.6025 | E6: 4.962 | F6: 4.6934 | G6: 4.5198 | H6: 2.6122 | I6: 4.5786 | J6: 4.994 | K6: 5.0252 | L6: 4.7301 | M6: 5.3346 | N6: 4.1764 | O6: 3.0284 | P6: 4.7582 | Q6: 5.3696 | R6: 5.2932 | S6: 5.6458 | T6: 4.594 | U6: 4.9354 | V6: 2.7508 | W6: 5.2606 | X6: 5.277 | Y6: 5.244 | Z6: 5.2908 | AA6: 4.9729 | AB6: 4.38 | AC6: 3.3684 | AD6: 5.0638 | AE6: 5.129 | AF6: 5.2326 | AG6: 5.0034 | AH6: 5.0906 | AI6: =SUM(D6:AH6) -> 146.9173
C7: Yellow skip | D7: 0.72 | E7: 0.65 | F7: 2.55 | G7: 0 | H7: 0 | I7: 1.44 | J7: 0.76 | K7: 0 | L7: 0.9 | M7: 0 | N7: 0.54 | O7: 0 | P7: 0.69 | Q7: 2.17 | R7: 0 | S7: 1.21 | T7: 0 | U7: 1.26 | V7: 0 | W7: 0.79 | X7: 0.78 | Y7: 0 | Z7: 1.79 | AA7: 0 | AB7: 1.93 | AC7: 0 | AD7: 0 | AE7: 1.95 | AF7: 2.09 | AG7: 0 | AH7: 0.75 | AI7: =SUM(D7:AH7) -> 22.97
C8: Total Weight (Tonne) | D8: =SUM(D6:D7) -> 6.3225 | E8: =SUM(E6:E7) -> 5.612 | F8: =SUM(F6:F7) -> 7.2434 | G8: =SUM(G6:G7) -> 4.5198 | H8: =SUM(H6:H7) -> 2.6122 | I8: =SUM(I6:I7) -> 6.0186 | J8: =SUM(J6:J7) -> 5.754 | K8: =SUM(K6:K7) -> 5.0252 | ... AI8: =SUM(AI6:AI7) -> 169.8873
C9: Recyclable Wastes Statistics
C10: Recycled Types | D10: Date of Recycling Wastes Collection Details (kg) | AI10: Total Weight
D11: 44987 | E11: 44989 | F11: 44992 | G11: 44994 | H11: 44996 | I11: 44998 | J11: 44999 | K11: 45001 | L11: 45003 | M11: 45006 | N11: 45008 | O11: 45010 | P11: 45013 | Q11: 45015 | S11: LSK
C12: Old Corrugated Containers | D12: 675 | E12: 510 | F12: 630 | G12: 585 | H12: 662 | J12: 543 | K12: 420 | L12: 466 | M12: 630 | N12: 728 | O12: 632 | P12: 611 | Q12: 495 | S12: 851 | AI12: =SUM(D12:AH12) -> 8438
C13: Office Paper / Newspapers | D13: 280 | E13: 426 | F13: 210 | G13: 205 | H13: 160 | J13: 280 | K13: 300 | L13: 315 | M13: 324 | N13: 280 | O13: 255 | P13: 270 | Q13: 306 | S13: 405 | AI13: =SUM(D13:AH13) -> 4016
C14: Waste Plastic Bottles | D14: 45 | F14: 31 | H14: 48 | K14: 38 | M14: 45 | O14: 36 | Q14: 42 | S14: 41 | AI14: =SUM(D14:AH14) -> 326
C15: Aluminum Cans | D15: 10 | F15: 9 | H15: 12 | K15: 9 | M15: 10 | O15: 11 | Q15: 10 | S15: 6 | AI15: =SUM(D15:AH15) -> 77
C16: Metal | E16: 48 | G16: 246 | J16: 52 | L16: 55 | N16: 449 | P16: 53 | AI16: =SUM(D16:AH16) -> 903
C17: Other:(Toner Catridge) | I17: 72.9 | AI17: =SUM(D17:AH17) -> 72.9
C18: Other:(Rechargeable Batteries ) | I18: 28.6 | AI18: =SUM(D18:AH18) -> 28.6
C19: Total Weight (kg) | D19: =SUM(D12:D18) -> 1010 | E19: =SUM(E12:E18) -> 984 | F19: =SUM(F12:F18) -> 880 | G19: =SUM(G12:G18) -> 1036 | H19: =SUM(H12:H18) -> 882 | I19: =SUM(I12:I18) -> 101.5 | J19: =SUM(J12:J18) -> 875 | K19: =SUM(K12:K18) -> 767 | ... AI19: =SUM(AI12:AI18) -> 13861.5
C21: (A) Total Weight of General Waste of this Month : | H21: =AI8*1000 -> 169887.3 | J21: kg | M21: (C) Total Recycling Ratio Percentage of this Month : | T21: =(H22/(H21+H22))*100 -> 7.5437227 | AA21: % < i.e.= B/(A+B) >
C22: (B) Total Weight of Recycled Waste of this Month : | H22: =AI19 -> 13861.5 | J22: kg | M22: (D) Total Recycling Ratio of Y-T-D Average : | T22: =SUM(D26:AI26)/COUNTA(D26:AI26)*100 -> 7.7062766 | AA22: %
C24: Yearly Summary of Recycling Ratio Percentage
C25: Month | D25: 44562 | F25: 44593 | H25: 44621 | J25: 44652 | L25: 44682 | N25: 44713 | P25: 44743 | R25: 44774 | T25: 44805 | V25: 44835 | X25: 44866 | Z25: 44896 | AB25: 44927 | AD25: 44958 | AF25: 44986 | AH25: 45017
C26: Recycling Ratio Percentage | D26: 0.086175936 | F26: 0.080369039 | H26: 0.076414931 | J26: 0.08771835 | L26: 0.075050421 | N26: 0.07427674 | P26: 0.078714393 | R26: 0.082180513 | T26: 0.070717023 | V26: 0.071555676 | X26: 0.069993718 | Z26: 0.078570937 | AB26: 0.076739693 | AD26: 0.072026898 | AF26: =T21/100 -> 0.075437227

Sheet APR-23
C2: HKUST - Campus and Student Hostel
C3: General Wastes Statistics | K3: Month/Year: APRIL-2023 | AI3: Submission Date: 8-MAY-2023
C4: Waste Types | D4: Date of General Wastes Collection Details (Tonne) | AI4: Total Weight
D5: 45017 | E5: 45018 | F5: 45019 | G5: 45020 | H5: 45021 | I5: 45022 | J5: 45023 | K5: 45024 | L5: 45025 | M5: 45026 | N5: 45027 | O5: 45028 | P5: 45029 | Q5: 45030 | R5: 45031 | S5: 45032 | T5: 45033 | U5: 45034 | V5: 45035 | W5: 45036 | X5: 45037 | Y5: 45038 | Z5: 45039 | AA5: 45040 | AB5: 45041 | AC5: 45042 | AD5: 45043 | AE5: 45044 | AF5: 45045 | AG5: 45046
C6: General Wastes | D6: 4.8704 | E6: 2.939 | F6: 5.4118 | G6: 5.299 | H6: 3.2566 | I6: 4.1478 | J6: 2.613 | K6: 2.1931 | L6: 2.4712 | M6: 2.3668 | N6: 4.7956 | O6: 4.7852 | P6: 5.0858 | Q6: 5.0293 | R6: 4.2004 | S6: 2.9482 | T6: 5.4694 | U6: 5.1306 | V6: 5.819 | W6: 5.5974 | X6: 4.9579 | Y6: 3.8326 | Z6: 3.3002 | AA6: 5.057 | AB6: 5.0356 | AC6: 5.4624 | AD6: 5.2674 | AE6: 4.9342 | AF6: 4.421 | AG6: 3.1098 | AI6: =SUM(D6:AH6) -> 129.8077
C7: Yellow skip | D7: 0 | E7: 0 | F7: 1.64 | G7: 1.03 | H7: 0 | I7: 0.6 | J7: 0 | K7: 0 | L7: 0 | M7: 3.14 | N7: 0 | O7: 2.65 | P7: 0 | Q7: 1.43 | R7: 0 | S7: 0 | T7: 2.1 | U7: 0.72 | V7: 0 | W7: 1.22 | X7: 0.51 | Y7: 0 | Z7: 0 | AA7: 1.69 | AB7: 0.55 | AC7: 0.95 | AD7: 0.76 | AE7: 0 | AF7: 0.69 | AG7: 0 | AI7: =SUM(D7:AH7) -> 19.68
C8: Total Weight (Tonne) | D8: =SUM(D6:D7) -> 4.8704 | E8: =SUM(E6:E7) -> 2.939 | F8: =SUM(F6:F7) -> 7.0518 | G8: =SUM(G6:G7) -> 6.329 | H8: =SUM(H6:H7) -> 3.2566 | I8: =SUM(I6:I7) -> 4.7478 | J8: =SUM(J6:J7) -> 2.613 | K8: =SUM(K6:K7) -> 2.1931 | ... AI8: =SUM(AI6:AI7) -> 149.4877
C9: Recyclable Wastes Statistics
C10: Recycled Types | D10: Date of Recycling Wastes Collection Details (kg) | AI10: Total Weight
D11: 45017 | E11: 45020 | F11: 45022 | G11: 45027 | H11: 45029 | I11: 45031 | J11: 45034 | K11: 45036 | L11: 45038 | M11: 45041 | N11: 45043 | O11: 45045 | P11: 45046 | R11: LSK
C12: Old Corrugated Containers | D12: 650 | E12: 523 | F12: 485 | G12: 616 | H12: 535 | I12: 648 | J12: 830 | K12: 558 | L12: 625 | M12: 726 | N12: 550 | O12: 636 | R12: 775 | AI12: =SUM(D12:AH12) -> 8157
C13: Office Paper / Newspapers | D13: 365 | E13: 220 | F13: 276 | G13: 330 | H13: 380 | I13: 275 | J13: 300 | K13: 282 | L13: 210 | M13: 185 | N13: 316 | O13: 350 | R13: 215 | AI13: =SUM(D13:AH13) -> 3704
C14: Waste Plastic Bottles | D14: 42 | F14: 35 | H14: 39 | J14: 30 | L14: 36 | N14: 38 | R14: 42 | AI14: =SUM(D14:AH14) -> 262
C15: Aluminum Cans | D15: 11 | F15: 9 | H15: 11 | J15: 10 | L15: 9 | N15: 11 | R15: 8 | AI15: =SUM(D15:AH15) -> 69
C16: Metal | E16: 46 | G16: 45 | I16: 50 | K16: 42 | L16: 400 | M16: 43 | O16: 40 | AI16: =SUM(D16:AH16) -> 666
C17: Other:(Toner Catridge) | P17: 48.4 | AI17: =SUM(D17:AH17) -> 48.4
C18: Other:(Rechargeable Batteries ) | AI18: =SUM(D18:AH18) -> 0
C19: Total Weight (kg) | D19: =SUM(D12:D18) -> 1068 | E19: =SUM(E12:E18) -> 789 | F19: =SUM(F12:F18) -> 805 | G19: =SUM(G12:G18) -> 991 | H19: =SUM(H12:H18) -> 965 | I19: =SUM(I12:I18) -> 973 | J19: =SUM(J12:J18) -> 1170 | K19: =SUM(K12:K18) -> 882 | ... AI19: =SUM(AI12:AI18) -> 12906.4
C21: (A) Total Weight of General Waste of this Month : | H21: =AI8*1000 -> 149487.7 | J21: kg | M21: (C) Total Recycling Ratio Percentage of this Month : | T21: =(H22/(H21+H22))*100 -> 7.9475794 | AA21: % < i.e.= B/(A+B) >
C22: (B) Total Weight of Recycled Waste of this Month : | H22: =AI19 -> 12906.4 | J22: kg | M22: (D) Total Recycling Ratio of Y-T-D Average : | T22: =SUM(D26:AI26)/COUNTA(D26:AI26)*100 -> 7.5834946 | AA22: %
C24: Yearly Summary of Recycling Ratio Percentage
C25: Month | D25: 44652 | F25: 44682 | H25: 44713 | J25: 44743 | L25: 44774 | N25: 44805 | P25: 44835 | R25: 44866 | T25: 44896 | V25: 44927 | X25: 44958 | Z25: 44986 | AB25: 45017 | AD25: 45047 | AF25: 45078 | AH25: 45108
C26: Recycling Ratio Percentage | D26: 0.08771835 | F26: 0.075050421 | H26: 0.07427674 | J26: 0.078714393 | L26: 0.082180513 | N26: 0.070717023 | P26: 0.071555676 | R26: 0.069993718 | T26: 0.078570937 | V26: 0.076739693 | X26: 0.072026898 | Z26: 0.068834141 | AB26: =T21/100 -> 0.079475794

Sheet MAY-23
C2: HKUST - Campus and Student Hostel
C3: General Wastes Statistics | K3: Month/Year: MAY-2023 | AI3: Submission Date: 8-JUN-2023
C4: Waste Types | D4: Date of General Wastes Collection Details (Tonne) | AI4: Total Weight
D5: 45047 | E5: 45048 | F5: 45049 | G5: 45050 | H5: 45051 | I5: 45052 | J5: 45053 | K5: 45054 | L5: 45055 | M5: 45056 | N5: 45057 | O5: 45058 | P5: 45059 | Q5: 45060 | R5: 45061 | S5: 45062 | T5: 45063 | U5: 45064 | V5: 45065 | W5: 45066 | X5: 45067 | Y5: 45068 | Z5: 45069 | AA5: 45070 | AB5: 45071 | AC5: 45072 | AD5: 45073 | AE5: 45074 | AF5: 45075 | AG5: 45076 | AH5: 45077
C6: General Wastes | D6: 2.9586 | E6: 4.7692 | F6: 5.1856 | G6: 4.4334 | H6: 4.7818 | I6: 4.1876 | J6: 2.8968 | K6: 4.5144 | L6: 4.6576 | M6: 4.7766 | N6: 4.6282 | O6: 3.3508 | P6: 3.6934 | Q6: 2.9822 | R6: 4.2996 | S6: 4.711 | T6: 4.486 | U6: 4.4374 | V6: 4.7554 | W6: 3.3978 | X6: 2.4286 | Y6: 4.3544 | Z6: 5.3024 | AA6: 4.3126 | AB6: 4.5714 | AC6: 2.4064 | AD6: 5.0374 | AE6: 3.199 | AF6: 4.9638 | AG6: 5.8114 | AH6: 5.4588 | AI6: =SUM(D6:AH6) -> 131.7496
C7: Yellow skip | D7: 0 | E7: 0.5 | F7: 1.54 | G7: 1.33 | H7: 0.73 | I7: 0 | J7: 0 | K7: 1.39 | L7: 1.16 | M7: 0.26 | N7: 0.85 | O7: 0 | P7: 0.68 | Q7: 0 | R7: 1.34 | S7: 0.56 | T7: 1.72 | U7: 0.8 | V7: 0.64 | W7: 0 | X7: 0 | Y7: 1.75 | Z7: 0.79 | AA7: 0.81 | AB7: 0 | AC7: 0 | AD7: 0.82 | AE7: 0 | AF7: 1.61 | AG7: 0 | AH7: 0.94 | AI7: =SUM(D7:AH7) -> 20.22
C8: Total Weight (Tonne) | D8: =SUM(D6:D7) -> 2.9586 | E8: =SUM(E6:E7) -> 5.2692 | F8: =SUM(F6:F7) -> 6.7256 | G8: =SUM(G6:G7) -> 5.7634 | H8: =SUM(H6:H7) -> 5.5118 | I8: =SUM(I6:I7) -> 4.1876 | J8: =SUM(J6:J7) -> 2.8968 | K8: =SUM(K6:K7) -> 5.9044 | ... AI8: =SUM(AI6:AI7) -> 151.9696
C9: Recyclable Wastes Statistics
C10: Recycled Types | D10: Date of Recycling Wastes Collection Details (kg) | AI10: Total Weight
D11: 45048 | E11: 45050 | F11: 45052 | G11: 45055 | H11: 45057 | I11: 45059 | J11: 45062 | K11: 45064 | L11: 45066 | M11: 45069 | N11: 45071 | O11: 45073 | P11: 45076 | R11: LSK
C12: Old Corrugated Containers | D12: 415 | E12: 602 | F12: 423 | G12: 510 | H12: 816 | I12: 430 | J12: 726 | K12: 436 | L12: 785 | M12: 590 | N12: 426 | O12: 420 | P12: 572 | R12: 692 | AI12: =SUM(D12:AH12) -> 7843
C13: Office Paper / Newspapers | D13: 290 | E13: 366 | F13: 350 | G13: 418 | H13: 375 | I13: 125 | J13: 280 | K13: 290 | M13: 250 | N13: 268 | P13: 370 | R13: 232 | AI13: =SUM(D13:AH13) -> 3614
C14: Waste Plastic Bottles | D14: 36 | F14: 42 | H14: 33 | J14: 39 | L14: 37 | N14: 35 | P14: 38 | R14: 35 | AI14: =SUM(D14:AH14) -> 295
C15: Aluminum Cans | D15: 8 | F15: 12 | H15: 7 | J15: 12 | L15: 9 | N15: 10 | P15: 11 | R15: 8 | AI15: =SUM(D15:AH15) -> 77
C16: Metal | E16: 48 | G16: 40 | I16: 36 | K16: 359 | M16: 41 | O16: 45 | AI16: =SUM(D16:AH16) -> 569
C17: Other:(Toner Catridge) | P17: 105.3 | AI17: =SUM(D17:AH17) -> 105.3
C18: Other:(Rechargeable Batteries ) | AI18: =SUM(D18:AH18) -> 0
C19: Total Weight (kg) | D19: =SUM(D12:D18) -> 749 | E19: =SUM(E12:E18) -> 1016 | F19: =SUM(F12:F18) -> 827 | G19: =SUM(G12:G18) -> 968 | H19: =SUM(H12:H18) -> 1231 | I19: =SUM(I12:I18) -> 591 | J19: =SUM(J12:J18) -> 1057 | K19: =SUM(K12:K18) -> 1085 | ... AI19: =SUM(AI12:AI18) -> 12503.3
C21: (A) Total Weight of General Waste of this Month : | H21: =AI8*1000 -> 151969.6 | J21: kg | M21: (C) Total Recycling Ratio Percentage of this Month : | T21: =(H22/(H21+H22))*100 -> 7.6020426 | AA21: % < i.e.= B/(A+B) >
C22: (B) Total Weight of Recycled Waste of this Month : | H22: =AI19 -> 12503.3 | J22: kg | M22: (D) Total Recycling Ratio of Y-T-D Average : | T22: =SUM(D26:AI26)/COUNTA(D26:AI26)*100 -> 7.5424395 | AA22: %
C24: Yearly Summary of Recycling Ratio Percentage
C25: Month | D25: 44652 | F25: 44682 | H25: 44713 | J25: 44743 | L25: 44774 | N25: 44805 | P25: 44835 | R25: 44866 | T25: 44896 | V25: 44927 | X25: 44958 | Z25: 44986 | AB25: 45017 | AD25: 45047 | AF25: 45078 | AH25: 45108
C26: Recycling Ratio Percentage | D26: 0.08771835 | F26: 0.075050421 | H26: 0.07427674 | J26: 0.078714393 | L26: 0.082180513 | N26: 0.070717023 | P26: 0.071555676 | R26: 0.069993718 | T26: 0.078570937 | V26: 0.076739693 | X26: 0.072026898 | Z26: 0.068834141 | AB26: 0.0735426 | AD26: =T21/100 -> 0.076020426

Sheet JUN-23
C2: HKUST - Campus and Student Hostel
C3: General Wastes Statistics | K3: Month/Year: JUNE-2023 | AI3: Submission Date: 6-JULY-2023
C4: Waste Types | D4: Date of General Wastes Collection Details (Tonne) | AI4: Total Weight
D5: 45078 | E5: 45079 | F5: 45080 | G5: 45081 | H5: 45082 | I5: 45083 | J5: 45084 | K5: 45085 | L5: 45086 | M5: 45087 | N5: 45088 | O5: 45089 | P5: 45090 | Q5: 45091 | R5: 45092 | S5: 45093 | T5: 45094 | U5: 45095 | V5: 45096 | W5: 45097 | X5: 45098 | Y5: 45099 | Z5: 45100 | AA5: 45101 | AB5: 45102 | AC5: 45103 | AD5: 45104 | AE5: 45105 | AF5: 45106 | AG5: 45107
C6: General Wastes | D6: 5.476 | E6: 5.1694 | F6: 3.7618 | G6: 3.9972 | H6: 5.442 | I6: 4.0034 | J6: 3.939 | K6: 3.8712 | L6: 3.8968 | M6: 3.1024 | N6: 2.835 | O6: 3.8362 | P6: 4.6088 | Q6: 4.772 | R6: 3.8606 | S6: 4.1798 | T6: 2.9911 | U6: 2.7362 | V6: 3.8153 | W6: 5.4074 | X6: 3.746 | Y6: 2.1924 | Z6: 3.8856 | AA6: 3.176 | AB6: 2.5166 | AC6: 3.9334 | AD6: 4.132 | AE6: 3.9902 | AF6: 3.765 | AG6: 4.337 | AI6: =SUM(D6:AH6) -> 117.3758
C7: Yellow skip | D7: 0.81 | E7: 0 | F7: 0.55 | G7: 0 | H7: 2.3 | I7: 0 | J7: 0.89 | K7: 0 | L7: 1.62 | M7: 1.56 | N7: 0 | O7: 1.56 | P7: 0 | Q7: 2.4 | R7: 1.34 | S7: 1.03 | T7: 0 | U7: 0 | V7: 1.52 | W7: 1.1 | X7: 0 | Y7: 1.46 | Z7: 1.46 | AA7: 0 | AB7: 0 | AC7: 1.57 | AD7: 0 | AE7: 2.81 | AF7: 0 | AG7: 0.85 | AI7: =SUM(D7:AH7) -> 24.83
C8: Total Weight (Tonne) | D8: =SUM(D6:D7) -> 6.286 | E8: =SUM(E6:E7) -> 5.1694 | F8: =SUM(F6:F7) -> 4.3118 | G8: =SUM(G6:G7) -> 3.9972 | H8: =SUM(H6:H7) -> 7.742 | I8: =SUM(I6:I7) -> 4.0034 | J8: =SUM(J6:J7) -> 4.829 | K8: =SUM(K6:K7) -> 3.8712 | ... AI8: =SUM(AI6:AI7) -> 142.2058
C9: Recyclable Wastes Statistics
C10: Recycled Types | D10: Date of Recycling Wastes Collection Details (kg) | AI10: Total Weight
D11: 45078 | E11: 45080 | F11: 45083 | G11: 45085 | H11: 45087 | I11: 45090 | J11: 45092 | K11: 45094 | L11: 45096 | M11: 45097 | N11: 45099 | O11: 45101 | P11: 45104 | Q11: 45106 | S11: LSK
C12: Old Corrugated Containers | D12: 424 | E12: 478 | F12: 506 | G12: 498 | H12: 488 | I12: 513 | J12: 465 | K12: 490 | M12: 680 | N12: 482 | O12: 660 | P12: 650 | Q12: 578 | S12: 738 | AI12: =SUM(D12:AH12) -> 7650
C13: Office Paper / Newspapers | D13: 265 | E13: 300 | F13: 282 | G13: 315 | H13: 270 | I13: 330 | J13: 263 | K13: 210 | M13: 170 | N13: 225 | O13: 250 | P13: 220 | Q13: 380 | S13: 250 | AI13: =SUM(D13:AH13) -> 3730
C14: Waste Plastic Bottles | D14: 38 | F14: 32 | H14: 32 | J14: 42 | M14: 30 | O14: 37 | Q14: 33 | S14: 34 | AI14: =SUM(D14:AH14) -> 278
C15: Aluminum Cans | D15: 8 | F15: 8 | H15: 9 | J15: 8 | M15: 10 | O15: 11 | Q15: 9 | S15: 7 | AI15: =SUM(D15:AH15) -> 70
C16: Metal | E16: 35 | G16: 640 | I16: 38 | K16: 42 | N16: 43 | P16: 36 | AI16: =SUM(D16:AH16) -> 834
C17: Other:(Toner Catridge) | L17: 22.4 | AI17: =SUM(D17:AH17) -> 22.4
C18: Other:(Rechargeable Batteries ) | AI18: =SUM(D18:AH18) -> 0
C19: Total Weight (kg) | D19: =SUM(D12:D18) -> 735 | E19: =SUM(E12:E18) -> 813 | F19: =SUM(F12:F18) -> 828 | G19: =SUM(G12:G18) -> 1453 | H19: =SUM(H12:H18) -> 799 | I19: =SUM(I12:I18) -> 881 | J19: =SUM(J12:J18) -> 778 | K19: =SUM(K12:K18) -> 742 | ... AI19: =SUM(AI12:AI18) -> 12584.4
C21: (A) Total Weight of General Waste of this Month : | H21: =AI8*1000 -> 142205.8 | J21: kg | M21: (C) Total Recycling Ratio Percentage of this Month : | T21: =(H22/(H21+H22))*100 -> 8.1299721 | AA21: % < i.e.= B/(A+B) >
C22: (B) Total Weight of Recycled Waste of this Month : | H22: =AI19 -> 12584.4 | J22: kg | M22: (D) Total Recycling Ratio of Y-T-D Average : | T22: =SUM(D26:AI26)/COUNTA(D26:AI26)*100 -> 7.5451779 | AA22: %
C24: Yearly Summary of Recycling Ratio Percentage
C25: Month | D25: 44652 | F25: 44682 | H25: 44713 | J25: 44743 | L25: 44774 | N25: 44805 | P25: 44835 | R25: 44866 | T25: 44896 | V25: 44927 | X25: 44958 | Z25: 44986 | AB25: 45017 | AD25: 45047 | AF25: 45078 | AH25: 45108
C26: Recycling Ratio Percentage | D26: 0.08771835 | F26: 0.075050421 | H26: 0.07427674 | J26: 0.078714393 | L26: 0.082180513 | N26: 0.070717023 | P26: 0.071555676 | R26: 0.069993718 | T26: 0.078570937 | V26: 0.076739693 | X26: 0.072026898 | Z26: 0.068834141 | AB26: 0.0735426 | AD26: 0.070555864 | AF26: =T21/100 -> 0.081299721

Sheet JUL-23
C2: HKUST - Campus and Student Hostel
C3: General Wastes Statistics | K3: Month/Year: JULY-2023 | AI3: Submission Date: 9-AUGUST-2023
C4: Waste Types | D4: Date of General Wastes Collection Details (Tonne) | AI4: Total Weight
D5: 45108 | E5: 45109 | F5: 45110 | G5: 45111 | H5: 45112 | I5: 45113 | J5: 45114 | K5: 45115 | L5: 45116 | M5: 45117 | N5: 45118 | O5: 45119 | P5: 45120 | Q5: 45121 | R5: 45122 | S5: 45123 | T5: 45124 | U5: 45125 | V5: 45126 | W5: 45127 | X5: 45128 | Y5: 45129 | Z5: 45130 | AA5: 45131 | AB5: 45132 | AC5: 45133 | AD5: 45134 | AE5: 45135 | AF5: 45136 | AG5: 45137 | AH5: 45138
C6: General Wastes | D6: 2.872 | E6: 2.249 | F6: 5.1524 | G6: 3.8726 | H6: 4.7582 | I6: 3.9052 | J6: 4.2766 | K6: 3.2788 | L6: 2.405 | M6: 4.912 | N6: 4.3254 | O6: 4.1914 | P6: 3.5906 | Q6: 3.8442 | R6: 3.2376 | S6: 2.2188 | T6: 0.6068 | U6: 5.6058 | V6: 3.9832 | W6: 4.2052 | X6: 4.1046 | Y6: 2.849 | Z6: 2.296 | AA6: 4.1994 | AB6: 4.2746 | AC6: 3.9722 | AD6: 4.3432 | AE6: 3.969 | AF6: 2.3766 | AG6: 2.803 | AH6: 4.0684 | AI6: =SUM(D6:AH6) -> 112.7468
C7: Yellow skip | D7: 0 | E7: 0 | F7: 1.46 | G7: 2.41 | H7: 0 | I7: 0.83 | J7: 0.77 | K7: 0.63 | L7: 0 | M7: 0.73 | N7: 1.04 | O7: 2.55 | P7: 0.58 | Q7: 0.42 | R7: 0 | S7: 0 | T7: 0 | U7: 1.86 | V7: 1.88 | W7: 0.62 | X7: 0 | Y7: 1.34 | Z7: 0 | AA7: 3.17 | AB7: 0 | AC7: 0.99 | AD7: 0.59 | AE7: 0 | AF7: 0.79 | AG7: 0 | AH7: 1.27 | AI7: =SUM(D7:AH7) -> 23.93
C8: Total Weight (Tonne) | D8: =SUM(D6:D7) -> 2.872 | E8: =SUM(E6:E7) -> 2.249 | F8: =SUM(F6:F7) -> 6.6124 | G8: =SUM(G6:G7) -> 6.2826 | H8: =SUM(H6:H7) -> 4.7582 | I8: =SUM(I6:I7) -> 4.7352 | J8: =SUM(J6:J7) -> 5.0466 | K8: =SUM(K6:K7) -> 3.9088 | ... AI8: =SUM(AI6:AI7) -> 136.6768
C9: Recyclable Wastes Statistics
C10: Recycled Types | D10: Date of Recycling Wastes Collection Details (kg) | AI10: Total Weight
D11: 45108 | E11: 45111 | F11: 45113 | G11: 45115 | H11: 45118 | I11: 45120 | J11: 45122 | K11: 45125 | L11: 45127 | M11: 45129 | N11: 45132 | O11: 45134 | P11: 45136 | R11: LSK
C12: Old Corrugated Containers | D12: 412 | E12: 585 | F12: 494 | G12: 620 | H12: 505 | I12: 470 | J12: 515 | K12: 422 | L12: 536 | M12: 610 | N12: 582 | O12: 650 | P12: 595 | R12: 732 | AI12: =SUM(D12:AH12) -> 7728
C13: Office Paper / Newspapers | E13: 300 | F13: 245 | G13: 450 | H13: 240 | I13: 466 | J13: 330 | L13: 220 | M13: 250 | N13: 500 | O13: 413 | P13: 260 | R13: 315 | AI13: =SUM(D13:AH13) -> 3989
C14: Waste Plastic Bottles | D14: 35 | F14: 29 | H14: 23 | J14: 35 | L14: 32 | N14: 30 | P14: 32 | R14: 40 | AI14: =SUM(D14:AH14) -> 256
C15: Aluminum Cans | D15: 9 | F15: 6 | H15: 10 | J15: 12 | L15: 9 | N15: 11 | P15: 12 | R15: 9 | AI15: =SUM(D15:AH15) -> 78
C16: Metal | E16: 38 | G16: 41 | I16: 39 | K16: 40 | M16: 645 | O16: 43 | AI16: =SUM(D16:AH16) -> 846
C17: Other:(Toner Catridge) | AI17: =SUM(D17:AH17) -> 0
C18: Other:(Rechargeable Batteries ) | AI18: =SUM(D18:AH18) -> 0
C19: Total Weight (kg) | D19: =SUM(D12:D18) -> 456 | E19: =SUM(E12:E18) -> 923 | F19: =SUM(F12:F18) -> 774 | G19: =SUM(G12:G18) -> 1111 | H19: =SUM(H12:H18) -> 778 | I19: =SUM(I12:I18) -> 975 | J19: =SUM(J12:J18) -> 892 | K19: =SUM(K12:K18) -> 462 | ... AI19: =SUM(AI12:AI18) -> 12897
