Workbook

Sheet Table of Contents
A1: Annual Report | C1: Monthly Data | E1: Yearly Data
A2: Energy | C2: Renewable | E2: Renewable
A3: Water | C3: Electricity (Overview) | E3: Electricity (Overview)
A4: Waste | C4: Electricity (Reformatted) | E4: Electricity (Reformatted)
C5: Towngas (TGU) | E5: Towngas (TGU)
A6: Half-Year Report | C6: Potable Water (Overview) | E6: Fuel
A7: Water | C7: Potable Water (Meters) | E7: Scope 1 GHG (mtCO2)
A8: Waste | C8: Seawater (m3) | E8: Scope 2 GHG (mtCO2)
C9: Category Water Data | E9: Scope 3 GHG (mtCO2)
A10: Raw Data | C10: Monthly Waste by Location (kg) | E10: GHG (mtCO2)
A11: Waste | C11: Category Waste Data | E11: Potable Water (Overview)
A12: Food Waste | C12: Recycling (kg) | E12: Potable Water (Meters)
C13: Paper Distribution (kg) | E13: Seawater (m3)
A14: Smart Waste Bin | E14: Recycling (kg)
A15: Staff Quarters | E15: Food Waste (kg)
A16: Canteen | E16: Paper Distribution (kg)
E17: Paper Distribution (match monthly) (kg)
A18: Other
A19: Emission Factor (Keep Updated)
A20: Emission Factor (Original)
A22: Daily Data
A23: Food Waste

Sheet Annual Report (Energy)
A1: Date | B1: Liquid Fuels/Diesel | C1: Towngas | D1: Electricity | E1: Energy (kWh) | F1: Energy per Capita | G1: Energy per GFA | J1: Date | K1: Electricity Consumption | L1: Renewable Generation (kWh) | M1: Emission Factor (kg/ KWh) | N1: Renewable Generation (CO2 tonnes) | R1: Date | S1: Main Acad. Building & Others | T1: Cheng Yu Tung Building | U1: Main Chiller Plant | V1: LSK Chiller Plant | W1: LSK Building | X1: IAS Building | Y1: Conference Lodge | Z1: Staff Quarter Common Area | AA1: Student Housing | AB1: Staff Quarters & Commercial Outlets | AD1: Year | AE1: Total S1&2 | AF1: Total S3 | AG1: Emissions per Capita | AH1: Emissions per GFA | AJ1: Academic Year | AK1: Actual (including renewables) | AL1: Actual | AM1: Projected | AN1: 2028 | AO1: 2035 | AP1: 2045 | AQ1: 2050
A2: 2014/15 | B2: 280000 | C2: ='Yearly Towngas (TGU)'!I6 -> 5874308 | D2: 93067207 | E2: =SUM(B2:D2) -> 99221515 | F2: =E2/'Yearly GHG (mCO2)'!G6 -> 6072.3081 | G2: =E2/'Yearly GHG (mCO2)'!H6 -> 209.52229 | J2: 2014/15 | K2: 93067207 | L2: 0 | N2: 0 | R2: 2023/24 kWh | S2: 51334417 | T2: 4746630 | U2: 17653437 | V2: 1497696 | W2: 2713600 | X2: 588506 | Y2: 1478893 | Z2: 909181 | AA2: 6604565 | AB2: 9182416 | AD2: 2014/15 | AE2: ='Yearly GHG (mCO2)'!E6 -> 61233.387 | AF2: ='Yearly GHG (mCO2)'!D6 -> 795.24599 | AG2: ='Yearly GHG (mCO2)'!I6 -> 3.7474533 | AH2: ='Yearly GHG (mCO2)'!J6 -> 1.2930421 | AJ2: 2014 | AK2: 61233 | AL2: 61233 | AN2: =AK2 -> 61233 | AS2: Reduction
A3: 2015/16 | B3: 370000 | C3: ='Yearly Towngas (TGU)'!I7 -> 7232698 | D3: 95800070 | E3: =SUM(B3:D3) -> 103402768 | F3: =E3/'Yearly GHG (mCO2)'!G7 -> 6221.2122 | G3: =E3/'Yearly GHG (mCO2)'!H7 -> 215.38048 | J3: 2015/16 | K3: 95800070 | L3: 0 | N3: 0 | R3: 2023/24 % | S3: 0.5308 | T3: 0.0491 | U3: 0.1825 | V3: 0.0155 | W3: 0.0281 | X3: 0.0061 | Y3: 0.0153 | Z3: 0.0094 | AA3: 0.0683 | AB3: 0.0949 | AD3: 2015/16 | AE3: ='Yearly GHG (mCO2)'!E7 -> 53623.842 | AF3: ='Yearly GHG (mCO2)'!D7 -> 865.87691 | AG3: ='Yearly GHG (mCO2)'!I7 -> 3.2262705 | AH3: ='Yearly GHG (mCO2)'!J7 -> 1.1169458 | AJ3: 2015 | AK3: 53624 | AL3: 53624 | AN3: =AN2+AT8 -> 59483.486 | AS3: 0 | AT3: =AK2 -> 61233
A4: 2016/17 | B4: 201980.5 | C4: ='Yearly Towngas (TGU)'!I8 -> 6584444 | D4: 94486358 | E4: =SUM(B4:D4) -> 1.0127278e+08 | F4: =E4/'Yearly GHG (mCO2)'!G8 -> 5854.0873 | G4: =E4/'Yearly GHG (mCO2)'!H8 -> 199.35587 | J4: 2016/17 | K4: 94486358 | L4: 0 | N4: 0 | AD4: 2016/17 | AE4: ='Yearly GHG (mCO2)'!E8 -> 52655.5 | AF4: ='Yearly GHG (mCO2)'!D8 -> 662.19891 | AG4: ='Yearly GHG (mCO2)'!I8 -> 3.0437585 | AH4: ='Yearly GHG (mCO2)'!J8 -> 1.0365256 | AJ4: 2016 | AK4: 52656 | AL4: 52656 | AN4: =AN3+AT8 -> 57733.971 | AS4: 0.4 | AT4: =0.6*AK2 -> 36739.8
A5: 2017/18 | B5: 221452.21 | C5: ='Yearly Towngas (TGU)'!I9 -> 5665933 | D5: 92966450 | E5: =SUM(B5:D5) -> 98853835 | F5: =E5/'Yearly GHG (mCO2)'!G9 -> 5515.3198 | G5: =E5/'Yearly GHG (mCO2)'!H9 -> 192.84038 | J5: 2017/18 | K5: 92966450 | L5: 0 | N5: 0 | AD5: 2017/18 | AE5: ='Yearly GHG (mCO2)'!E9 -> 48812.938 | AF5: ='Yearly GHG (mCO2)'!D9 -> 639.41977 | AG5: ='Yearly GHG (mCO2)'!I9 -> 2.7234044 | AH5: ='Yearly GHG (mCO2)'!J9 -> 0.95222461 | AJ5: 2017 | AK5: 48813 | AL5: 48813 | AN5: =AN4+AT8 -> 55984.457 | AS5: 0.5 | AT5: =0.5*AK2 -> 30616.5
A6: 2018/19 | B6: 205172.45 | C6: ='Yearly Towngas (TGU)'!I10 -> 6128182 | D6: 90186094 | E6: =SUM(B6:D6) -> 96519448 | F6: =E6/'Yearly GHG (mCO2)'!G10 -> 5214.8715 | G6: =E6/'Yearly GHG (mCO2)'!H10 -> 187.37815 | J6: 2018/19 | K6: 90186094 | L6: 0 | N6: 0 | AD6: 2018/19 | AE6: ='Yearly GHG (mCO2)'!E10 -> 47481.826 | AF6: ='Yearly GHG (mCO2)'!D10 -> 656.55334 | AG6: ='Yearly GHG (mCO2)'!I10 -> 2.5654065 | AH6: ='Yearly GHG (mCO2)'!J10 -> 0.92178901 | AJ6: 2018 | AK6: 47482 | AL6: 47482 | AN6: =AN5+AT8 -> 54234.943
A7: 2019/20 | B7: 181092.19 | C7: ='Yearly Towngas (TGU)'!I11 -> 4520415 | D7: 87353244 | E7: =SUM(B7:D7) -> 92054751 | F7: =E7/'Yearly GHG (mCO2)'!G11 -> 5207.0112 | G7: =E7/'Yearly GHG (mCO2)'!H11 -> 178.71061 | J7: 2019/20 | K7: 87353244 | L7: 2920 | M7: 0.51 | N7: =(L7*M7)/1000 -> 1.4892 | P7: =L7/K7 -> 3.3427494e-05 | AD7: 2019/20 | AE7: ='Yearly GHG (mCO2)'!E11 -> 44850.269 | AF7: ='Yearly GHG (mCO2)'!D11 -> 241.89826 | AG7: ='Yearly GHG (mCO2)'!I11 -> 2.5369234 | AH7: ='Yearly GHG (mCO2)'!J11 -> 0.87070126 | AJ7: 2019 | AK7: =44850-N7 -> 44848.511 | AL7: =44850 -> 44850 | AN7: =AN6+AT8 -> 52485.429 | AS7: Slopes
A8: 2020/21 | B8: 224833.4 | C8: ='Yearly Towngas (TGU)'!I12 -> 4701278 | D8: 88318175 | E8: =SUM(B8:D8) -> 93244286 | F8: =E8/'Yearly GHG (mCO2)'!G12 -> 4729.1315 | G8: =E8/'Yearly GHG (mCO2)'!H12 -> 165.44555 | J8: 2020/21 | K8: 88318175 | L8: 391443 | M8: 0.37 | N8: =(L8*M8)/1000 -> 144.83391 | P8: =L8/K8 -> 0.0044321908 | AD8: 2020/21 | AE8: ='Yearly GHG (mCO2)'!E12 -> 33904.269 | AF8: ='Yearly GHG (mCO2)'!D12 -> 124.75376 | AG8: ='Yearly GHG (mCO2)'!I12 -> 1.719545 | AH8: ='Yearly GHG (mCO2)'!J12 -> 0.6015715 | AJ8: 2020 | AK8: =33904-N8 -> 33759.166 | AL8: =33904 -> 33904 | AN8: =AN7+AT8 -> 50735.914 | AS8: 2028 Slope | AT8: =(AN16-AN2)/14 -> -1749.5143
A9: 2021/22 | B9: 234812 | C9: ='Yearly Towngas (TGU)'!I13 -> 5113008 | D9: 89692408 | E9: =SUM(B9:D9) -> 95040228 | F9: =E9/'Yearly GHG (mCO2)'!G13 -> 4626.4045 | G9: =E9/'Yearly GHG (mCO2)'!H13 -> 164.4274 | J9: 2021/22 | K9: 89692408 | L9: 1912724 | M9: 0.39 | N9: =(L9*M9)/1000 -> 745.96236 | P9: =L9/K9 -> 0.021325372 | AD9: 2021/22 | AE9: ='Yearly GHG (mCO2)'!E13 -> 36252.174 | AF9: ='Yearly GHG (mCO2)'!D13 -> 258.65209 | AG9: ='Yearly GHG (mCO2)'!I13 -> 1.7646972 | AH9: ='Yearly GHG (mCO2)'!J13 -> 0.62719237 | AJ9: 2021 | AK9: =36252-N9 -> 35506.038 | AL9: =36252 -> 36252 | AN9: =AN8+AT8 -> 48986.4 | AS9: 2035 Slope | AT9: =(AO23-AO16)/(22-15) -> -874.75714
A10: 2022/23 | B10: 292973.43 | C10: ='Yearly Towngas (TGU)'!I14 -> 5491373 | D10: 93932338 | E10: =SUM(B10:D10) -> 99716684 | F10: =E10/'Yearly GHG (mCO2)'!G14 -> 4638.6326 | G10: =E10/'Yearly GHG (mCO2)'!H14 -> 172.51813 | J10: 2022/23 | K10: 93932338 | L10: 2319773 | M10: 0.39 | N10: =(L10*M10)/1000 -> 904.71147 | O10: =(L10-L9)/L9 -> 0.21281115 | P10: =L10/K10 -> 0.024696213 | AD10: 2022/23 | AE10: ='Yearly GHG (mCO2)'!E14 -> 38013.728 | AF10: ='Yearly GHG (mCO2)'!D14 -> 555.67178 | AG10: ='Yearly GHG (mCO2)'!I14 -> 1.7683271 | AH10: ='Yearly GHG (mCO2)'!J14 -> 0.657669 | AJ10: 2022 | AK10: =38014-N10 -> 37109.289 | AL10: =38014 -> 38014 | AN10: =AN9+AT8 -> 47236.886 | AS10: 2045 Slope | AT10: =(AP33-AP23)/(32-22) -> -3061.65
A11: 2023/24 | B11: 243473.34 | C11: ='Yearly Towngas (TGU)'!I15 -> 5826263.4 | D11: 96709341 | E11: =SUM(B11:D11) -> 1.0277908e+08 | F11: =E11/'Yearly GHG (mCO2)'!G15 -> 4636.1621 | G11: =E11/'Yearly GHG (mCO2)'!H15 -> 175.00507 | J11: 2023/24 | K11: 96709341 | L11: 2334777 | M11: 0.39 | N11: =(L11*M11)/1000 -> 910.56303 | AD11: 2023/24 | AE11: ='Yearly GHG (mCO2)'!E15 -> 40466.06 | AF11: ='Yearly GHG (mCO2)'!D15 -> 425.79 | AG11: ='Yearly GHG (mCO2)'!I15 -> 1.8253444 | AH11: ='Yearly GHG (mCO2)'!J15 -> 0.68902795 | AJ11: 2023 | AK11: =AL11-N11 -> 39555.437 | AL11: 40466 | AM11: 38236.386 | AN11: =AN10+AT8 -> 45487.371 | AS11: 2050 Slope | AT11: =(AQ38-AQ23)/(37-22) -> -2041.1
A12: 2024/25 | B12: ='Yearly Fuel'!K16 -> 219309.77 | C12: ='Yearly Towngas (TGU)'!I16 -> 5633744.4 | D12: ='Yearly Electricity Reformatted'!Q13 -> 105238070 | E12: =SUM(B12:D12) -> 1.1109112e+08 | F12: =E12/'Yearly GHG (mCO2)'!G16 -> 4652.6416 | G12: =E12/'Yearly GHG (mCO2)'!H16 -> 189.15825 | J12: 2024/25 | K12: ='Yearly Electricity Reformatted'!Q13 -> 105238070 | L12: ='Yearly Renewable'!F11 -> 2728619 | M12: 0.39 | N12: =(L12*M12)/1000 -> 1064.1614 | AD12: 2024/25 | AE12: ='Yearly GHG (mCO2)'!E16 -> 41443.1 | AF12: ='Yearly GHG (mCO2)'!D16 -> 284.31867 | AG12: ='Yearly GHG (mCO2)'!I16 -> 1.7356912 | AH12: ='Yearly GHG (mCO2)'!J16 -> 0.7056643 | AJ12: 2024 | AL12: 41443 | AM12: 37131.515 | AN12: =AN11+AT8 -> 43737.857
A13: 2025/26 | B13: ='Yearly Fuel'!K17 -> 0 | C13: ='Yearly Towngas (TGU)'!I17 -> 4206293.7 | D13: ='Yearly Electricity Reformatted'!Q14 -> 65366173 | E13: =SUM(B13:D13) -> 69572467 | F13: =E13/'Yearly GHG (mCO2)'!G17 -> #DIV/0! | G13: =E13/'Yearly GHG (mCO2)'!H17 -> #DIV/0! | AE13: =AE12/AE2-1 -> -0.3231944 | AF13: =AF12/AF2-1 -> -0.64247708 | AG13: =AG12/AG2-1 -> -0.53683446 | AH13: =AH12/AH2-1 -> -0.45426038 | AJ13: 2025 | AM13: 37121.752 | AN13: =AN12+AT8 -> 41988.343 | AS13: 2022 | AT13: =(AK2-AK10)/AK2 -> 0.39396586
AE14: =AE12/AE11-1 -> 0.024144667 | AF14: =AF12/AF11-1 -> -0.33225611 | AG14: =AG12/AG11-1 -> -0.049115754 | AH14: =AH12/AH11-1 -> 0.024144667 | AJ14: 2026 | AM14: 43405.672 | AN14: =AN13+AT8 -> 40238.829 | AS14: 2021 | AT14: =(AK9-AK2)/AK2 -> -0.42014865
AJ15: 2027 | AM15: 41891.025 | AN15: =AN14+AT8 -> 38489.314 | AS15: 2023 | AT15: =(AL11-AK2)/AK2 -> -0.33914719
AJ16: 2028 | AM16: 47439.701 | AN16: =AT4 -> 36739.8 | AO16: =AN16 -> 36739.8 | AS16: 2024 | AT16: =(AL12-AK2)/AK2 -> -0.32319174
AJ17: 2029 | AM17: 45117.055 | AO17: =AO16+AT9 -> 35865.043
AJ18: 2030 | AM18: 49445.731 | AO18: =AO17+AT9 -> 34990.286 | AT18: =(AL10-AL2)/AL2*100 -> -37.919096
AJ19: 2031 | AM19: 47614.408 | AO19: =AO18+AT9 -> 34115.529 | AT19: =(AL11-AL2)/AL2*100 -> -33.914719
AJ20: 2032 | AM20: 44815.761 | AO20: =AO19+AT9 -> 33240.771
AJ21: 2033 | AM21: 42948.438 | AO21: =AO20+AT9 -> 32366.014
AJ22: 2034 | AM22: 41741.114 | AO22: =AO21+AT9 -> 31491.257
AJ23: 2035 | AM23: 39843.791 | AO23: =AT5 -> 30616.5 | AP23: =AO23 -> 30616.5 | AQ23: =AP23 -> 30616.5
AJ24: 2036 | AM24: 39066.468 | AP24: =AP23+AT10 -> 27554.85 | AQ24: =AQ23+AT11 -> 28575.4
AJ25: 2037 | AM25: 37113.144 | AP25: =AP24+AT10 -> 24493.2 | AQ25: =AQ24+AT11 -> 26534.3
AJ26: 2038 | AM26: 35699.821 | AP26: =AP25+AT10 -> 21431.55 | AQ26: =AQ25+AT11 -> 24493.2
AJ27: 2039 | AM27: 33716.497 | AP27: =AP26+AT10 -> 18369.9 | AQ27: =AQ26+AT11 -> 22452.1
AJ28: 2040 | AM28: 32613.174 | AP28: =AP27+AT10 -> 15308.25 | AQ28: =AQ27+AT11 -> 20411
AJ29: 2041 | AM29: 30574.851 | AP29: =AP28+AT10 -> 12246.6 | AQ29: =AQ28+AT11 -> 18369.9
AJ30: 2042 | AM30: 31114.851 | AP30: =AP29+AT10 -> 9184.95 | AQ30: =AQ29+AT11 -> 16328.8
AJ31: 2043 | AM31: 29040.527 | AP31: =AP30+AT10 -> 6123.3 | AQ31: =AQ30+AT11 -> 14287.7
AJ32: 2044 | AM32: 27434.204 | AP32: =AP31+AT10 -> 3061.65 | AQ32: =AQ31+AT11 -> 12246.6
AJ33: 2045 | AM33: 25323.881 | AP33: 0 | AQ33: =AQ32+AT11 -> 10205.5
AJ34: 2046 | AM34: 25983.881 | AQ34: =AQ33+AT11 -> 8164.4
AJ35: 2047 | AM35: 23818.557 | AQ35: =AQ34+AT11 -> 6123.3
AJ36: 2048 | AM36: 24214.557 | AQ36: =AQ35+AT11 -> 4082.2
AJ37: 2049 | AM37: 22013.234 | AQ37: =AQ36+AT11 -> 2041.1
AJ38: 2050 | AQ38: 0

Sheet Monthly Renewable
A1: Period | B1: LPT Bill | C1: SSQ Bill | D1: JSQ Bill | E1: VC & Guest Lodge | F1: Total | G1: 12-Month Rolling Sum
A2: 43891 | B2: 552 | F2: 552 | G2: =SUM(F2:F13) -> 48047
A3: 43922 | B3: 832 | F3: 832 | G3: =SUM(F3:F14) -> 97324
A4: 43952 | B4: 756 | F4: 756 | G4: =SUM(F4:F15) -> 152319
A5: 43983 | B5: 780 | F5: 780 | G5: =SUM(F5:F16) -> 281265
A6: 44013 | B6: 954 | F6: 954 | G6: =SUM(F6:F17) -> 391443
A7: 44044 | B7: 1462 | F7: 1462 | G7: =SUM(F7:F18) -> 550622
A8: 44075 | B8: 1419 | F8: 1419 | G8: =SUM(F8:F19) -> 708464
A9: 44105 | B9: 1699 | F9: 1699 | G9: =SUM(F9:F20) -> 922923
A10: 44136 | B10: 1498 | F10: 1498 | G10: =SUM(F10:F21) -> 1060438
A11: 44166 | B11: 7001 | F11: 7001 | G11: =SUM(F11:F22) -> 1229018
A12: 44197 | B12: 8076 | F12: 8076 | G12: =SUM(F12:F23) -> 1350990
A13: 44228 | B13: 23018 | F13: 23018 | G13: =SUM(F13:F24) -> 1446027
... A17: 44348 | B17: 110958 | F17: 110958 | G17: =SUM(F17:F28) -> 1838203
A18: 44378 | B18: 160133 | C18: 0 | F18: 160133 | G18: =SUM(F18:F29) -> 1912724
A19: 44409 | B19: 147598 | C19: 8279 | D19: 3427 | F19: 159304 | G19: =SUM(F19:F30) -> 2000570
A20: 44440 | B20: 180730 | C20: 23799 | D20: 11349 | F20: 215878 | G20: =SUM(F20:F31) -> 2062319
A21: 44470 | B21: 122185 | C21: 9107 | D21: 7922 | F21: 139214 | G21: =SUM(F21:F32) -> 2101115
A22: 44501 | B22: 144397 | C22: 13911 | D22: 11770 | F22: 170078 | G22: =SUM(F22:F33) -> 2181426
A23: 44531 | B23: 117181 | C23: 6562 | D23: 5230 | F23: 128973 | G23: =SUM(F23:F34) -> 2144254
A24: 44562 | B24: 94201 | C24: 4908 | D24: 4004 | F24: 103113 | G24: =SUM(F24:F35) -> 2180122
A25: 44594 | B25: 107196 | C25: 4891 | D25: 4180 | F25: 116267 | G25: =SUM(F25:F36) -> 2230217
A26: 44626 | B26: 145751 | C26: 7025 | D26: 6137 | F26: 158916 | G26: =SUM(F26:F37) -> 2296025
A27: 44652 | B27: 201510 | C27: 8833 | D27: 7666 | F27: 218009 | G27: =SUM(F27:F38) -> 2321129
A28: 44682 | B28: 144961 | C28: 6611 | D28: 5788 | F28: 157360 | G28: =SUM(F28:F39) -> 2231400
A29: 44713 | B29: 171373 | C29: 7469 | D29: 6637 | F29: 185479 | G29: =SUM(F29:F40) -> 2267492
A30: 44743 | B30: 230422 | C30: 9293 | D30: 8264 | F30: 247979 | G30: =SUM(F30:F41) -> 2325806
... A37: 44958 | B37: 166577 | C37: 6916 | D37: 8582 | F37: 182075 | G37: =SUM(F37:F48) -> 2466202
A38: 44986 | B38: 166701 | C38: 6502 | D38: 8075 | E38: 2742 | F38: 184020 | G38: =SUM(F38:F49) -> 2417364
A39: 45017 | B39: 117085 | C39: 4635 | D39: 5779 | E39: 781 | F39: 128280 | G39: =SUM(F39:F50) -> 2380465
A40: 45047 | B40: 177122 | C40: 6807 | D40: 8365 | E40: 1158 | F40: 193452 | G40: =SUM(F40:F51) -> 2424661
A41: 45078 | B41: 224897 | C41: 7772 | D41: 9772 | E41: 1352 | F41: 243793 | G41: =SUM(F41:F52) -> 2393764
A42: 45108 | B42: 255467 | C42: 9081 | D42: 12814 | E42: 1557 | F42: 278919 | G42: =SUM(F42:F53) -> 2334777
A43: 45139 | B43: 260667 | C43: 8733 | D43: 14748 | E43: 1494 | F43: 285642 | G43: =SUM(F43:F54) -> 2349779
A44: 45170 | B44: 193050 | C44: 6417 | D44: 10761 | E44: 1102 | F44: 211330 | G44: =SUM(F44:F55) -> 2333316
A45: 45200 | B45: 187049 | C45: 6214 | D45: 10597 | E45: 997 | F45: 204857 | G45: =SUM(F45:F56) -> 2372803
A46: 45231 | B46: 199647 | C46: 6841 | D46: 11363 | E46: 1007 | F46: 218858 | G46: =SUM(F46:F57) -> 2419222
A47: 45262 | B47: 129813 | C47: 4941 | D47: 7827 | E47: 697 | F47: 143278 | G47: =SUM(F47:F58) -> 2376275
A48: 45292 | B48: 174410 | C48: 6432 | D48: 9963 | E48: 893 | F48: 191698 | G48: =SUM(F48:F59) -> 2434966
A49: 45323 | B49: 121311 | C49: 4299 | D49: 6964 | E49: 663 | F49: 133237 | G49: =SUM(F49:F60) -> 2445237
... A75: 46113 | B75: 210768 | C75: 6276 | D75: 10432 | E75: 1021 | F75: 228497 | G75: =SUM(F75:F86) -> 228497
A76: 46143
A77: 46174

Sheet Yearly Renewable
A1: Date | B1: LPT Bill | C1: SSQ Bill | D1: JSQ Bill | E1: VC & Guest Lodge | F1: Renewable energy generation | G1: % of total electricity
A2: 2015/16 | F2: 0
A3: 2016/17 | F3: 0
A4: 2017/18 | F4: 0
A5: 2018/19 | F5: 0
A6: 2019/20 | B6: =SUM('Monthly Renewable'!B2:B5) -> 2920 | C6: =SUM('Monthly Renewable'!C2:C5) -> 0 | D6: =SUM('Monthly Renewable'!D2:D5) -> 0 | E6: =SUM('Monthly Renewable'!E2:E5) -> 0 | F6: =SUM('Monthly Renewable'!B2:B5) -> 2920 | G6: =F6/'Yearly Electricity (Overview)'!C7 -> 3.3427494e-05
A7: 2020/21 | B7: =SUM('Monthly Renewable'!B6:B17) -> 391443 | C7: =SUM('Monthly Renewable'!C6:C17) -> 0 | D7: =SUM('Monthly Renewable'!D6:D17) -> 0 | E7: =SUM('Monthly Renewable'!E6:E17) -> 0 | F7: =SUM('Monthly Renewable'!B6:B17) -> 391443 | G7: =F7/'Yearly Electricity (Overview)'!C8 -> 0.0044321908
A8: 2021/22 | B8: =SUM('Monthly Renewable'!B18:B29) -> 1737216 | C8: =SUM('Monthly Renewable'!C18:C29) -> 101395 | D8: =SUM('Monthly Renewable'!D18:D29) -> 74110 | E8: =SUM('Monthly Renewable'!E18:E29) -> 0 | F8: =SUM('Monthly Renewable'!F18:F29) -> 1912724 | G8: =F8/'Yearly Electricity (Overview)'!C9 -> 0.021325372
A9: 2022/23 | B9: =SUM('Monthly Renewable'!B30:B41) -> 2130219 | C9: =SUM('Monthly Renewable'!C30:C41) -> 87168 | D9: =SUM('Monthly Renewable'!D30:D41) -> 102386 | E9: =SUM('Monthly Renewable'!E30:E41) -> 6033 | F9: =SUM('Monthly Renewable'!F30:F41) -> 2325806 | G9: =F9/'Yearly Electricity (Overview)'!C10 -> 0.02476044
A10: 2023/24 | B10: =SUM('Monthly Renewable'!B42:B53) -> 2132177 | C10: =SUM('Monthly Renewable'!C42:C53) -> 72563 | D10: =SUM('Monthly Renewable'!D42:D53) -> 118062 | E10: =SUM('Monthly Renewable'!E42:E53) -> 11975 | F10: =SUM('Monthly Renewable'!F42:F53) -> 2334777 | G10: =F10/'Yearly Electricity (Overview)'!C11 -> 0.024142208
A11: 2024/25 | B11: =SUM('Monthly Renewable'!B54:B65) -> 2488719 | C11: =SUM('Monthly Renewable'!C54:C65) -> 82931 | D11: =SUM('Monthly Renewable'!D54:D65) -> 143367 | E11: =SUM('Monthly Renewable'!E54:E65) -> 13602 | F11: =SUM('Monthly Renewable'!F54:F65) -> 2728619 | G11: =F11/'Yearly Electricity (Overview)'!C12 -> 0.02639305
A12: 2025/26 | B12: =SUM('Monthly Renewable'!B66:B77) -> 2058995 | C12: =SUM('Monthly Renewable'!C66:C77) -> 67909 | D12: =SUM('Monthly Renewable'!D66:D77) -> 118759 | E12: =SUM('Monthly Renewable'!E66:E77) -> 10846 | F12: =SUM('Monthly Renewable'!F66:F77) -> 2256509 | G12: =F12/'Yearly Electricity (Overview)'!C13 -> 0.034872334

Sheet Monthly Electricity (Overview)
A1: Period | B1: CLP Total | C1: Main Academic Buildings & Other Public Facilities | D1: EC | E1: CYT | F1: Shaw Auditorium | G1: APCF (R/F Zone L) | H1: New Data Centre (2/F Zone L) | I1: Main Chiller Plant | J1: LSKBB | K1: IAS | L1: Conference Lodge | M1: LSK Hostel | N1: LSK Chiller Plant | O1: WWT | P1: Water Sport Centre | Q1: SISC | R1: HPC5 | S1: RB2 | T1: IB | U1: SRD (UG10-13) | V1: TA-B | W1: GGT | X1: Student Housing UG1-UG9, PG1-PG2 | Y1: Staff Quarters & Commercial Outlets | Z1: Commercial Outlets | AA1: Staff Quarters | AB1: Combined Chiller Plants | AD1: TKO JC Hall | AE1: EC 3/F Data Centre (Elect) | AF1: EC 3/F Data Centre (Chiller kWhe) | AG1: SRD (Chiller kWhe) | AH1: IB (Chiller kWhe) | AI1: BMW EV Charger kWh (LG7 & WWT) | AJ1: Corner Stone EV Charger kWh
A2: 41640 | B2: 5938547 | C2: 3924710 | D2: 190811 | E2: 41274 | F2: 0 | G2: 0 | H2: 0 | I2: 500427 | J2: 205345 | K2: 44678 | L2: 0 | M2: 0 | N2: 48446 | O2: 59654 | P2: 0 | Q2: 0 | W2: 0 | X2: 361571 | Y2: 561631 | Z2: 229909 | AA2: 331722 | AB2: 548873 | AD2: 0 | AE2: 0 | AF2: 0 | AG2: 0 | AH2: 0
A3: 41671 | B3: 5888877 | C3: 3565612 | D3: 252064 | E3: 28315 | F3: 0 | G3: 0 | H3: 0 | I3: 502155 | J3: 290449 | K3: 56447 | L3: 0 | M3: 0 | N3: 47613 | O3: 47313 | P3: 0 | Q3: 0 | W3: 0 | X3: 504993 | Y3: 593916 | Z3: 220164 | AA3: 373752 | AB3: 549768 | AD3: 0 | AE3: 0 | AF3: 0 | AG3: 0 | AH3: 0
A4: 41699 | B4: 6018786 | C4: 3680694 | D4: 185065 | E4: 40257 | F4: 0 | G4: 0 | H4: 0 | I4: 754593 | J4: 182485 | K4: 34491 | L4: 0 | M4: 0 | N4: 46854 | O4: 43566 | P4: 0 | Q4: 0 | W4: 0 | X4: 511265 | Y4: 539516 | Z4: 247766 | AA4: 291750 | AB4: 801447 | AD4: 0 | AE4: 0 | AF4: 0 | AG4: 0 | AH4: 0
A5: 41730 | B5: 7488350 | C5: 4459315 | D5: 203049 | E5: 56946 | F5: 0 | G5: 0 | H5: 0 | I5: 1100944 | J5: 213938 | K5: 46284 | L5: 0 | M5: 0 | N5: 141417 | O5: 73814 | P5: 0 | Q5: 0 | W5: 0 | X5: 612777 | Y5: 579866 | Z5: 295835 | AA5: 284031 | AB5: 1242361 | AD5: 0 | AE5: 0 | AF5: 0 | AG5: 0 | AH5: 0
A6: 41760 | B6: 7986119 | C6: 3816523 | D6: 345876 | E6: 89452 | F6: 0 | G6: 0 | H6: 0 | I6: 1749797 | J6: 224043 | K6: 103456 | L6: 0 | M6: 0 | N6: 170062 | O6: 82044 | P6: 0 | Q6: 0 | W6: 0 | X6: 692230 | Y6: 712636 | Z6: 281303 | AA6: 431333 | AB6: 1919859 | AD6: 0 | AE6: 0 | AF6: 0 | AG6: 0 | AH6: 0
A7: 41791 | B7: 8876152 | C7: 4173507 | D7: 250379 | E7: 92936 | F7: 0 | G7: 0 | H7: 0 | I7: 2204099 | J7: 250703 | K7: 71494 | L7: 0 | M7: 0 | N7: 273139 | O7: 97780 | P7: 0 | Q7: 0 | W7: 0 | X7: 574711 | Y7: 887404 | Z7: 266840 | AA7: 620564 | AB7: 2477238 | AD7: 0 | AE7: 0 | AF7: 0 | AG7: 0 | AH7: 0
A8: 41821 | B8: 9340526 | C8: 4361073 | D8: 221804 | E8: 97729 | F8: 0 | G8: 0 | H8: 0 | I8: 2443732 | J8: 225313 | K8: 48903 | L8: 0 | M8: 0 | N8: 246402 | O8: 109439 | P8: 0 | Q8: 0 | W8: 0 | X8: 687729 | Y8: 898402 | Z8: 274134 | AA8: 624268 | AB8: 2690134 | AD8: 0 | AE8: 0 | AF8: 0 | AG8: 0 | AH8: 0
A9: 41852 | B9: 8583907 | C9: 3673176 | D9: 228122 | E9: 146934 | F9: 0 | G9: 0 | H9: 0 | I9: 2460070 | J9: 232978 | K9: 53454 | L9: 0 | M9: 0 | N9: 275655 | O9: 99316 | P9: 0 | Q9: 0 | W9: 0 | X9: 624042 | Y9: 790160 | Z9: 264880 | AA9: 525280 | AB9: 2735725 | AD9: 0 | AE9: 0 | AF9: 0 | AG9: 0 | AH9: 0
A10: 41883 | B10: 10023872 | C10: 4469625 | D10: 276014 | E10: 132812 | F10: 0 | G10: 0 | H10: 0 | I10: 2515785 | J10: 269881 | K10: 79871 | L10: 0 | M10: 0 | N10: 307475 | O10: 89352 | P10: 0 | Q10: 0 | W10: 0 | X10: 956639 | Y10: 926418 | Z10: 311968 | AA10: 614450 | AB10: 2823260 | AD10: 0 | AE10: 0 | AF10: 0 | AG10: 0 | AH10: 0
A11: 41913 | B11: 8035429 | C11: 4049333 | D11: 203926 | E11: 145929 | F11: 0 | G11: 0 | H11: 0 | I11: 1763222 | J11: 248622 | K11: 39903 | L11: 0 | M11: 0 | N11: 153059 | O11: 89097 | P11: 0 | Q11: 0 | W11: 0 | X11: 708839 | Y11: 633499 | Z11: 297097 | AA11: 336402 | AB11: 1916281 | AD11: 0 | AE11: 0 | AF11: 0 | AG11: 0 | AH11: 0
A12: 41944 | B12: 6858052 | C12: 3872340 | D12: 214292 | E12: 95091 | F12: 0 | G12: 0 | H12: 0 | I12: 1119362 | J12: 267023 | K12: 50426 | L12: 0 | M12: 0 | N12: 153510 | O12: 76299 | P12: 0 | Q12: 0 | W12: 0 | X12: 532301 | Y12: 477408 | Z12: 276436 | AA12: 200972 | AB12: 1272872 | AD12: 0 | AE12: 0 | AF12: 0 | AG12: 0 | AH12: 0
A13: 41974 | B13: 6405579 | C13: 3982954 | D13: 253212 | E13: 117318 | F13: 0 | G13: 0 | H13: 0 | I13: 548769 | J13: 246466 | K13: 71670 | L13: 0 | M13: 0 | N13: 67209 | O13: 55450 | P13: 0 | Q13: 0 | W13: 0 | X13: 483170 | Y13: 579361 | Z13: 281511 | AA13: 297850 | AB13: 615978 | AD13: 0 | AE13: 0 | AF13: 0 | AG13: 0 | AH13: 0
... A97: 44531 | B97: 6220963 | C97: 3182178.4 | D97: 188870 | E97: 372696 | F97: 51400 | G97: 104736 | H97: 229645.4 | I97: 572406.24 | J97: 233281 | K97: 41794 | L97: 67881 | M97: 0 | N97: 63246 | O97: 28037 | P97: 2677 | Q97: 46306 | W97: 104824 | X97: 405363 | Y97: 525622 | Z97: 304173 | AA97: 221449 | AB97: 635652.24 | AD97: 77426 | AE97: 0 | AF97: 0 | AG97: 0 | AH97: 0
A98: 44562 | B98: 5719630 | C98: 2842487.1 | D98: 185403 | E98: 344018 | F98: 42810 | G98: 92900 | H98: 217019.99 | I98: 502701.94 | J98: 215329 | K98: 38644 | L98: 60492 | M98: 0 | N98: 47723 | O98: 40907 | P98: 2661 | Q98: 23332 | W98: 111988 | X98: 439968 | Y98: 511246 | Z98: 258838 | AA98: 252408 | AB98: 550424.94 | AE98: 0 | AF98: 0 | AG98: 0 | AH98: 0
A99: 44593 | B99: 5973372 | C99: 3167490.8 | D99: 193713 | E99: 357227 | F99: 46410 | G99: 105333 | H99: 231947.37 | I99: 353482.87 | J99: 219454 | K99: 37755 | L99: 52974 | M99: 0 | N99: 40630 | O99: 25565 | P99: 1839 | Q99: 11847 | W99: 102478 | X99: 374586 | Y99: 650640 | Z99: 261658 | AA99: 388982 | AB99: 394112.87 | AE99: 0 | AF99: 0 | AG99: 0 | AH99: 0
A100: 44621 | B100: 6036375 | C100: 2996940.2 | D100: 176300 | E100: 355006 | F100: 47140 | G100: 109266 | H100: 215372.04 | I100: 778373.73 | J100: 211474 | K100: 40293 | L100: 58322 | M100: 0 | N100: 73854 | O100: 24678 | P100: 3000 | Q100: 11987 | W100: 111442 | X100: 352459 | Y100: 470468 | Z100: 242578 | AA100: 227890 | AB100: 852227.73 | AD100: 63508 | AE100: 0 | AF100: 0 | AG100: 0 | AH100: 0
A101: 44652 | B101: 6614469 | C101: 3105847.9 | D101: 173413 | E101: 338789 | F101: 49364 | G101: 123200 | H101: 267931.48 | I101: 1054668.6 | J101: 202690 | K101: 50830 | L101: 57767 | M101: 0 | N101: 115979 | O101: 22670 | P101: 3000 | Q101: 24522 | W101: 110156 | X101: 393679 | Y101: 519962 | Z101: 257203 | AA101: 262759 | AB101: 1170647.6 | AD101: 61090 | AE101: 0 | AF101: 0 | AG101: 0 | AH101: 0
A102: 44682 | B102: 7536144 | C102: 3332646.6 | D102: 186465 | E102: 381972 | F102: 66226 | G102: 134268 | H102: 257005.27 | I102: 1500945.1 | J102: 218112 | K102: 47282 | L102: 60742 | M102: 0 | N102: 128870 | O102: 23250 | P102: 9190 | Q102: 64674 | W102: 137154 | X102: 386561 | Y102: 600781 | Z102: 291975 | AA102: 308806 | AB102: 1629815.1 | AD102: 63499 | AE102: 0 | AF102: 0 | AG102: 0 | AH102: 0
A103: 44713 | B103: 8743056 | C103: 3343878.4 | D103: 191180 | E103: 373954 | F103: 64920 | G103: 135646 | H103: 226258.95 | I103: 2130901.6 | J103: 216767 | K103: 69729 | L103: 131317 | M103: 0 | N103: 226263 | O103: 47562 | P103: 4513 | Q103: 74042 | W103: 200798 | X103: 482838 | Y103: 822488 | Z103: 299799 | AA103: 522689 | AB103: 2357164.6 | AD103: 60911 | AE103: 0 | AF103: 0 | AG103: 0 | AH103: 0
A104: 44743 | B104: 8658648 | C104: 2985191.2 | D104: 180624 | E104: 335327 | F104: 66990 | G104: 125766 | H104: 239655.83 | I104: 2485643 | J104: 181196 | K104: 67366 | L104: 129521 | M104: 0 | N104: 222744 | O104: 46061 | P104: 6355 | Q104: 70476 | W104: 188600 | X104: 460050 | Y104: 867082 | Z104: 274978 | AA104: 592104 | AB104: 2708387 | AD104: 64945 | AE104: 0 | AF104: 0 | AG104: 0 | AH104: 0
A105: 44774 | B105: 9488278 | C105: 3657836.1 | D105: 238816 | E105: 389800 | F105: 69480 | G105: 141763 | H105: 279749.7 | I105: 2278104.2 | J105: 202462 | K105: 68389 | L105: 127143 | M105: 0 | N105: 238990 | O105: 58088 | P105: 6748 | Q105: 78711 | W105: 200020 | X105: 509485 | Y105: 942693 | Z105: 328477 | AA105: 614216 | AB105: 2517094.2 | AD105: 79973 | AE105: 0 | AF105: 0 | AG105: 0 | AH105: 0
A106: 44805 | B106: 9620380 | C106: 3972223.6 | D106: 182258 | E106: 370600 | F106: 70960 | G106: 129726 | H106: 279735.37 | I106: 1988413 | J106: 144397 | K106: 59150 | L106: 126966 | M106: 0 | N106: 209950 | O106: 49648 | P106: 14349 | Q106: 74107 | W106: 197340 | X106: 792745 | Y106: 957812 | Z106: 371840 | AA106: 585972 | AB106: 2198363 | AD106: 128837 | AE106: 0 | AF106: 0 | AG106: 0 | AH106: 0
A107: 44835 | B107: 7608376 | C107: 3026538 | D107: 201410 | E107: 352020 | F107: 62050 | G107: 145774 | H107: 275237.47 | I107: 1469216.3 | J107: 304172 | K107: 47679 | L107: 93814 | M107: 0 | N107: 143116 | O107: 29278 | P107: 7337.3 | Q107: 64072 | W107: 133610 | X107: 595968 | Y107: 657084 | Z107: 337505 | AA107: 319579 | AB107: 1612332.3 | AD107: 135269 | AE107: 0 | AF107: 0 | AG107: 0 | AH107: 0
A108: 44866 | B108: 8270405 | C108: 3955547.5 | D108: 261890 | E108: 399870 | F108: 73590 | G108: 160396 | H108: 274731.02 | I108: 1233452.5 | J108: 258047 | K108: 56060 | L108: 72060 | M108: 0 | N108: 130337 | O108: 42146 | P108: 6492 | Q108: 61394 | W108: 119820 | X108: 509994 | Y108: 654578 | Z108: 378554 | AA108: 276024 | AB108: 1363789.5 | AD108: 98952 | AE108: 0 | AF108: 0 | AG108: 0 | AH108: 0
A109: 44896 | B109: 6285639 | C109: 3000351.5 | D109: 189301 | E109: 364897 | F109: 66390 | G109: 207432 | H109: 284045.88 | I109: 556257.59 | J109: 229681 | K109: 44577 | L109: 91252 | M109: 0 | N109: 47314 | O109: 30935 | P109: 3918 | Q109: 49088 | W109: 105310 | X109: 408265 | Y109: 606624 | Z109: 330635 | AA109: 275989 | AB109: 603571.59 | AD109: 79105 | AE109: 0 | AF109: 0 | AG109: 0 | AH109: 0
A110: 44927 | B110: 6116888 | C110: 2907283 | D110: 203969 | E110: 366341 | F110: 64380 | G110: 206177 | H110: 274256 | I110: 556060 | J110: 217300 | K110: 39987 | L110: 69190 | M110: 0 | N110: 45634 | O110: 21361 | P110: 3960 | Q110: 46743 | T110: 0 | U110: 0 | V110: 120500 | W110: 95650 | X110: 318713 | Y110: 559384 | Z110: 291933 | AA110: 267451 | AB110: 601694 | AD110: 42482 | AE110: 0 | AF110: 0 | AG110: 0 | AH110: 0
A111: 44958 | B111: 6266442 | C111: 3003711 | D111: 199047 | E111: 344682 | F111: 59850 | G111: 180898 | H111: 266331 | I111: 601288 | J111: 228400 | K111: 42292 | L111: 66777 | M111: 0 | N111: 53805 | O111: 25635 | P111: 3751 | Q111: 32839 | T111: 0 | U111: 0 | V111: 111300 | W111: 97450 | X111: 401557 | Y111: 546828 | Z111: 330857 | AA111: 215971 | AB111: 655093 | AD111: 66007 | AE111: 0 | AF111: 0 | AG111: 0 | AH111: 0
A112: 44986 | B112: 6828592 | C112: 3087483 | D112: 208188 | E112: 371708 | F112: 62330 | G112: 161082 | H112: 290893 | I112: 869346 | J112: 244523 | K112: 53343 | L112: 77615 | N112: 87303 | O112: 29052 | P112: 4863 | Q112: 60432 | T112: 0 | U112: 0 | V112: 128500 | W112: 105840 | X112: 422423 | Y112: 563668 | Z112: 362033 | AA112: 201635 | AB112: 956649 | AD112: 65226 | AE112: 0 | AF112: 0 | AG112: 0 | AH112: 0
A113: 45017 | B113: 6998355 | C113: 2888262 | D113: 203002 | E113: 343942 | F113: 60020 | G113: 130668 | H113: 296464 | I113: 1134981 | J113: 221077 | K113: 51421 | L113: 84792 | N113: 105975 | O113: 33207 | P113: 5858 | Q113: 55411 | T113: 0 | U113: 0 | V113: 171500 | W113: 112930 | X113: 505398 | Y113: 593447 | Z113: 334481 | AA113: 258966 | AB113: 1240956 | AD113: 98989 | AE113: 0 | AF113: 0 | AG113: 0 | AH113: 0
A114: 45047 | B114: 8625441 | C114: 3325897 | D114: 217017 | E114: 395100 | F114: 70780 | G114: 134571 | H114: 333422 | I114: 1674901 | J114: 246200 | K114: 67214 | L114: 129786 | N114: 162347 | O114: 34087 | P114: 9007 | Q114: 69546 | T114: 0 | U114: 0 | V114: 241758 | W114: 158700 | X114: 580251 | Y114: 774857 | Z114: 378813 | AA114: 396044 | AB114: 1837248 | AD114: 100765 | AE114: 0 | AF114: 0 | AG114: 0 | AH114: 0
A115: 45078 | B115: 9164894 | C115: 3168628 | D115: 196368 | E115: 377740 | F115: 69220 | G115: 130018 | H115: 325721 | I115: 2088084 | J115: 221800 | K115: 56861 | L115: 153093 | N115: 185045 | O115: 35804 | P115: 11908 | Q115: 63058 | T115: 0 | U115: 0 | V115: 309600 | W115: 197740 | X115: 654247 | Y115: 919959 | Z115: 338399 | AA115: 581560 | AB115: 2273129 | AD115: 122163 | AE115: 0 | AF115: 0 | AG115: 0 | AH115: 0
A116: 45108 | B116: 8395978 | C116: 2247388 | D116: 231950 | E116: 401450 | F116: 66610 | G116: 124539 | H116: 366511 | I116: 2235244 | J116: 230400 | K116: 49612 | L116: 149108 | N116: 186865 | O116: 43768 | P116: 14113 | Q116: 67884 | T116: 0 | U116: 0 | V116: 355700 | W116: 191240 | X116: 578961 | Y116: 854635 | Z116: 301258 | AA116: 553377 | AB116: 2422109 | AD116: 101445 | AE116: 0 | AF116: 0 | AG116: 0 | AH116: 0
A117: 45139 | B117: 10021052 | C117: 3687850 | D117: 212471 | E117: 386230 | F117: 63030 | G117: 123688 | H117: 315255 | I117: 2261709 | J117: 220600 | K117: 63082 | L117: 196791 | N117: 245701 | O117: 33881 | P117: 12424 | Q117: 62895 | T117: 0 | U117: 0 | V117: 355100 | W117: 182220 | X117: 574170 | Y117: 1023955 | Z117: 353508 | AA117: 670447 | AB117: 2507410 | AD117: 132118 | AE117: 0 | AF117: 0 | AG117: 0 | AH117: 0
A118: 45170 | B118: 9234983 | C118: 3068198 | D118: 210702 | E118: 397330 | F118: 60020 | G118: 125072 | H118: 309832 | I118: 2087766 | J118: 228100 | K118: 48820 | L118: 133636 | N118: 172602 | O118: 57403 | P118: 8392 | Q118: 58131 | T118: 0 | U118: 37989 | V118: 332800 | W118: 174560 | X118: 798145 | Y118: 925485 | Z118: 370944 | AA118: 554541 | AB118: 2260368 | AD118: 123050 | AE118: 0 | AF118: 0 | AG118: 0 | AH118: 0
A119: 45200 | B119: 8906994 | C119: 3472720 | D119: 209344 | E119: 401070 | F119: 60560 | G119: 130293 | H119: 330878 | I119: 1682178 | J119: 234800 | K119: 54006 | L119: 129915 | N119: 161279 | O119: 30563 | P119: 6860 | Q119: 55225 | T119: 0 | U119: 37989 | V119: 273600 | W119: 141370 | X119: 695080 | Y119: 799264 | Z119: 377527 | AA119: 421737 | AB119: 1843457 | AD119: 129469 | AE119: 0 | AF119: 0 | AG119: 0 | AH119: 0
A120: 45231 | B120: 7592642 | C120: 3137873 | D120: 209208 | E120: 401387 | F120: 61030 | G120: 132665 | H120: 335333 | I120: 1145718 | J120: 240600 | K120: 52505 | L120: 114445 | N120: 110214 | O120: 45235 | P120: 6132 | Q120: 48733 | T120: 0 | U120: 37989 | V120: 188800 | W120: 116120 | X120: 542826 | Y120: 665829 | Z120: 389105 | AA120: 276724 | AB120: 1255932 | AD120: 81480 | AE120: 0 | AF120: 0 | AG120: 0 | AH120: 0
A121: 45261 | B121: 6470056 | C121: 2881577 | D121: 187500 | E121: 362093 | F121: 58940 | G121: 141268 | H121: 297075 | I121: 760035 | J121: 205900 | K121: 47269 | L121: 92079 | N121: 63014 | O121: 26483 | P121: 3860 | Q121: 40280 | T121: 0 | U121: 37989 | V121: 157500 | W121: 102910 | X121: 423456 | Y121: 580828 | Z121: 332453 | AA121: 248375 | AB121: 823049 | AD121: 61721 | AE121: 0 | AF121: 0 | AG121: 0 | AH121: 0
A122: 45292 | B122: 6692267 | C122: 3287729 | D122: 208974 | E122: 396860 | F122: 58410 | G122: 149803 | H122: 338199 | I122: 578170 | J122: 227300 | K122: 41306 | L122: 88012 | N122: 40751 | O122: 27266 | P122: 4854 | Q122: 43154 | T122: 0 | U122: 40620 | V122: 142000 | W122: 110960 | X122: 290247 | Y122: 617652 | Z122: 349422 | AA122: 268230 | AB122: 618921 | AD122: 41708 | AE122: 0 | AF122: 0 | AG122: 0 | AH122: 0
A123: 45323 | B123: 6654580 | C123: 3141372 | D123: 237623 | E123: 372509 | F123: 58160 | G123: 126061 | H123: 326079 | I123: 682091 | J123: 216300 | K123: 38954 | L123: 71168 | N123: 59396 | O123: 28310 | P123: 4703 | Q123: 39420 | S123: 1879 | T123: 0 | U123: 59861 | V123: 136800 | W123: 90700 | X123: 359002 | Y123: 604192 | Z123: 351548 | AA123: 252644 | AB123: 741487 | AD123: 58086 | AE123: 0 | AF123: 0 | AG123: 0 | AH123: 0
A124: 45352 | B124: 6611330 | C124: 2763966 | D124: 160809 | E124: 367021 | F124: 57060 | G124: 139733 | H124: 295189 | I124: 921046 | J124: 217900 | K124: 42295 | L124: 88712 | N124: 72772 | O124: 31071 | P124: 4856 | Q124: 38008 | S124: 5290 | T124: 0 | U124: 64137 | V124: 190100 | W124: 115360 | X124: 416757 | Y124: 619248 | Z124: 350051 | AA124: 269197 | AB124: 993818 | AD124: 67798 | AE124: 0 | AF124: 0 | AG124: 0 | AH124: 0
A125: 45383 | B125: 9041985 | C125: 3471953 | D125: 222022 | E125: 452750 | F125: 70170 | G125: 148209 | H125: 383286 | I125: 1608077 | J125: 248500 | K125: 48452 | L125: 116672 | N125: 116582 | O125: 52517 | P125: 6798 | Q125: 68967 | S125: 7974 | T125: 0 | U125: 66275 | V125: 273800 | W125: 163640 | X125: 674790 | Y125: 840552 | Z125: 399926 | AA125: 440626 | AB125: 1724659 | AD125: 94741 | AE125: 0 | AF125: 0 | AG125: 0 | AH125: 0
A126: 45413 | B126: 8421191 | C126: 3058697 | D126: 207943 | E126: 410970 | F126: 62210 | G126: 134017 | H126: 334772 | I126: 1626912 | J126: 231500 | K126: 42471 | L126: 113551 | N126: 101590 | O126: 52658 | P126: 7342 | Q126: 56046 | S126: 10102 | T126: 0 | U126: 66275 | V126: 278100 | W126: 144060 | X126: 712034 | Y126: 769941 | Z126: 380344 | AA126: 389597 | AB126: 1728502 | AD126: 107822 | AE126: 0 | AF126: 0 | AG126: 0 | AH126: 0 | AI126: 25801
A127: 45444 | B127: 8666283 | C127: 2717512 | D127: 214754 | E127: 396960 | F127: 57110 | G127: 127748 | H127: 329649 | I127: 2083326 | J127: 211700 | K127: 59734 | L127: 167321 | N127: 166930 | O127: 44227 | P127: 8040 | Q127: 63275 | S127: 10738 | T127: 0 | U127: 64137 | V127: 353300 | W127: 169890 | X127: 539097 | Y127: 880835 | Z127: 335002 | AA127: 545833 | AB127: 2250256 | AD127: 95744 | AE127: 0 | AF127: 0 | AG127: 0 | AH127: 0 | AI127: 13248 | AJ127: 318
A128: 45474 | B128: 10350803 | C128: 3299350 | D128: 312619 | E128: 452350 | F128: 57810 | G128: 138033 | H128: 365868 | I128: 2536101 | J128: 242000 | K128: 49635 | L128: 148622 | N128: 146460 | O128: 54600 | P128: 11806 | Q128: 75700 | S128: 12602 | T128: 0 | U128: 66275 | V128: 407800 | W128: 212120 | X128: 696785 | Y128: 1064267 | Z128: 365544 | AA128: 698723 | AB128: 2682561 | AD128: 106600 | AE128: 69045 | AF128: 1329 | AG128: 0 | AH128: 0 | AI128: 11258 | AJ128: 7737
A129: 45505 | B129: 9800377 | C129: 3045342 | D129: 304855 | E129: 430560 | F129: 59070 | G129: 135560 | H129: 358699 | I129: 2339192 | J129: 245100 | K129: 56920 | L129: 181289 | N129: 171979 | O129: 54131 | P129: 14358 | Q129: 66652 | S129: 12862 | T129: 0 | U129: 66275 | V129: 395600 | W129: 180530 | X129: 656280 | Y129: 1025123 | Z129: 369772 | AA129: 655351 | AB129: 2511171 | AD129: 84306 | AE129: 69331 | AF129: 1335 | AG129: 0 | AH129: 0 | AI129: 8509 | AJ129: 17199
A130: 45536 | B130: 10205357 | C130: =B130-SUM(D130:Y130) -> 3286700 | D130: 339702 | E130: 411230 | F130: 59690 | G130: 133432 | H130: 360327 | I130: 2259366 | J130: 247100 | K130: 52628 | L130: 163882 | N130: 166126 | O130: 50830 | P130: 11481 | Q130: 70316 | S130: 15342 | T130: 0 | U130: 77142 | V130: 395100 | W130: 199630 | X130: 847948 | Y130: 1057385 | Z130: 418704 | AA130: 638681 | AB130: 2425492 | AD130: 117909 | AE130: 92614 | AF130: 1782 | AG130: 0 | AH130: 0 | AI130: 9978 | AJ130: 13862
A131: 45566 | B131: 8850727 | C131: 3180284 | D131: 351255 | E131: 410000 | F131: 58020 | G131: 124872 | H131: 358234 | I131: 1681166 | J131: 251900 | K131: 45340 | L131: 117930 | N131: 120288 | O131: 41251 | P131: 8886 | Q131: 57947 | S131: 12002 | T131: 0 | U131: 77913 | V131: 290300 | W131: 125116 | X131: 702498 | Y131: 835525 | Z131: 413057 | AA131: 422468 | AB131: 1801454 | AD131: 130326 | AE131: 113338 | AF131: 2182 | AG131: 0 | AH131: 0 | AI131: 10622 | AJ131: 23633
A132: 45597 | B132: 8264525 | C132: 3359311 | D132: 514384 | E132: 386500 | F132: 60720 | G132: 119609 | H132: 328006 | I132: 1208974 | J132: 241600 | K132: 54146 | L132: 116907 | N132: 108966 | O132: 51180 | P132: 6866 | Q132: 46415 | S132: 5447 | T132: 0 | U132: 77142 | V132: 201885 | W132: 128564 | X132: 551175 | Y132: 696728 | Z132: 402470 | AA132: 294258 | AB132: 1317940 | AD132: 91888 | AE132: 249206 | AF132: 4797 | AG132: 0 | AH132: 0 | AI132: 9756 | AJ132: 23715
A133: 45627 | B133: 7242946 | C133: 3126953 | D133: 486932 | E133: 439800 | F133: 62370 | G133: 182418 | H133: 343029 | I133: 668561 | J133: 261300 | K133: 39693 | L133: 75231 | N133: 47641 | O133: 31724 | P133: 6181 | Q133: 43619 | S133: 9029 | T133: 37973 | U133: 77913 | V133: 150315 | W133: 110500 | X133: 406820 | Y133: 634944 | Z133: 386220 | AA133: 248724 | AB133: 716202 | AD133: 61467 | AE133: 266004 | AF133: 5120 | AG133: 0 | AH133: 0 | AI133: 9486 | AJ133: 14599
A134: 45658 | B134: 6471482 | C134: 2967005 | D134: 447376 | E134: 373437 | F134: 49109 | G134: 166280 | H134: 280003 | I134: 529555 | J134: 214600 | K134: 47528 | L134: 83004 | N134: 51613 | O134: 29551 | P134: 4790 | Q134: 36317 | S134: 10237 | T134: 28831 | U134: 77913 | V134: 151700 | W134: 83133 | X134: 259167 | Y134: 580333 | Z134: 369287 | AA134: 211046 | AB134: 581168 | AD134: 40980 | AE134: 225898 | AF134: 4348 | AG134: 0 | AH134: 0 | AI134: 9050 | AJ134: 24617
A135: 45689 | B135: 7133252 | C135: 3122532 | D135: 514438 | E135: 416863 | F135: 58261 | G135: 195405 | H135: 334235 | I135: 522670 | J135: 253800 | K135: 46126 | L135: 79071 | N135: 48514 | O135: 32530 | P135: 6009 | Q135: 41318 | S135: 10191 | T135: 37593 | U135: 71999 | V135: 115200 | W135: 111997 | X135: 436049 | Y135: 678452 | Z135: 387630 | AA135: 290822 | AB135: 571184 | AD135: 57424 | AE135: 263978 | AF135: 5081 | AG135: 0 | AH135: 0 | AI135: 9360 | AJ135: 15192
A136: 45717 | B136: 7022454 | C136: 2858148 | D136: 472737 | E136: 380900 | F136: 50890 | G136: 149557 | H136: 316702 | I136: 869960 | J136: 224600 | K136: 44236 | L136: 76787 | N136: 66365 | O136: 30925 | P136: 5523 | Q136: 42001 | S136: 5290 | T136: 21570 | U136: 77142 | V136: 185800 | W136: 102130 | X136: 403183 | Y136: 638008 | Z136: 377349 | AA136: 260659 | AB136: 936325 | AD136: 65639 | AE136: 245438 | AF136: 4724 | AG136: 0 | AH136: 0 | AI136: 11946 | AJ136: 23174
A137: 45748 | B137: 8751020 | C137: 3603467 | D137: 558983 | E137: 428000 | F137: 60460 | G137: 150720 | H137: 359483 | I137: 1232583 | J137: 256600 | K137: 46949 | L137: 86079 | N137: 81173 | O137: 36400 | P137: 6874 | Q137: 54833 | S137: 14747 | T137: 21570 | U137: 79713 | V137: 221400 | W137: 131620 | X137: 544718 | Y137: 774648 | Z137: 427060 | AA137: 347588 | AB137: 1313756 | AD137: 75910 | AE137: 293058 | AF137: 5641 | AG137: 0 | AH137: 0 | AI137: 11196 | AJ137: 28426
A138: 45778 | B138: 9287018 | C138: 3041240 | D138: 520090 | E138: 398200 | F138: 61220 | G138: 133326 | H138: 366216 | I138: 1887473 | J138: 234700 | K138: 57670 | L138: 128987 | N138: 145549 | O138: 48118 | P138: 10224 | Q138: 56468 | S138: 35670 | T138: 22289 | U138: 79713 | V138: 307200 | W138: 159170 | X138: 723374 | Y138: 870121 | Z138: 404853 | AA138: 465268 | AB138: 2033022 | AD138: 107059 | AE138: 283112 | AF138: 5449 | AG138: 0 | AH138: 0 | AI138: 14242 | AJ138: 5518
A139: 45809 | B139: 10004035 | C139: 3282572 | D139: 540933 | E139: 403500 | F139: 59310 | G139: 132324 | H139: 369127 | I139: 2251997 | J139: 231300 | K139: 56296 | L139: 128696 | N139: 189802 | O139: 51217 | P139: 11935 | Q139: 68453 | S139: 36406 | T139: 21570 | U139: 77142 | V139: 347000 | W139: 191950 | X139: 591496 | Y139: 961009 | Z139: 375997 | AA139: 585012 | AB139: 2441799 | AD139: 96095 | AE139: 302479 | AF139: 5822 | AG139: 0 | AH139: 0 | AI139: 14634 | AJ139: 41355
A140: 45839 | B140: 10192458 | C140: 2999218 | D140: 534109 | E140: 413100 | F140: 66640 | G140: 125053 | H140: 357034 | I140: 2504159 | J140: 221700 | K140: 68672 | L140: 145108 | N140: 265504 | O140: 56223 | P140: 15162 | Q140: 69381 | S140: 29939 | T140: 22289 | U140: 79713 | V140: 387200 | W140: 197380 | X140: 655026 | Y140: 979848 | Z140: 362265 | AA140: 617583 | AB140: 2769663 | AD140: 110338 | AE140: =146476+153686 -> 300162 | AF140: 5778 | AG140: 0 | AH140: 25928 | AI140: 16929 | AJ140: 29691
A141: 45870 | B141: 10054427 | C141: 3032319 | D141: 538375 | E141: 404500 | F141: 76950 | G141: 125905 | H141: 350137 | I141: 2414329 | J141: 222500 | K141: 77608 | L141: 173834 | N141: 300733 | O141: 70093 | P141: 13557 | Q141: 64657 | R141: 6228 | S141: 26544 | T141: 23886 | U141: 79709 | V141: 348280 | W141: 175870 | X141: 581766 | Y141: 946647 | Z141: 378878 | AA141: 567769 | AB141: 2715062 | AD141: =920+62111+28859 -> 91890 | AE141: =162566+145248 -> 307814 | AF141: 5925 | AG141: 0 | AH141: 22631 | AI141: 16477 | AJ141: 31194
A142: 45901 | B142: 11331409 | C142: 3760683 | D142: 483822 | E142: 440900 | F142: 81980 | G142: 132068 | H142: 386828 | I142: 2405351 | J142: 243800 | K142: 66523 | L142: 142935 | N142: 268527 | O142: 80022 | P142: 12799 | Q142: 72316 | R142: 17858 | S142: 35372 | T142: 35948 | U142: 145148 | V142: 352640 | W142: 205980 | X142: 880103 | Y142: 1079806 | Z142: 437109 | AA142: 642697 | AB142: 2673878 | AD142: =920+32349+107995 -> 141264 | AE142: =173828+156721 -> 330549 | AF142: 6362 | AG142: 121900 | AH142: 15382 | AI142: 17662 | AJ142: 15592
A143: 45931 | B143: 9796105 | C143: 3147886 | D143: 504929 | E143: 404500 | F143: 82270 | G143: 126782 | H143: 359852 | I143: 1957753 | J143: 241000 | K143: 70315 | L143: 143945 | N143: 251737 | O143: 56142 | P143: 11057 | Q143: 63511 | R143: 17675 | S143: 34877 | T143: 54788 | U143: 138274 | V143: 300280 | W143: 165910 | X143: 777120 | Y143: 885502 | Z143: 417169 | AA143: 468333 | AB143: 2209490 | AD143: 138998 | AE143: 306911 | AF143: 5908 | AG143: 74466 | AH143: 6497 | AI143: 16020 | AJ143: 24292
A144: 45962 | B144: 7978764 | C144: 3333008 | D144: 500521 | E144: 388197 | F144: 75078 | G144: 133398 | H144: 341845 | I144: 1020447 | J144: 236053 | K144: 50979 | L144: 85990 | N144: 105031 | O144: 49795 | P144: 5078 | Q144: 47584 | R144: 18927 | S144: 27839 | T144: 44844 | U144: 116174 | V144: 179100 | W144: 107311 | X144: 465405 | Y144: 646160 | Z144: 402881 | AA144: 243279 | AB144: 1125478 | AD144: 77480 | AE144: 306060 | AF144: 5891 | AG144: 9262 | AH144: 8282 | AI144: 16718 | AJ144: 47210
A145: 45992 | B145: 8046008 | C145: 3520854 | D145: 584958 | E145: 414803 | F145: 86752 | G145: 145603 | H145: 353167 | I145: 842964 | J145: 253147 | K145: 43259 | L145: 81529 | N145: 63573 | O145: 39556 | P145: 2864 | Q145: 45888 | R145: 22453 | S145: 30350 | T145: 45023 | U145: 150747 | V145: 151900 | W145: 113682 | X145: 426201 | Y145: 626735 | Z145: 388825 | AA145: 237910 | AB145: 906537 | AD145: 61061 | AE145: 374372 | AF145: 7206 | AG145: 9784 | AH145: 973 | AI145: 18703 | AJ145: 27110
A146: 46023 | B146: 7308543 | C146: 3219229 | D146: 543221 | E146: 418200 | F146: 71330 | G146: 170604 | H146: 335356 | I146: 620519 | J146: 239400 | K146: 56131 | L146: 102592 | N146: 56618 | O146: 44806 | P146: 1825 | Q146: 33942 | R146: 24808 | S146: 16871 | T146: 38524 | U146: 159687 | V146: 144300 | W146: 103340 | X146: 286673 | Y146: 620567 | Z146: 338985 | AA146: =Y146-Z146 -> 281582 | AB146: 677137 | AD146: 37428 | AE146: 347633 | AF146: 6691 | AG146: 3084 | AH146: 1321 | AI146: 18141 | AJ146: 51800
A147: 46054
A148: 46082
A149: 46113
A150: 46143
A151: 46174

Sheet Monthly Electricity (Processed)
A1: Period | B1: On-Campus Buildings 12-Month Rolling Sum | C1: Total + TKOJCH | D1: On-Campus Buildings Monthly Total | E1: Monthly Total + TKOJCH
A2: 41640 | D2: 5938547 | E2: 5938547
A3: 41671 | D3: 5888877 | E3: 5888877
A4: 41699 | D4: 6018786 | E4: 6018786
A5: 41730 | D5: 7488350 | E5: 7488350
A6: 41760 | D6: 7986119 | E6: 7986119
A7: 41791 | D7: 8876152 | E7: 8876152
A8: 41821 | D8: 9340526 | E8: 9340526
A9: 41852 | D9: 8583907 | E9: 8583907
A10: 41883 | D10: 10023872 | E10: 10023872
A11: 41913 | D11: 8035429 | E11: 8035429
A12: 41944 | D12: 6858052 | E12: 6858052
A13: 41974 | D13: 6405579 | E13: 6405579
... A18: 42125 | D18: 8190535 | E18: 8190535
A19: 42156 | B19: 93067207 | C19: 93067207 | D19: 9712387 | E19: 9712387
A20: 42186 | B20: 92560708 | D20: 8834027 | E20: 8834027
A21: 42217 | B21: 92658683 | D21: 8681882 | E21: 8681882
A22: 42248 | B22: 92589207 | D22: 9954396 | E22: 9954396
A23: 42278 | B23: 92906500 | D23: 8352722 | E23: 8352722
A24: 42309 | B24: 94099443 | D24: 8050995 | E24: 8050995
A25: 42339 | B25: 94187317 | D25: 6493453 | E25: 6493453
A26: 42370 | B26: 94394903 | D26: 6245223 | E26: 6245223
A27: 42401 | B27: 95166272 | D27: 6466884 | E27: 6466884
A28: 42430 | B28: 94971369 | D28: 6613470 | E28: 6613470
A29: 42461 | B29: 95180695 | D29: 7584721 | E29: 7584721
A30: 42491 | B30: 95720512 | D30: 8730352 | E30: 8730352
A31: 42522 | B31: 95800070 | C31: 95800070 | D31: 9791945 | E31: 9791945
A32: 42552 | B32: 96134757 | D32: 9168714 | E32: 9168714
A33: 42583 | B33: 96947485 | D33: 9494610 | E33: 9494610
A34: 42614 | B34: 96474873 | D34: 9481784 | E34: 9481784
A35: 42644 | B35: 96161212 | D35: 8039061 | E35: 8039061
A36: 42675 | B36: 96368281 | D36: 8258064 | E36: 8258064
A37: 42705 | B37: 96342853 | D37: 6468025 | E37: 6468025
A38: 42736 | B38: 95623203 | D38: 5525573 | E38: 5525573
A39: 42767 | B39: 95982844 | D39: 6826525 | E39: 6826525
A40: 42795 | B40: 96253205 | D40: 6883831 | E40: 6883831
A41: 42826 | B41: 95356819 | D41: 6688335 | E41: 6688335
A42: 42856 | B42: 94764032 | D42: 8137565 | E42: 8137565
A43: 42887 | B43: 94486358 | C43: 94486358 | D43: 9514271 | E43: 9514271
A44: 42917 | B44: 93560730 | D44: 8243086 | E44: 8243086
A45: 42948 | B45: 93908381 | D45: 9842261 | E45: 9842261
A46: 42979 | B46: 93939573 | D46: 9512976 | E46: 9512976
A47: 43009 | B47: 94414956 | D47: 8514444 | E47: 8514444
A48: 43040 | B48: 93418878 | D48: 7261986 | E48: 7261986
A49: 43070 | B49: 92921703 | D49: 5970850 | E49: 5970850
A50: 43101 | B50: 93736605 | D50: 6340475 | E50: 6340475
A51: 43132 | B51: 92920952 | D51: 6010872 | E51: 6094434
A52: 43160 | B52: 92503642 | D52: 6466521 | E52: 6536866
A53: 43191 | B53: 93292059 | D53: 7476752 | E53: 7557236
A54: 43221 | B54: 94135291 | D54: 8980797 | E54: 9097158
A55: 43252 | B55: 92966450 | C55: 93414359 | D55: 8345430 | E55: 8442587
A56: 43282 | B56: 93887240 | D56: 9163876 | E56: 9234454
A57: 43313 | B57: 93309781 | D57: 9264802 | E57: 9350143
A58: 43344 | B58: 92346280 | D58: 8549475 | E58: 8646720
A59: 43374 | B59: 91966795 | D59: 8134959 | E59: 8247422
A60: 43405 | B60: 92006183 | D60: 7301374 | E60: 7380273
A61: 43435 | B61: 91781095 | D61: 5745762 | E61: 5816533
A62: 43466 | B62: 91689287 | D62: 6248667 | E62: 6300067
A63: 43497 | B63: 91511184 | D63: 5832769 | E63: 5901172
A64: 43525 | B64: 91375813 | D64: 6331150 | E64: 6401669
A65: 43556 | B65: 91623394 | D65: 7724333 | E65: 7815708
A66: 43586 | B66: 90483094 | D66: 7840497 | E66: 7943460
A67: 43617 | B67: 90186094 | C67: 91176940 | D67: 8048430 | E67: 8139319
A68: 43647 | B68: 90323695 | D68: 9301477 | E68: 9376472
A69: 43678 | B69: 90175858 | D69: 9116965 | E69: 9184618
A70: 43709 | B70: 91088438 | D70: 9462055 | E70: 9577222
A71: 43739 | B71: 91275557 | D71: 8322078 | E71: 8466782
A72: 43770 | B72: 90389256 | D72: 6415073 | E72: 6497604
A73: 43800 | B73: 90542578 | D73: 5899084 | E73: 5947205
A74: 43831 | B74: 90062702 | D74: 5768791 | E74: 5805396
A75: 43862 | B75: 89253740 | D75: 5023807 | E75: 5066724
A76: 43891 | B76: 88747332 | D76: 5824742 | E76: 5861350
A77: 43922 | B77: 86704720 | D77: 5681721 | E77: 5719590
A78: 43952 | B78: 86447454 | D78: 7583231 | E78: 7775261
A79: 43983 | B79: 87353244 | C79: 88300941 | D79: 8954220 | E79: 9022717
A80: 44013 | B80: 86884899 | D80: 8833132 | E80: 8895208
A81: 44044 | B81: 85699386 | D81: 7931452 | E81: 8002091
A82: 44075 | B82: 85710579 | D82: 9473248 | E82: 9701459
A83: 44105 | B83: 84624859 | D83: 7236358 | E83: 7326898
A84: 44136 | B84: 84979994 | D84: 6770208 | E84: 6838931
A85: 44166 | B85: 84854430 | D85: 5773520 | E85: 5832897
A86: 44197 | B86: 84786987 | D86: 5701348 | E86: 5763870
A87: 44228 | B87: 85189795 | D87: 5426615 | E87: 5489137
A88: 44256 | B88: 86161740 | D88: 6796687 | E88: 6856115
A89: 44287 | B89: 87567752 | D89: 7087733 | E89: 7171769
A90: 44317 | B90: 88775236 | D90: 8790715 | E90: 8899597
A91: 44348 | B91: 88318175 | C91: 89389542 | D91: 8497159 | E91: 8611570
A92: 44378 | B92: 88449963 | D92: 8964920 | E92: 9046370
A93: 44409 | B93: 89334599 | D93: 8816088 | E93: 8900268
A94: 44440 | B94: 89608532 | D94: 9747181 | E94: 9857216
A95: 44470 | B95: 90225077 | D95: 7852903 | E95: 7995520
A96: 44501 | B96: 90922176 | D96: 7467307 | E96: 7550339
A97: 44531 | B97: 91369619 | D97: 6220963 | E97: 6298389
A98: 44562 | B98: 91387901 | D98: 5719630 | E98: 5719630
A99: 44593 | B99: 91934658 | D99: 5973372 | E99: 5973372
A100: 44621 | B100: 91174346 | D100: 6036375 | E100: 6099883
A101: 44652 | B101: 90701082 | D101: 6614469 | E101: 6675559
A102: 44682 | B102: 89446511 | D102: 7536144 | E102: 7599643
A103: 44713 | B103: 89692408 | C103: 90520156 | D103: 8743056 | E103: 8803967
A104: 44743 | B104: 89386136 | D104: 8658648 | E104: 8723593
...

Sheet Monthly Electricity Reformatted
A1: Period | B1: Main Academic Buildings and Others | C1: Main Chiller Plant | D1: LSK Chiller Plant | E1: Cheng Yu Tung Building | F1: LSK Building | G1: IAS Building | H1: HPC 6 | I1: Research Building 2 | J1: Innovation Building | K1: Conference Lodge | L1: Staff Quarter Common Area | M1: Student Housing | N1: Staff Quarters | O1: Commercial Outlets | P1: Staff Quarters & Commercial Outlet | Q1: Whole Campus (including staff quarter common area) | R1: Whole Campus (excluding staff quarter common area)
A2: 44013 | B2: =SUM('Monthly Electricity (Overview)'!C80:D80)+SUM('Monthly Electricity (Overview)'!F80:H80)+SUM('Monthly Electricity (Overview)'!O80:Q80) -> 4086378.4 | C2: ='Monthly Electricity (Overview)'!I80 -> 2154407.6 | D2: ='Monthly Electricity (Overview)'!N80 -> 242508 | E2: ='Monthly Electricity (Overview)'!E80 -> 404540 | F2: ='Monthly Electricity (Overview)'!J80 -> 231715 | G2: ='Monthly Electricity (Overview)'!K80 -> 83182 | K2: ='Monthly Electricity (Overview)'!L80 -> 140263 | L2: 99693 | M2: =SUM('Monthly Electricity (Overview)'!U80:X80)+'Monthly Electricity (Overview)'!AD80 -> 526454 | N2: ='Monthly Electricity (Overview)'!AA80 -> 760101 | O2: ='Monthly Electricity (Overview)'!Z80 -> 265659 | P2: ='Monthly Electricity (Overview)'!Y80 -> 1025760 | Q2: =SUM(B2:P2)-P2 -> 8994901 | R2: =SUM(B2:O2)-L2 -> 8895208
A3: 44044 | B3: =SUM('Monthly Electricity (Overview)'!C81:D81)+SUM('Monthly Electricity (Overview)'!F81:H81)+SUM('Monthly Electricity (Overview)'!O81:Q81) -> 3248295.5 | C3: ='Monthly Electricity (Overview)'!I81 -> 2394486.5 | D3: ='Monthly Electricity (Overview)'!N81 -> 229261 | E3: ='Monthly Electricity (Overview)'!E81 -> 348726 | F3: ='Monthly Electricity (Overview)'!J81 -> 200857 | G3: ='Monthly Electricity (Overview)'!K81 -> 76791 | K3: ='Monthly Electricity (Overview)'!L81 -> 121644 | L3: 111077 | M3: =SUM('Monthly Electricity (Overview)'!U81:X81)+'Monthly Electricity (Overview)'!AD81 -> 551691 | N3: ='Monthly Electricity (Overview)'!AA81 -> 598243 | O3: ='Monthly Electricity (Overview)'!Z81 -> 232096 | P3: ='Monthly Electricity (Overview)'!Y81 -> 830339 | Q3: =SUM(B3:P3)-P3 -> 8113168 | R3: =SUM(B3:O3)-L3 -> 8002091
A4: 44075 | B4: =SUM('Monthly Electricity (Overview)'!C82:D82)+SUM('Monthly Electricity (Overview)'!F82:H82)+SUM('Monthly Electricity (Overview)'!O82:Q82) -> 4666264.6 | C4: ='Monthly Electricity (Overview)'!I82 -> 2048304.4 | D4: ='Monthly Electricity (Overview)'!N82 -> 227888 | E4: ='Monthly Electricity (Overview)'!E82 -> 401301 | F4: ='Monthly Electricity (Overview)'!J82 -> 250434 | G4: ='Monthly Electricity (Overview)'!K82 -> 74921 | K4: ='Monthly Electricity (Overview)'!L82 -> 130572 | L4: 124553 | M4: =SUM('Monthly Electricity (Overview)'!U82:X82)+'Monthly Electricity (Overview)'!AD82 -> 974645 | N4: ='Monthly Electricity (Overview)'!AA82 -> 623207 | O4: ='Monthly Electricity (Overview)'!Z82 -> 303922 | P4: ='Monthly Electricity (Overview)'!Y82 -> 927129 | Q4: =SUM(B4:P4)-P4 -> 9826012 | R4: =SUM(B4:O4)-L4 -> 9701459
A5: 44105 | B5: =SUM('Monthly Electricity (Overview)'!C83:D83)+SUM('Monthly Electricity (Overview)'!F83:H83)+SUM('Monthly Electricity (Overview)'!O83:Q83) -> 3898002.6 | C5: ='Monthly Electricity (Overview)'!I83 -> 1335753.4 | D5: ='Monthly Electricity (Overview)'!N83 -> 152364 | E5: ='Monthly Electricity (Overview)'!E83 -> 373141 | F5: ='Monthly Electricity (Overview)'!J83 -> 232357 | G5: ='Monthly Electricity (Overview)'!K83 -> 54482 | K5: ='Monthly Electricity (Overview)'!L83 -> 100678 | L5: 81463 | M5: =SUM('Monthly Electricity (Overview)'!U83:X83)+'Monthly Electricity (Overview)'!AD83 -> 592456 | N5: ='Monthly Electricity (Overview)'!AA83 -> 320386 | O5: ='Monthly Electricity (Overview)'!Z83 -> 267278 | P5: ='Monthly Electricity (Overview)'!Y83 -> 587664 | Q5: =SUM(B5:P5)-P5 -> 7408361 | R5: =SUM(B5:O5)-L5 -> 7326898
A6: 44136 | B6: =SUM('Monthly Electricity (Overview)'!C84:D84)+SUM('Monthly Electricity (Overview)'!F84:H84)+SUM('Monthly Electricity (Overview)'!O84:Q84) -> 4027716.6 | C6: ='Monthly Electricity (Overview)'!I84 -> 915177.39 | D6: ='Monthly Electricity (Overview)'!N84 -> 98770 | E6: ='Monthly Electricity (Overview)'!E84 -> 396796 | F6: ='Monthly Electricity (Overview)'!J84 -> 234747 | G6: ='Monthly Electricity (Overview)'!K84 -> 51126 | K6: ='Monthly Electricity (Overview)'!L84 -> 81285 | L6: 59032 | M6: =SUM('Monthly Electricity (Overview)'!U84:X84)+'Monthly Electricity (Overview)'!AD84 -> 507861 | N6: ='Monthly Electricity (Overview)'!AA84 -> 232228 | O6: ='Monthly Electricity (Overview)'!Z84 -> 293224 | P6: ='Monthly Electricity (Overview)'!Y84 -> 525452 | Q6: =SUM(B6:P6)-P6 -> 6897963 | R6: =SUM(B6:O6)-L6 -> 6838931
A7: 44166 | B7: =SUM('Monthly Electricity (Overview)'!C85:D85)+SUM('Monthly Electricity (Overview)'!F85:H85)+SUM('Monthly Electricity (Overview)'!O85:Q85) -> 3623050.2 | C7: ='Monthly Electricity (Overview)'!I85 -> 506804.8 | D7: ='Monthly Electricity (Overview)'!N85 -> 50904 | E7: ='Monthly Electricity (Overview)'!E85 -> 380382 | F7: ='Monthly Electricity (Overview)'!J85 -> 232272 | G7: ='Monthly Electricity (Overview)'!K85 -> 47403 | K7: ='Monthly Electricity (Overview)'!L85 -> 48764 | L7: 53030 | M7: =SUM('Monthly Electricity (Overview)'!U85:X85)+'Monthly Electricity (Overview)'!AD85 -> 433833 | N7: ='Monthly Electricity (Overview)'!AA85 -> 250102 | O7: ='Monthly Electricity (Overview)'!Z85 -> 259382 | P7: ='Monthly Electricity (Overview)'!Y85 -> 509484 | Q7: =SUM(B7:P7)-P7 -> 5885927 | R7: =SUM(B7:O7)-L7 -> 5832897
A8: 44197 | B8: =SUM('Monthly Electricity (Overview)'!C86:D86)+SUM('Monthly Electricity (Overview)'!F86:H86)+SUM('Monthly Electricity (Overview)'!O86:Q86) -> 3569274.8 | C8: ='Monthly Electricity (Overview)'!I86 -> 393066.22 | D8: ='Monthly Electricity (Overview)'!N86 -> 47672 | E8: ='Monthly Electricity (Overview)'!E86 -> 382076 | F8: ='Monthly Electricity (Overview)'!J86 -> 223334 | G8: ='Monthly Electricity (Overview)'!K86 -> 44857 | K8: ='Monthly Electricity (Overview)'!L86 -> 48817 | L8: 48369 | M8: =SUM('Monthly Electricity (Overview)'!U86:X86)+'Monthly Electricity (Overview)'!AD86 -> 468058 | N8: ='Monthly Electricity (Overview)'!AA86 -> 337663 | O8: ='Monthly Electricity (Overview)'!Z86 -> 249052 | P8: ='Monthly Electricity (Overview)'!Y86 -> 586715 | Q8: =SUM(B8:P8)-P8 -> 5812239 | R8: =SUM(B8:O8)-L8 -> 5763870
A9: 44228 | B9: =SUM('Monthly Electricity (Overview)'!C87:D87)+SUM('Monthly Electricity (Overview)'!F87:H87)+SUM('Monthly Electricity (Overview)'!O87:Q87) -> 3434871 | C9: ='Monthly Electricity (Overview)'!I87 -> 528780.96 | D9: ='Monthly Electricity (Overview)'!N87 -> 52226 | E9: ='Monthly Electricity (Overview)'!E87 -> 321055 | F9: ='Monthly Electricity (Overview)'!J87 -> 197886 | G9: ='Monthly Electricity (Overview)'!K87 -> 40970 | K9: ='Monthly Electricity (Overview)'!L87 -> 42444 | L9: 45841 | M9: =SUM('Monthly Electricity (Overview)'!U87:X87)+'Monthly Electricity (Overview)'!AD87 -> 447420 | N9: ='Monthly Electricity (Overview)'!AA87 -> 185977 | O9: ='Monthly Electricity (Overview)'!Z87 -> 237507 | P9: ='Monthly Electricity (Overview)'!Y87 -> 423484 | Q9: =SUM(B9:P9)-P9 -> 5534978 | R9: =SUM(B9:O9)-L9 -> 5489137
A10: 44256 | B10: =SUM('Monthly Electricity (Overview)'!C88:D88)+SUM('Monthly Electricity (Overview)'!F88:H88)+SUM('Monthly Electricity (Overview)'!O88:Q88) -> 4228426.4 | C10: ='Monthly Electricity (Overview)'!I88 -> 785188.6 | D10: ='Monthly Electricity (Overview)'!N88 -> 77337 | E10: ='Monthly Electricity (Overview)'!E88 -> 392798 | F10: ='Monthly Electricity (Overview)'!J88 -> 242322 | G10: ='Monthly Electricity (Overview)'!K88 -> 52128 | K10: ='Monthly Electricity (Overview)'!L88 -> 54444 | L10: 55029 | M10: =SUM('Monthly Electricity (Overview)'!U88:X88)+'Monthly Electricity (Overview)'!AD88 -> 498639 | N10: ='Monthly Electricity (Overview)'!AA88 -> 236455 | O10: ='Monthly Electricity (Overview)'!Z88 -> 288377 | P10: ='Monthly Electricity (Overview)'!Y88 -> 524832 | Q10: =SUM(B10:P10)-P10 -> 6911144 | R10: =SUM(B10:O10)-L10 -> 6856115
A11: 44287 | B11: =SUM('Monthly Electricity (Overview)'!C89:D89)+SUM('Monthly Electricity (Overview)'!F89:H89)+SUM('Monthly Electricity (Overview)'!O89:Q89) -> 4095221.4 | C11: ='Monthly Electricity (Overview)'!I89 -> 1050938.6 | D11: ='Monthly Electricity (Overview)'!N89 -> 122683 | E11: ='Monthly Electricity (Overview)'!E89 -> 384122 | F11: ='Monthly Electricity (Overview)'!J89 -> 233551 | G11: ='Monthly Electricity (Overview)'!K89 -> 52762 | K11: ='Monthly Electricity (Overview)'!L89 -> 53047 | L11: 62537 | M11: =SUM('Monthly Electricity (Overview)'!U89:X89)+'Monthly Electricity (Overview)'!AD89 -> 625184 | N11: ='Monthly Electricity (Overview)'!AA89 -> 271666 | O11: ='Monthly Electricity (Overview)'!Z89 -> 282594 | P11: ='Monthly Electricity (Overview)'!Y89 -> 554260 | Q11: =SUM(B11:P11)-P11 -> 7234306 | R11: =SUM(B11:O11)-L11 -> 7171769
A12: 44317 | B12: =SUM('Monthly Electricity (Overview)'!C90:D90)+SUM('Monthly Electricity (Overview)'!F90:H90)+SUM('Monthly Electricity (Overview)'!O90:Q90) -> 4271235.1 | C12: ='Monthly Electricity (Overview)'!I90 -> 1964651.9 | D12: ='Monthly Electricity (Overview)'!N90 -> 200723 | E12: ='Monthly Electricity (Overview)'!E90 -> 367014 | F12: ='Monthly Electricity (Overview)'!J90 -> 209323 | G12: ='Monthly Electricity (Overview)'!K90 -> 63649 | K12: ='Monthly Electricity (Overview)'!L90 -> 77349 | L12: 84771 | M12: =SUM('Monthly Electricity (Overview)'!U90:X90)+'Monthly Electricity (Overview)'!AD90 -> 857498 | N12: ='Monthly Electricity (Overview)'!AA90 -> 579923 | O12: ='Monthly Electricity (Overview)'!Z90 -> 308231 | P12: ='Monthly Electricity (Overview)'!Y90 -> 888154 | Q12: =SUM(B12:P12)-P12 -> 8984368 | R12: =SUM(B12:O12)-L12 -> 8899597
A13: 44348 | B13: =SUM('Monthly Electricity (Overview)'!C91:D91)+SUM('Monthly Electricity (Overview)'!F91:H91)+SUM('Monthly Electricity (Overview)'!O91:Q91) -> 3979044.5 | C13: ='Monthly Electricity (Overview)'!I91 -> 2020738.5 | D13: ='Monthly Electricity (Overview)'!N91 -> 228931 | E13: ='Monthly Electricity (Overview)'!E91 -> 411370 | F13: ='Monthly Electricity (Overview)'!J91 -> 230711 | G13: ='Monthly Electricity (Overview)'!K91 -> 64191 | K13: ='Monthly Electricity (Overview)'!L91 -> 113132 | L13: 90161 | M13: =SUM('Monthly Electricity (Overview)'!U91:X91)+'Monthly Electricity (Overview)'!AD91 -> 752249 | N13: ='Monthly Electricity (Overview)'!AA91 -> 535380 | O13: ='Monthly Electricity (Overview)'!Z91 -> 275823 | P13: ='Monthly Electricity (Overview)'!Y91 -> 811203 | Q13: =SUM(B13:P13)-P13 -> 8701731 | R13: =SUM(B13:O13)-L13 -> 8611570
... A44: 45292 | B44: =SUM('Monthly Electricity (Overview)'!C122:D122)+SUM('Monthly Electricity (Overview)'!F122:H122)+SUM('Monthly Electricity (Overview)'!O122:Q122) -> 4118389 | C44: ='Monthly Electricity (Overview)'!I122 -> 578170 | D44: ='Monthly Electricity (Overview)'!N122 -> 40751 | E44: ='Monthly Electricity (Overview)'!E122 -> 396860 | F44: ='Monthly Electricity (Overview)'!J122 -> 227300 | G44: ='Monthly Electricity (Overview)'!K122 -> 41306 | K44: ='Monthly Electricity (Overview)'!L122 -> 88012 | L44: 50823 | M44: =SUM('Monthly Electricity (Overview)'!U122:X122)+'Monthly Electricity (Overview)'!AD122 -> 625535 | N44: ='Monthly Electricity (Overview)'!AA122 -> 268230 | O44: ='Monthly Electricity (Overview)'!Z122 -> 349422 | P44: ='Monthly Electricity (Overview)'!Y122 -> 617652 | Q44: =SUM(B44:P44)-P44 -> 6784798 | R44: =SUM(B44:O44)-L44 -> 6733975
A45: 45323 | B45: =SUM('Monthly Electricity (Overview)'!C123:D123)+SUM('Monthly Electricity (Overview)'!F123:H123)+SUM('Monthly Electricity (Overview)'!O123:Q123) -> 3961728 | C45: ='Monthly Electricity (Overview)'!I123 -> 682091 | D45: ='Monthly Electricity (Overview)'!N123 -> 59396 | E45: ='Monthly Electricity (Overview)'!E123 -> 372509 | F45: ='Monthly Electricity (Overview)'!J123 -> 216300 | G45: ='Monthly Electricity (Overview)'!K123 -> 38954 | I45: ='Monthly Electricity (Overview)'!S123 -> 1879 | K45: ='Monthly Electricity (Overview)'!L123 -> 71168 | L45: 54165 | M45: =SUM('Monthly Electricity (Overview)'!U123:X123)+'Monthly Electricity (Overview)'!AD123 -> 704449 | N45: ='Monthly Electricity (Overview)'!AA123 -> 252644 | O45: ='Monthly Electricity (Overview)'!Z123 -> 351548 | P45: ='Monthly Electricity (Overview)'!Y123 -> 604192 | Q45: =SUM(B45:P45)-P45 -> 6766831 | R45: =SUM(B45:O45)-L45 -> 6712666
A46: 45352 | B46: =SUM('Monthly Electricity (Overview)'!C124:D124)+SUM('Monthly Electricity (Overview)'!F124:H124)+SUM('Monthly Electricity (Overview)'!O124:Q124) -> 3490692 | C46: ='Monthly Electricity (Overview)'!I124 -> 921046 | D46: ='Monthly Electricity (Overview)'!N124 -> 72772 | E46: ='Monthly Electricity (Overview)'!E124 -> 367021 | F46: ='Monthly Electricity (Overview)'!J124 -> 217900 | G46: ='Monthly Electricity (Overview)'!K124 -> 42295 | I46: ='Monthly Electricity (Overview)'!S124 -> 5290 | K46: ='Monthly Electricity (Overview)'!L124 -> 88712 | L46: 46664 | M46: =SUM('Monthly Electricity (Overview)'!U124:X124)+'Monthly Electricity (Overview)'!AD124 -> 854152 | N46: ='Monthly Electricity (Overview)'!AA124 -> 269197 | O46: ='Monthly Electricity (Overview)'!Z124 -> 350051 | P46: ='Monthly Electricity (Overview)'!Y124 -> 619248 | Q46: =SUM(B46:P46)-P46 -> 6725792 | R46: =SUM(B46:O46)-L46 -> 6679128
A47: 45383 | B47: =SUM('Monthly Electricity (Overview)'!C125:D125)+SUM('Monthly Electricity (Overview)'!F125:H125)+SUM('Monthly Electricity (Overview)'!O125:Q125) -> 4423922 | C47: ='Monthly Electricity (Overview)'!I125 -> 1608077 | D47: ='Monthly Electricity (Overview)'!N125 -> 116582 | E47: ='Monthly Electricity (Overview)'!E125 -> 452750 | F47: ='Monthly Electricity (Overview)'!J125 -> 248500 | G47: ='Monthly Electricity (Overview)'!K125 -> 48452 | I47: ='Monthly Electricity (Overview)'!S125 -> 7974 | K47: ='Monthly Electricity (Overview)'!L125 -> 116672 | L47: 76596 | M47: =SUM('Monthly Electricity (Overview)'!U125:X125)+'Monthly Electricity (Overview)'!AD125 -> 1273246 | N47: ='Monthly Electricity (Overview)'!AA125 -> 440626 | O47: ='Monthly Electricity (Overview)'!Z125 -> 399926 | P47: ='Monthly Electricity (Overview)'!Y125 -> 840552 | Q47: =SUM(B47:P47)-P47 -> 9213323 | R47: =SUM(B47:O47)-L47 -> 9136727
A48: 45413 | B48: =SUM('Monthly Electricity (Overview)'!C126:D126)+SUM('Monthly Electricity (Overview)'!F126:H126)+SUM('Monthly Electricity (Overview)'!O126:Q126) -> 3913685 | C48: ='Monthly Electricity (Overview)'!I126 -> 1626912 | D48: ='Monthly Electricity (Overview)'!N126 -> 101590 | E48: ='Monthly Electricity (Overview)'!E126 -> 410970 | F48: ='Monthly Electricity (Overview)'!J126 -> 231500 | G48: ='Monthly Electricity (Overview)'!K126 -> 42471 | I48: ='Monthly Electricity (Overview)'!S126 -> 10102 | K48: ='Monthly Electricity (Overview)'!L126 -> 113551 | L48: 69174 | M48: =SUM('Monthly Electricity (Overview)'!U126:X126)+'Monthly Electricity (Overview)'!AD126 -> 1308291 | N48: ='Monthly Electricity (Overview)'!AA126 -> 389597 | O48: ='Monthly Electricity (Overview)'!Z126 -> 380344 | P48: ='Monthly Electricity (Overview)'!Y126 -> 769941 | Q48: =SUM(B48:P48)-P48 -> 8598187 | R48: =SUM(B48:O48)-L48 -> 8529013
A49: 45444 | B49: =SUM('Monthly Electricity (Overview)'!C127:D127)+SUM('Monthly Electricity (Overview)'!F127:H127)+SUM('Monthly Electricity (Overview)'!O127:Q127) -> 3562315 | C49: ='Monthly Electricity (Overview)'!I127 -> 2083326 | D49: ='Monthly Electricity (Overview)'!N127 -> 166930 | E49: ='Monthly Electricity (Overview)'!E127 -> 396960 | F49: ='Monthly Electricity (Overview)'!J127 -> 211700 | G49: ='Monthly Electricity (Overview)'!K127 -> 59734 | I49: ='Monthly Electricity (Overview)'!S127 -> 10738 | K49: ='Monthly Electricity (Overview)'!L127 -> 167321 | L49: 89300 | M49: =SUM('Monthly Electricity (Overview)'!U127:X127)+'Monthly Electricity (Overview)'!AD127 -> 1222168 | N49: ='Monthly Electricity (Overview)'!AA127 -> 545833 | O49: ='Monthly Electricity (Overview)'!Z127 -> 335002 | P49: ='Monthly Electricity (Overview)'!Y127 -> 880835 | Q49: =SUM(B49:P49)-P49 -> 8851327 | R49: =SUM(B49:O49)-L49 -> 8762027
A50: 45474 | B50: =SUM('Monthly Electricity (Overview)'!C128:D128)+SUM('Monthly Electricity (Overview)'!F128:H128)+SUM('Monthly Electricity (Overview)'!O128:Q128) -> 4315786 | C50: ='Monthly Electricity (Overview)'!I128 -> 2536101 | D50: ='Monthly Electricity (Overview)'!N128 -> 146460 | E50: ='Monthly Electricity (Overview)'!E128 -> 452350 | F50: ='Monthly Electricity (Overview)'!J128 -> 242000 | G50: ='Monthly Electricity (Overview)'!K128 -> 49635 | I50: ='Monthly Electricity (Overview)'!S128 -> 12602 | J50: ='Monthly Electricity (Overview)'!T128 -> 0 | K50: ='Monthly Electricity (Overview)'!L128 -> 148622 | L50: 96675 | M50: =SUM('Monthly Electricity (Overview)'!U128:X128)+'Monthly Electricity (Overview)'!AD128 -> 1489580 | N50: ='Monthly Electricity (Overview)'!AA128 -> 698723 | O50: ='Monthly Electricity (Overview)'!Z128 -> 365544 | P50: ='Monthly Electricity (Overview)'!Y128 -> 1064267 | Q50: =SUM(B50:P50)-P50 -> 10554078 | R50: =SUM(B50:O50)-L50 -> 10457403
A51: 45505 | B51: =SUM('Monthly Electricity (Overview)'!C129:D129)+SUM('Monthly Electricity (Overview)'!F129:H129)+SUM('Monthly Electricity (Overview)'!O129:Q129) -> 4038667 | C51: ='Monthly Electricity (Overview)'!I129 -> 2339192 | D51: ='Monthly Electricity (Overview)'!N129 -> 171979 | E51: ='Monthly Electricity (Overview)'!E129 -> 430560 | F51: ='Monthly Electricity (Overview)'!J129 -> 245100 | G51: ='Monthly Electricity (Overview)'!K129 -> 56920 | I51: ='Monthly Electricity (Overview)'!S129 -> 12862 | J51: ='Monthly Electricity (Overview)'!T129 -> 0 | K51: ='Monthly Electricity (Overview)'!L129 -> 181289 | L51: 102262 | M51: =SUM('Monthly Electricity (Overview)'!U129:X129)+'Monthly Electricity (Overview)'!AD129 -> 1382991 | N51: ='Monthly Electricity (Overview)'!AA129 -> 655351 | O51: ='Monthly Electricity (Overview)'!Z129 -> 369772 | P51: ='Monthly Electricity (Overview)'!Y129 -> 1025123 | Q51: =SUM(B51:P51)-P51 -> 9986945 | R51: =SUM(B51:O51)-L51 -> 9884683
A52: 45536 | B52: =SUM('Monthly Electricity (Overview)'!C130:D130)+SUM('Monthly Electricity (Overview)'!F130:H130)+SUM('Monthly Electricity (Overview)'!O130:Q130) -> 4312478 | C52: ='Monthly Electricity (Overview)'!I130 -> 2259366 | D52: ='Monthly Electricity (Overview)'!N130 -> 166126 | E52: ='Monthly Electricity (Overview)'!E130 -> 411230 | F52: ='Monthly Electricity (Overview)'!J130 -> 247100 | G52: ='Monthly Electricity (Overview)'!K130 -> 52628 | I52: ='Monthly Electricity (Overview)'!S130 -> 15342 | J52: ='Monthly Electricity (Overview)'!T130 -> 0 | K52: ='Monthly Electricity (Overview)'!L130 -> 163882 | L52: 94188 | M52: =SUM('Monthly Electricity (Overview)'!U130:X130)+'Monthly Electricity (Overview)'!AD130 -> 1637729 | N52: ='Monthly Electricity (Overview)'!AA130 -> 638681 | O52: ='Monthly Electricity (Overview)'!Z130 -> 418704 | P52: ='Monthly Electricity (Overview)'!Y130 -> 1057385 | Q52: =SUM(B52:P52)-P52 -> 10417454 | R52: =SUM(B52:O52)-L52 -> 10323266
A53: 45566 | B53: =SUM('Monthly Electricity (Overview)'!C131:D131)+SUM('Monthly Electricity (Overview)'!F131:H131)+SUM('Monthly Electricity (Overview)'!O131:Q131) -> 4180749 | C53: ='Monthly Electricity (Overview)'!I131 -> 1681166 | D53: ='Monthly Electricity (Overview)'!N131 -> 120288 | E53: ='Monthly Electricity (Overview)'!E131 -> 410000 | F53: ='Monthly Electricity (Overview)'!J131 -> 251900 | G53: ='Monthly Electricity (Overview)'!K131 -> 45340 | I53: ='Monthly Electricity (Overview)'!S131 -> 12002 | J53: ='Monthly Electricity (Overview)'!T131 -> 0 | K53: ='Monthly Electricity (Overview)'!L131 -> 117930 | L53: 74174 | M53: =SUM('Monthly Electricity (Overview)'!U131:X131)+'Monthly Electricity (Overview)'!AD131 -> 1326153 | N53: ='Monthly Electricity (Overview)'!AA131 -> 422468 | O53: ='Monthly Electricity (Overview)'!Z131 -> 413057 | P53: ='Monthly Electricity (Overview)'!Y131 -> 835525 | Q53: =SUM(B53:P53)-P53 -> 9055227 | R53: =SUM(B53:O53)-L53 -> 8981053
A54: 45597 | B54: =SUM('Monthly Electricity (Overview)'!C132:D132)+SUM('Monthly Electricity (Overview)'!F132:H132)+SUM('Monthly Electricity (Overview)'!O132:Q132) -> 4486491 | C54: ='Monthly Electricity (Overview)'!I132 -> 1208974 | D54: ='Monthly Electricity (Overview)'!N132 -> 108966 | E54: ='Monthly Electricity (Overview)'!E132 -> 386500 | F54: ='Monthly Electricity (Overview)'!J132 -> 241600 | G54: ='Monthly Electricity (Overview)'!K132 -> 54146 | I54: ='Monthly Electricity (Overview)'!S132 -> 5447 | J54: ='Monthly Electricity (Overview)'!T132 -> 0 | K54: ='Monthly Electricity (Overview)'!L132 -> 116907 | L54: 69509 | M54: =SUM('Monthly Electricity (Overview)'!U132:X132)+'Monthly Electricity (Overview)'!AD132 -> 1050654 | N54: ='Monthly Electricity (Overview)'!AA132 -> 294258 | O54: ='Monthly Electricity (Overview)'!Z132 -> 402470 | P54: ='Monthly Electricity (Overview)'!Y132 -> 696728 | Q54: =SUM(B54:P54)-P54 -> 8425922 | R54: =SUM(B54:O54)-L54 -> 8356413
A55: 45627 | B55: =SUM('Monthly Electricity (Overview)'!C133:D133)+SUM('Monthly Electricity (Overview)'!F133:H133)+SUM('Monthly Electricity (Overview)'!O133:Q133) -> 4283226 | C55: ='Monthly Electricity (Overview)'!I133 -> 668561 | D55: ='Monthly Electricity (Overview)'!N133 -> 47641 | E55: ='Monthly Electricity (Overview)'!E133 -> 439800 | F55: ='Monthly Electricity (Overview)'!J133 -> 261300 | G55: ='Monthly Electricity (Overview)'!K133 -> 39693 | I55: ='Monthly Electricity (Overview)'!S133 -> 9029 | J55: ='Monthly Electricity (Overview)'!T133 -> 37973 | K55: ='Monthly Electricity (Overview)'!L133 -> 75231 | L55: 42277 | M55: =SUM('Monthly Electricity (Overview)'!U133:X133)+'Monthly Electricity (Overview)'!AD133 -> 807015 | N55: ='Monthly Electricity (Overview)'!AA133 -> 248724 | O55: ='Monthly Electricity (Overview)'!Z133 -> 386220 | P55: ='Monthly Electricity (Overview)'!Y133 -> 634944 | Q55: =SUM(B55:P55)-P55 -> 7346690 | R55: =SUM(B55:O55)-L55 -> 7304413
A56: 45658 | B56: =SUM('Monthly Electricity (Overview)'!C134:D134)+SUM('Monthly Electricity (Overview)'!F134:H134)+SUM('Monthly Electricity (Overview)'!O134:Q134) -> 3980431 | C56: ='Monthly Electricity (Overview)'!I134 -> 529555 | D56: ='Monthly Electricity (Overview)'!N134 -> 51613 | E56: ='Monthly Electricity (Overview)'!E134 -> 373437 | F56: ='Monthly Electricity (Overview)'!J134 -> 214600 | G56: ='Monthly Electricity (Overview)'!K134 -> 47528 | I56: ='Monthly Electricity (Overview)'!S134 -> 10237 | J56: ='Monthly Electricity (Overview)'!T134 -> 28831 | K56: ='Monthly Electricity (Overview)'!L134 -> 83004 | L56: 42652 | M56: =SUM('Monthly Electricity (Overview)'!U134:X134)+'Monthly Electricity (Overview)'!AD134 -> 612893 | N56: ='Monthly Electricity (Overview)'!AA134 -> 211046 | O56: ='Monthly Electricity (Overview)'!Z134 -> 369287 | P56: ='Monthly Electricity (Overview)'!Y134 -> 580333 | Q56: =SUM(B56:P56)-P56 -> 6555114 | R56: =SUM(B56:O56)-L56 -> 6512462
A57: 45689 | B57: =SUM('Monthly Electricity (Overview)'!C135:D135)+SUM('Monthly Electricity (Overview)'!F135:H135)+SUM('Monthly Electricity (Overview)'!O135:Q135) -> 4304728 | C57: ='Monthly Electricity (Overview)'!I135 -> 522670 | D57: ='Monthly Electricity (Overview)'!N135 -> 48514 | E57: ='Monthly Electricity (Overview)'!E135 -> 416863 | F57: ='Monthly Electricity (Overview)'!J135 -> 253800 | G57: ='Monthly Electricity (Overview)'!K135 -> 46126 | I57: ='Monthly Electricity (Overview)'!S135 -> 10191 | J57: ='Monthly Electricity (Overview)'!T135 -> 37593 | K57: ='Monthly Electricity (Overview)'!L135 -> 79071 | L57: 46317 | M57: =SUM('Monthly Electricity (Overview)'!U135:X135)+'Monthly Electricity (Overview)'!AD135 -> 792669 | N57: ='Monthly Electricity (Overview)'!AA135 -> 290822 | O57: ='Monthly Electricity (Overview)'!Z135 -> 387630 | P57: ='Monthly Electricity (Overview)'!Y135 -> 678452 | Q57: =SUM(B57:P57)-P57 -> 7236994 | R57: =SUM(B57:O57)-L57 -> 7190677
A58: 45717 | B58: =SUM('Monthly Electricity (Overview)'!C136:D136)+SUM('Monthly Electricity (Overview)'!F136:H136)+SUM('Monthly Electricity (Overview)'!O136:Q136) -> 3926483 | C58: ='Monthly Electricity (Overview)'!I136 -> 869960 | D58: ='Monthly Electricity (Overview)'!N136 -> 66365 | E58: ='Monthly Electricity (Overview)'!E136 -> 380900 | F58: ='Monthly Electricity (Overview)'!J136 -> 224600 | G58: ='Monthly Electricity (Overview)'!K136 -> 44236 | I58: ='Monthly Electricity (Overview)'!S136 -> 5290 | J58: ='Monthly Electricity (Overview)'!T136 -> 21570 | K58: ='Monthly Electricity (Overview)'!L136 -> 76787 | L58: 40747 | M58: =SUM('Monthly Electricity (Overview)'!U136:X136)+'Monthly Electricity (Overview)'!AD136 -> 833894 | N58: ='Monthly Electricity (Overview)'!AA136 -> 260659 | O58: ='Monthly Electricity (Overview)'!Z136 -> 377349 | P58: ='Monthly Electricity (Overview)'!Y136 -> 638008 | Q58: =SUM(B58:P58)-P58 -> 7128840 | R58: =SUM(B58:O58)-L58 -> 7088093
A59: 45748 | B59: =SUM('Monthly Electricity (Overview)'!C137:D137)+SUM('Monthly Electricity (Overview)'!F137:H137)+SUM('Monthly Electricity (Overview)'!O137:Q137) -> 4831220 | C59: ='Monthly Electricity (Overview)'!I137 -> 1232583 | D59: ='Monthly Electricity (Overview)'!N137 -> 81173 | E59: ='Monthly Electricity (Overview)'!E137 -> 428000 | F59: ='Monthly Electricity (Overview)'!J137 -> 256600 | G59: ='Monthly Electricity (Overview)'!K137 -> 46949 | I59: ='Monthly Electricity (Overview)'!S137 -> 14747 | J59: ='Monthly Electricity (Overview)'!T137 -> 21570 | K59: ='Monthly Electricity (Overview)'!L137 -> 86079 | L59: 59308 | M59: =SUM('Monthly Electricity (Overview)'!U137:X137)+'Monthly Electricity (Overview)'!AD137 -> 1053361 | N59: ='Monthly Electricity (Overview)'!AA137 -> 347588 | O59: ='Monthly Electricity (Overview)'!Z137 -> 427060 | P59: ='Monthly Electricity (Overview)'!Y137 -> 774648 | Q59: =SUM(B59:P59)-P59 -> 8886238 | R59: =SUM(B59:O59)-L59 -> 8826930
A60: 45778 | B60: =SUM('Monthly Electricity (Overview)'!C138:D138)+SUM('Monthly Electricity (Overview)'!F138:H138)+SUM('Monthly Electricity (Overview)'!O138:Q138) -> 4236902 | C60: ='Monthly Electricity (Overview)'!I138 -> 1887473 | D60: ='Monthly Electricity (Overview)'!N138 -> 145549 | E60: ='Monthly Electricity (Overview)'!E138 -> 398200 | F60: ='Monthly Electricity (Overview)'!J138 -> 234700 | G60: ='Monthly Electricity (Overview)'!K138 -> 57670 | I60: ='Monthly Electricity (Overview)'!S138 -> 35670 | J60: ='Monthly Electricity (Overview)'!T138 -> 22289 | K60: ='Monthly Electricity (Overview)'!L138 -> 128987 | L60: 69996 | M60: =SUM('Monthly Electricity (Overview)'!U138:X138)+'Monthly Electricity (Overview)'!AD138 -> 1376516 | N60: ='Monthly Electricity (Overview)'!AA138 -> 465268 | O60: ='Monthly Electricity (Overview)'!Z138 -> 404853 | P60: ='Monthly Electricity (Overview)'!Y138 -> 870121 | Q60: =SUM(B60:P60)-P60 -> 9464073 | R60: =SUM(B60:O60)-L60 -> 9394077
A61: 45809 | B61: =SUM('Monthly Electricity (Overview)'!C139:D139)+SUM('Monthly Electricity (Overview)'!F139:H139)+SUM('Monthly Electricity (Overview)'!O139:Q139) -> 4515871 | C61: ='Monthly Electricity (Overview)'!I139 -> 2251997 | D61: ='Monthly Electricity (Overview)'!N139 -> 189802 | E61: ='Monthly Electricity (Overview)'!E139 -> 403500 | F61: ='Monthly Electricity (Overview)'!J139 -> 231300 | G61: ='Monthly Electricity (Overview)'!K139 -> 56296 | I61: ='Monthly Electricity (Overview)'!S139 -> 36406 | J61: ='Monthly Electricity (Overview)'!T139 -> 21570 | K61: ='Monthly Electricity (Overview)'!L139 -> 128696 | L61: 80365 | M61: =SUM('Monthly Electricity (Overview)'!U139:X139)+'Monthly Electricity (Overview)'!AD139 -> 1303683 | N61: ='Monthly Electricity (Overview)'!AA139 -> 585012 | O61: ='Monthly Electricity (Overview)'!Z139 -> 375997 | P61: ='Monthly Electricity (Overview)'!Y139 -> 961009 | Q61: =SUM(B61:P61)-P61 -> 10180495 | R61: =SUM(B61:O61)-L61 -> 10100130
A62: 45839 | B62: =SUM('Monthly Electricity (Overview)'!C140:D140)+SUM('Monthly Electricity (Overview)'!F140:H140)+SUM('Monthly Electricity (Overview)'!O140:Q140) -> 4222820 | C62: ='Monthly Electricity (Overview)'!I140 -> 2504159 | D62: ='Monthly Electricity (Overview)'!N140 -> 265504 | E62: ='Monthly Electricity (Overview)'!E140 -> 413100 | F62: ='Monthly Electricity (Overview)'!J140 -> 221700 | G62: ='Monthly Electricity (Overview)'!K140 -> 68672 | H62: ='Monthly Electricity (Overview)'!R140 -> 0 | I62: ='Monthly Electricity (Overview)'!S140 -> 29939 | J62: ='Monthly Electricity (Overview)'!T140 -> 22289 | K62: ='Monthly Electricity (Overview)'!L140 -> 145108 | M62: =SUM('Monthly Electricity (Overview)'!U140:X140)+'Monthly Electricity (Overview)'!AD140 -> 1429657 | N62: ='Monthly Electricity (Overview)'!AA140 -> 617583 | O62: ='Monthly Electricity (Overview)'!Z140 -> 362265 | P62: ='Monthly Electricity (Overview)'!Y140 -> 979848 | Q62: =SUM(B62:P62)-P62 -> 10302796 | R62: =SUM(B62:O62) -> 10302796
A63: 45870 | B63: =SUM('Monthly Electricity (Overview)'!C141:D141)+SUM('Monthly Electricity (Overview)'!F141:H141)+SUM('Monthly Electricity (Overview)'!O141:Q141) -> 4271993 | C63: ='Monthly Electricity (Overview)'!I141 -> 2414329 | D63: ='Monthly Electricity (Overview)'!N141 -> 300733 | E63: ='Monthly Electricity (Overview)'!E141 -> 404500 | F63: ='Monthly Electricity (Overview)'!J141 -> 222500 | G63: ='Monthly Electricity (Overview)'!K141 -> 77608 | H63: ='Monthly Electricity (Overview)'!R141 -> 6228 | I63: ='Monthly Electricity (Overview)'!S141 -> 26544 | J63: ='Monthly Electricity (Overview)'!T141 -> 23886 | K63: ='Monthly Electricity (Overview)'!L141 -> 173834 | M63: =SUM('Monthly Electricity (Overview)'!U141:X141)+'Monthly Electricity (Overview)'!AD141 -> 1277515 | N63: ='Monthly Electricity (Overview)'!AA141 -> 567769 | O63: ='Monthly Electricity (Overview)'!Z141 -> 378878 | P63: ='Monthly Electricity (Overview)'!Y141 -> 946647 | Q63: =SUM(B63:P63)-P63 -> 10146317 | R63: =SUM(B63:O63) -> 10146317
A64: 45901 | B64: =SUM('Monthly Electricity (Overview)'!C142:D142)+SUM('Monthly Electricity (Overview)'!F142:H142)+SUM('Monthly Electricity (Overview)'!O142:Q142) -> 5010518 | C64: ='Monthly Electricity (Overview)'!I142 -> 2405351 | D64: ='Monthly Electricity (Overview)'!N142 -> 268527 | E64: ='Monthly Electricity (Overview)'!E142 -> 440900 | F64: ='Monthly Electricity (Overview)'!J142 -> 243800 | G64: ='Monthly Electricity (Overview)'!K142 -> 66523 | H64: ='Monthly Electricity (Overview)'!R142 -> 17858 | I64: ='Monthly Electricity (Overview)'!S142 -> 35372 | J64: ='Monthly Electricity (Overview)'!T142 -> 35948 | K64: ='Monthly Electricity (Overview)'!L142 -> 142935 | M64: =SUM('Monthly Electricity (Overview)'!U142:X142)+'Monthly Electricity (Overview)'!AD142 -> 1725135 | N64: ='Monthly Electricity (Overview)'!AA142 -> 642697 | O64: ='Monthly Electricity (Overview)'!Z142 -> 437109 | P64: ='Monthly Electricity (Overview)'!Y142 -> 1079806 | Q64: =SUM(B64:P64)-P64 -> 11472673 | R64: =SUM(B64:O64) -> 11472673
A65: 45931 | B65: =SUM('Monthly Electricity (Overview)'!C143:D143)+SUM('Monthly Electricity (Overview)'!F143:H143)+SUM('Monthly Electricity (Overview)'!O143:Q143) -> 4352429 | C65: ='Monthly Electricity (Overview)'!I143 -> 1957753 | D65: ='Monthly Electricity (Overview)'!N143 -> 251737 | E65: ='Monthly Electricity (Overview)'!E143 -> 404500 | F65: ='Monthly Electricity (Overview)'!J143 -> 241000 | G65: ='Monthly Electricity (Overview)'!K143 -> 70315 | H65: ='Monthly Electricity (Overview)'!R143 -> 17675 | I65: ='Monthly Electricity (Overview)'!S143 -> 34877 | J65: ='Monthly Electricity (Overview)'!T143 -> 54788 | K65: ='Monthly Electricity (Overview)'!L143 -> 143945 | M65: =SUM('Monthly Electricity (Overview)'!U143:X143)+'Monthly Electricity (Overview)'!AD143 -> 1520582 | N65: ='Monthly Electricity (Overview)'!AA143 -> 468333 | O65: ='Monthly Electricity (Overview)'!Z143 -> 417169 | Q65: =SUM(B65:P65)-P65 -> 9935103 | R65: =SUM(B65:O65) -> 9935103
A66: 45962 | B66: =SUM('Monthly Electricity (Overview)'!C144:D144)+SUM('Monthly Electricity (Overview)'!F144:H144)+SUM('Monthly Electricity (Overview)'!O144:Q144) -> 4486307 | C66: ='Monthly Electricity (Overview)'!I144 -> 1020447 | D66: ='Monthly Electricity (Overview)'!N144 -> 105031 | E66: ='Monthly Electricity (Overview)'!E144 -> 388197 | F66: ='Monthly Electricity (Overview)'!J144 -> 236053 | G66: ='Monthly Electricity (Overview)'!K144 -> 50979 | H66: ='Monthly Electricity (Overview)'!R144 -> 18927 | I66: ='Monthly Electricity (Overview)'!S144 -> 27839 | J66: ='Monthly Electricity (Overview)'!T144 -> 44844 | K66: ='Monthly Electricity (Overview)'!L144 -> 85990 | M66: =SUM('Monthly Electricity (Overview)'!U144:X144)+'Monthly Electricity (Overview)'!AD144 -> 945470 | N66: ='Monthly Electricity (Overview)'!AA144 -> 243279 | O66: ='Monthly Electricity (Overview)'!Z144 -> 402881 | Q66: =SUM(B66:P66)-P66 -> 8056244 | R66: =SUM(B66:O66) -> 8056244
A67: 45992 | B67: =SUM('Monthly Electricity (Overview)'!C145:D145)+SUM('Monthly Electricity (Overview)'!F145:H145)+SUM('Monthly Electricity (Overview)'!O145:Q145) -> 4779642 | C67: ='Monthly Electricity (Overview)'!I145 -> 842964 | D67: ='Monthly Electricity (Overview)'!N145 -> 63573 | E67: ='Monthly Electricity (Overview)'!E145 -> 414803 | F67: ='Monthly Electricity (Overview)'!J145 -> 253147 | G67: ='Monthly Electricity (Overview)'!K145 -> 43259 | H67: ='Monthly Electricity (Overview)'!R145 -> 22453 | I67: ='Monthly Electricity (Overview)'!S145 -> 30350 | J67: ='Monthly Electricity (Overview)'!T145 -> 45023 | K67: ='Monthly Electricity (Overview)'!L145 -> 81529 | M67: =SUM('Monthly Electricity (Overview)'!U145:X145)+'Monthly Electricity (Overview)'!AD145 -> 903591 | N67: ='Monthly Electricity (Overview)'!AA145 -> 237910 | O67: ='Monthly Electricity (Overview)'!Z145 -> 388825 | Q67: =SUM(B67:P67)-P67 -> 8107069 | R67: =SUM(B67:O67) -> 8107069
A68: 46023 | B68: =SUM('Monthly Electricity (Overview)'!C146:D146)+SUM('Monthly Electricity (Overview)'!F146:H146)+SUM('Monthly Electricity (Overview)'!O146:Q146) -> 4420313 | C68: ='Monthly Electricity (Overview)'!I146 -> 620519 | D68: ='Monthly Electricity (Overview)'!N146 -> 56618 | E68: ='Monthly Electricity (Overview)'!E146 -> 418200 | F68: ='Monthly Electricity (Overview)'!J146 -> 239400 | G68: ='Monthly Electricity (Overview)'!K146 -> 56131 | H68: ='Monthly Electricity (Overview)'!R146 -> 24808 | I68: ='Monthly Electricity (Overview)'!S146 -> 16871 | J68: ='Monthly Electricity (Overview)'!T146 -> 38524 | K68: ='Monthly Electricity (Overview)'!L146 -> 102592 | M68: =SUM('Monthly Electricity (Overview)'!U146:X146)+'Monthly Electricity (Overview)'!AD146 -> 731428 | N68: ='Monthly Electricity (Overview)'!AA146 -> 281582 | O68: ='Monthly Electricity (Overview)'!Z146 -> 338985 | Q68: =SUM(B68:P68)-P68 -> 7345971 | R68: =SUM(B68:O68) -> 7345971
A69: 46054
A70: 46082
A71: 46113
A72: 46143
A73: 46174

Sheet Yearly Electricity (Overview)
A1: Date | B1: CLP + TKO | C1: CLP Total | D1: Main Academic Buildings & Other Public Facilities | E1: EC | F1: CYT | G1: Shaw Auditorium | H1: APCF (R/F Zone L) | I1: New Data Centre (2/F Zone L) | J1: Main Chiller Plant | K1: LSKBB | L1: IAS | M1: Conference Lodge | N1: LSK Hostel | O1: LSK Chiller Plant | P1: WWT | Q1: Water Sport Centre | R1: SISC | S1: HPC6 | T1: RB2 | U1: IB | V1: SRD (UG10-13) | W1: TA-B | X1: GGT | Y1: Student Housing | Z1: Staff Quarters & Commercial Outlets | AA1: Commercial Outlets | AB1: Staff Quarters | AC1: Combined Chiller Plants | AE1: TKO JC Hall | AF1: EC 3/F Data Centre (Elect) | AG1: EC 3/F Data Centre (Chiller kWhe) | AH1: SRD (Chiller kWhe) | AI1: IB (Chiller kWhe) | AJ1: BMW EV Charger kWh (LG7 & WWT) | AK1: Corner Stone EV Charger kWh
A2: 2014/15 | B2: =C2+AE2 -> 93067207 | C2: =SUM('Monthly Electricity (Overview)'!B8:B19) -> 93067207 | D2: =SUM('Monthly Electricity (Overview)'!C8:C19) -> 48161326 | E2: =SUM('Monthly Electricity (Overview)'!D8:D19) -> 2701602 | F2: =SUM('Monthly Electricity (Overview)'!E8:E19) -> 1645614 | G2: =SUM('Monthly Electricity (Overview)'!F8:F19) -> 0 | H2: =SUM('Monthly Electricity (Overview)'!G8:G19) -> 0 | I2: =SUM('Monthly Electricity (Overview)'!H8:H19) -> 0 | J2: =SUM('Monthly Electricity (Overview)'!I8:I19) -> 18602394 | ... L2: =SUM('Monthly Electricity (Overview)'!K8:K19) -> 729539 | N2: =SUM('Monthly Electricity (Overview)'!M8:M19) -> 0 | O2: =SUM('Monthly Electricity (Overview)'!N8:N19) -> 1914636 | P2: =SUM('Monthly Electricity (Overview)'!O8:O19) -> 972626 | Y2: =SUM('Monthly Electricity (Overview)'!X8:X19) -> 7303751 | Z2: =SUM('Monthly Electricity (Overview)'!Y8:Y19) -> 8079586 | AA2: =SUM('Monthly Electricity (Overview)'!Z8:Z19) -> 3418093 | AB2: =SUM('Monthly Electricity (Overview)'!AA8:AA19) -> 4661493 | AC2: =SUM('Monthly Electricity (Overview)'!AB8:AB19) -> 20517030
A3: 2015/16 | B3: =C3+AE3 -> 95800070 | C3: =SUM('Monthly Electricity (Overview)'!B20:B31) -> 95800070 | D3: =SUM('Monthly Electricity (Overview)'!C20:C31) -> 47058849 | E3: =SUM('Monthly Electricity (Overview)'!D20:D31) -> 2839774 | F3: =SUM('Monthly Electricity (Overview)'!E20:E31) -> 3645309 | G3: =SUM('Monthly Electricity (Overview)'!F20:F31) -> 0 | H3: =SUM('Monthly Electricity (Overview)'!G20:G31) -> 0 | I3: =SUM('Monthly Electricity (Overview)'!H20:H31) -> 0 | J3: =SUM('Monthly Electricity (Overview)'!I20:I31) -> 18857102 | ... P3: =SUM('Monthly Electricity (Overview)'!O20:O31) -> 933203 | Y3: =SUM('Monthly Electricity (Overview)'!X20:X31) -> 7301731 | Z3: =SUM('Monthly Electricity (Overview)'!Y20:Y31) -> 7994907 | AA3: =SUM('Monthly Electricity (Overview)'!Z20:Z31) -> 3558064 | AB3: =SUM('Monthly Electricity (Overview)'!AA20:AA31) -> 4436843 | AC3: =SUM('Monthly Electricity (Overview)'!AB20:AB31) -> 20726318
A4: 2016/17 | B4: =C4+AE4 -> 94486358 | C4: =SUM('Monthly Electricity (Overview)'!B32:B43) -> 94486358 | D4: =SUM('Monthly Electricity (Overview)'!C32:C43) -> 45199112 | E4: =SUM('Monthly Electricity (Overview)'!D32:D43) -> 2881438 | F4: =SUM('Monthly Electricity (Overview)'!E32:E43) -> 5024245 | G4: =SUM('Monthly Electricity (Overview)'!F32:F43) -> 0 | H4: =SUM('Monthly Electricity (Overview)'!G32:G43) -> 0 | I4: =SUM('Monthly Electricity (Overview)'!H32:H43) -> 0 | J4: =SUM('Monthly Electricity (Overview)'!I32:I43) -> 18781525 | ... P4: =SUM('Monthly Electricity (Overview)'!O32:O43) -> 804157 | Y4: =SUM('Monthly Electricity (Overview)'!X32:X43) -> 7205395 | Z4: =SUM('Monthly Electricity (Overview)'!Y32:Y43) -> 7096181 | AA4: =SUM('Monthly Electricity (Overview)'!Z32:Z43) -> 3657075 | AB4: =SUM('Monthly Electricity (Overview)'!AA32:AA43) -> 3439106 | AC4: =SUM('Monthly Electricity (Overview)'!AB32:AB43) -> 20654704
A5: 2017/18 | B5: =C5+AE5 -> 93414359 | C5: =SUM('Monthly Electricity (Overview)'!B44:B55) -> 92966450 | D5: =SUM('Monthly Electricity (Overview)'!C44:C55) -> 43151332 | E5: =SUM('Monthly Electricity (Overview)'!D44:D55) -> 3000072 | F5: =SUM('Monthly Electricity (Overview)'!E44:E55) -> 5355531 | G5: =SUM('Monthly Electricity (Overview)'!F44:F55) -> 0 | H5: =SUM('Monthly Electricity (Overview)'!G44:G55) -> 0 | I5: =SUM('Monthly Electricity (Overview)'!H44:H55) -> 0 | J5: =SUM('Monthly Electricity (Overview)'!I44:I55) -> 18692394 | ... P5: =SUM('Monthly Electricity (Overview)'!O44:O55) -> 492045 | R5: =SUM('Monthly Electricity (Overview)'!Q44:Q55) -> 24719 | Y5: =SUM('Monthly Electricity (Overview)'!X44:X55) -> 7058212 | Z5: =SUM('Monthly Electricity (Overview)'!Y44:Y55) -> 7273180 | AA5: =SUM('Monthly Electricity (Overview)'!Z44:Z55) -> 3272833 | AB5: =SUM('Monthly Electricity (Overview)'!AA44:AA55) -> 4000347 | AC5: =SUM('Monthly Electricity (Overview)'!AB44:AB55) -> 20661051 | AE5: =SUM('Monthly Electricity (Overview)'!AD44:AD55) -> 447909
A6: 2018/19 | B6: =C6+AE6 -> 91176940 | C6: =SUM('Monthly Electricity (Overview)'!B56:B67) -> 90186094 | D6: =SUM('Monthly Electricity (Overview)'!C56:C67) -> 42370472 | E6: =SUM('Monthly Electricity (Overview)'!D56:D67) -> 2705577 | F6: =SUM('Monthly Electricity (Overview)'!E56:E67) -> 5130335 | G6: =SUM('Monthly Electricity (Overview)'!F56:F67) -> 0 | H6: =SUM('Monthly Electricity (Overview)'!G56:G67) -> 0 | I6: =SUM('Monthly Electricity (Overview)'!H56:H67) -> 0 | J6: =SUM('Monthly Electricity (Overview)'!I56:I67) -> 17377146 | ... P6: =SUM('Monthly Electricity (Overview)'!O56:O67) -> 385477 | R6: =SUM('Monthly Electricity (Overview)'!Q56:Q67) -> 623747 | Y6: =SUM('Monthly Electricity (Overview)'!X56:X67) -> 6477491 | Z6: =SUM('Monthly Electricity (Overview)'!Y56:Y67) -> 7794955 | AA6: =SUM('Monthly Electricity (Overview)'!Z56:Z67) -> 3855492 | AB6: =SUM('Monthly Electricity (Overview)'!AA56:AA67) -> 3939463 | AC6: =SUM('Monthly Electricity (Overview)'!AB56:AB67) -> 19159192 | AE6: =SUM('Monthly Electricity (Overview)'!AD56:AD67) -> 990846
A7: 2019/20 | B7: =C7+AE7 -> 88300941 | C7: =SUM('Monthly Electricity (Overview)'!B68:B79) -> 87353244 | D7: =SUM('Monthly Electricity (Overview)'!C68:C79) -> 39536319 | E7: =SUM('Monthly Electricity (Overview)'!D68:D79) -> 2673238 | F7: =SUM('Monthly Electricity (Overview)'!E68:E79) -> 4687192 | G7: =SUM('Monthly Electricity (Overview)'!F68:F79) -> 0 | H7: =SUM('Monthly Electricity (Overview)'!G68:G79) -> 1507305.8 | I7: =SUM('Monthly Electricity (Overview)'!H68:H79) -> 742216 | J7: =SUM('Monthly Electricity (Overview)'!I68:I79) -> 16675613 | ... P7: =SUM('Monthly Electricity (Overview)'!O68:O79) -> 601555 | R7: =SUM('Monthly Electricity (Overview)'!Q68:Q79) -> 720089 | Y7: =SUM('Monthly Electricity (Overview)'!X68:X79) -> 5611932 | Z7: =SUM('Monthly Electricity (Overview)'!Y68:Y79) -> 8033495 | AA7: =SUM('Monthly Electricity (Overview)'!Z68:Z79) -> 3325556 | AB7: =SUM('Monthly Electricity (Overview)'!AA68:AA79) -> 4707939 | AC7: =SUM('Monthly Electricity (Overview)'!AB68:AB79) -> 18409899 | AE7: =SUM('Monthly Electricity (Overview)'!AD68:AD79) -> 947697
A8: 2020/21 | B8: =C8+AE8 -> 89389542 | C8: =SUM('Monthly Electricity (Overview)'!B80:B91) -> 88318175 | D8: =SUM('Monthly Electricity (Overview)'!C80:C91) -> 40213439 | E8: =SUM('Monthly Electricity (Overview)'!D80:D91) -> 2443488 | F8: =SUM('Monthly Electricity (Overview)'!E80:E91) -> 4563321 | G8: =SUM('Monthly Electricity (Overview)'!F80:F91) -> 0 | H8: =SUM('Monthly Electricity (Overview)'!G80:G91) -> 1333380.6 | I8: =SUM('Monthly Electricity (Overview)'!H80:H91) -> 1886769 | J8: =SUM('Monthly Electricity (Overview)'!I80:I91) -> 16098299 | ... R8: =SUM('Monthly Electricity (Overview)'!Q80:Q91) -> 652466 | X8: =SUM('Monthly Electricity (Overview)'!W80:W91) -> 1107632 | Y8: =SUM('Monthly Electricity (Overview)'!X80:X91) -> 5056989 | Z8: =SUM('Monthly Electricity (Overview)'!Y80:Y91) -> 8194476 | AA8: =SUM('Monthly Electricity (Overview)'!Z80:Z91) -> 3263145 | AB8: =SUM('Monthly Electricity (Overview)'!AA80:AA91) -> 4931331 | AC8: =SUM('Monthly Electricity (Overview)'!AB80:AB91) -> 17829566 | AE8: =SUM('Monthly Electricity (Overview)'!AD80:AD91) -> 1071367
A9: 2021/22 | B9: =C9+AE9 -> 90520156 | C9: =SUM('Monthly Electricity (Overview)'!B92:B103) -> 89692408 | D9: =SUM('Monthly Electricity (Overview)'!C92:C103) -> 39795151 | E9: =SUM('Monthly Electricity (Overview)'!D92:D103) -> 2349802 | F9: =SUM('Monthly Electricity (Overview)'!E92:E103) -> 4504535 | G9: =SUM('Monthly Electricity (Overview)'!F92:F103) -> 437594 | H9: =SUM('Monthly Electricity (Overview)'!G92:G103) -> 1367074 | I9: =SUM('Monthly Electricity (Overview)'!H92:H103) -> 2686072.1 | J9: =SUM('Monthly Electricity (Overview)'!I92:I103) -> 16113173 | ... R9: =SUM('Monthly Electricity (Overview)'!Q92:Q103) -> 669988 | X9: =SUM('Monthly Electricity (Overview)'!W92:W103) -> 1651414 | Y9: =SUM('Monthly Electricity (Overview)'!X92:X103) -> 5555272 | Z9: =SUM('Monthly Electricity (Overview)'!Y92:Y103) -> 8133474 | AA9: =SUM('Monthly Electricity (Overview)'!Z92:Z103) -> 3480083 | AB9: =SUM('Monthly Electricity (Overview)'!AA92:AA103) -> 4653391 | AC9: =SUM('Monthly Electricity (Overview)'!AB92:AB103) -> 17720076 | AE9: =SUM('Monthly Electricity (Overview)'!AD92:AD103) -> 827748
A10: 2022/23 | B10: =C10+AE10 -> 95015051 | C10: =SUM('Monthly Electricity (Overview)'!B104:B115) -> 93932338 | D10: =SUM('Monthly Electricity (Overview)'!C104:C115) -> 38978952 | E10: =SUM('Monthly Electricity (Overview)'!D104:D115) -> 2481890 | F10: =SUM('Monthly Electricity (Overview)'!E104:E115) -> 4412027 | G10: =SUM('Monthly Electricity (Overview)'!F104:F115) -> 796040 | H10: =SUM('Monthly Electricity (Overview)'!G104:G115) -> 1854271 | I10: =SUM('Monthly Electricity (Overview)'!H104:H115) -> 3420242.3 | J10: =SUM('Monthly Electricity (Overview)'!I104:I115) -> 16935747 | ... R10: =SUM('Monthly Electricity (Overview)'!Q104:Q115) -> 725877 | W10: =SUM('Monthly Electricity (Overview)'!V104:V115) -> 1083158 | X10: =SUM('Monthly Electricity (Overview)'!W104:W115) -> 1713010 | Y10: =SUM('Monthly Electricity (Overview)'!X104:X115) -> 6159096 | Z10: =SUM('Monthly Electricity (Overview)'!Y104:Y115) -> 8644016 | AA10: =SUM('Monthly Electricity (Overview)'!Z104:Z115) -> 4058505 | AB10: =SUM('Monthly Electricity (Overview)'!AA104:AA115) -> 4585511 | AC10: =SUM('Monthly Electricity (Overview)'!AB104:AB115) -> 18568307 | AE10: =SUM('Monthly Electricity (Overview)'!AD104:AD115) -> 1082713
A11: 2023/24 | B11: =C11+AE11 -> 97804523 | C11: =SUM('Monthly Electricity (Overview)'!B116:B127) -> 96709341 | D11: =SUM('Monthly Electricity (Overview)'!C116:C127) -> 36936835 | E11: =SUM('Monthly Electricity (Overview)'!D116:D127) -> 2513300 | F11: =SUM('Monthly Electricity (Overview)'!E116:E127) -> 4746630 | G11: =SUM('Monthly Electricity (Overview)'!F116:F127) -> 733310 | H11: =SUM('Monthly Electricity (Overview)'!G116:G127) -> 1603096 | I11: =SUM('Monthly Electricity (Overview)'!H116:H127) -> 3962058 | J11: =SUM('Monthly Electricity (Overview)'!I116:I127) -> 17672272 | ... R11: =SUM('Monthly Electricity (Overview)'!Q116:Q127) -> 642018 | T11: =SUM('Monthly Electricity (Overview)'!S116:S127) -> 35983 | V11: =SUM('Monthly Electricity (Overview)'!U116:U127) -> 513261 | W11: =SUM('Monthly Electricity (Overview)'!V116:V127) -> 3037600 | X11: =SUM('Monthly Electricity (Overview)'!W116:W127) -> 1703030 | Y11: =SUM('Monthly Electricity (Overview)'!X116:X127) -> 6604565 | Z11: =SUM('Monthly Electricity (Overview)'!Y116:Y127) -> 9182416 | AA11: =SUM('Monthly Electricity (Overview)'!Z116:Z127) -> 4291088 | AB11: =SUM('Monthly Electricity (Overview)'!AA116:AA127) -> 4891328 | AC11: =SUM('Monthly Electricity (Overview)'!AB116:AB127) -> 19169968 | AE11: =SUM('Monthly Electricity (Overview)'!AD116:AD127) -> 1095182 | AJ11: =SUM('Monthly Electricity (Overview)'!AI116:AI127) -> 39049 | AK11: =SUM('Monthly Electricity (Overview)'!AJ116:AJ127) -> 318
A12: 2024/25 | B12: =C12+AE12 -> 104419599 | C12: =SUM('Monthly Electricity (Overview)'!B128:B139) -> 103383996 | D12: =SUM('Monthly Electricity (Overview)'!C128:C139) -> 38172904 | E12: =SUM('Monthly Electricity (Overview)'!D128:D139) -> 5364304 | F12: =SUM('Monthly Electricity (Overview)'!E128:E139) -> 4931340 | G12: =SUM('Monthly Electricity (Overview)'!F128:F139) -> 696930 | H12: =SUM('Monthly Electricity (Overview)'!G128:G139) -> 1761536 | I12: =SUM('Monthly Electricity (Overview)'!H128:H139) -> 4139929 | J12: =SUM('Monthly Electricity (Overview)'!I128:I139) -> 17987598 | ... R12: =SUM('Monthly Electricity (Overview)'!Q128:Q139) -> 660039 | T12: =SUM('Monthly Electricity (Overview)'!S128:S139) -> 179825 | U12: =SUM('Monthly Electricity (Overview)'!T128:T139) -> 191396 | V12: =SUM('Monthly Electricity (Overview)'!U128:U139) -> 906282 | W12: =SUM('Monthly Electricity (Overview)'!V128:V139) -> 3169300 | X12: =SUM('Monthly Electricity (Overview)'!W128:W139) -> 1736460 | Y12: =SUM('Monthly Electricity (Overview)'!X128:X139) -> 6819493 | Z12: =SUM('Monthly Electricity (Overview)'!Y128:Y139) -> 9816543 | AA12: =SUM('Monthly Electricity (Overview)'!Z128:Z139) -> 4697943 | ... AC12: =SUM('Monthly Electricity (Overview)'!AB128:AB139) -> 19332074 | AE12: =SUM('Monthly Electricity (Overview)'!AD128:AD139) -> 1035603 | AF12: =SUM('Monthly Electricity (Overview)'!AE128:AE139) -> 2473501 | AG12: =SUM('Monthly Electricity (Overview)'!AF128:AF139) -> 47610 | AJ12: =SUM('Monthly Electricity (Overview)'!AI128:AI139) -> 130037 | AK12: =SUM('Monthly Electricity (Overview)'!AJ128:AJ139) -> 239027
A13: 2025/26 | B13: =C13+AE13 -> 65366173 | C13: =SUM('Monthly Electricity (Overview)'!B140:B151) -> 64707714 | D13: =SUM('Monthly Electricity (Overview)'!C140:C151) -> 23013197 | E13: =SUM('Monthly Electricity (Overview)'!D140:D151) -> 3689935 | F13: =SUM('Monthly Electricity (Overview)'!E140:E151) -> 2884200 | G13: =SUM('Monthly Electricity (Overview)'!F140:F151) -> 541000 | H13: =SUM('Monthly Electricity (Overview)'!G140:G151) -> 959413 | I13: =SUM('Monthly Electricity (Overview)'!H140:H151) -> 2484219 | J13: =SUM('Monthly Electricity (Overview)'!I140:I151) -> 11765522 | ... AC13: =SUM('Monthly Electricity (Overview)'!AB140:AB151) -> 13077245 | AE13: =SUM('Monthly Electricity (Overview)'!AD140:AD151) -> 658459 | AF13: =SUM('Monthly Electricity (Overview)'!AE140:AE151) -> 2273501 | AG13: =SUM('Monthly Electricity (Overview)'!AF140:AF151) -> 43761 | AH13: =SUM('Monthly Electricity (Overview)'!AG140:AG151) -> 218496 | AI13: =SUM('Monthly Electricity (Overview)'!AH140:AH151) -> 81014 | AJ13: =SUM('Monthly Electricity (Overview)'!AI140:AI151) -> 120650 | AK13: =SUM('Monthly Electricity (Overview)'!AJ140:AJ151) -> 226889

Sheet Yearly Electricity Reformatted
A1: Period | B1: Main Academic Buildings and Others | C1: Main Chiller Plant | D1: LSK Chiller Plant | E1: Cheng Yu Tung Building | F1: LSK Building | G1: IAS Building | H1: HPC 6 | I1: Research Building 2 | J1: Innovation Building | K1: Conference Lodge | L1: Staff Quarter Common Area | M1: Student Housing | N1: Staff Quarters | O1: Commercial Outlets | P1: Staff Quarters & Commercial Outlet (Total) | Q1: Whole Campus (including staff quarter common area) | R1: Whole Campus (excluding staff quarter common area)
A2: 2013/14 | B2: 66537464 | F2: 5319031 | L2: 1541135 | M2: 7622248 | P2: 8266497 | Q2: =SUM(B2:P2) -> 89286375 | R2: =Q2-L2 -> 87745240
A3: 2014/15 | B3: 67393898 | F3: 5600308 | L3: 1858865 | M3: 9972879 | N3: =SUM('Monthly Electricity (Overview)'!AA8:AA19) -> 4661493 | O3: =SUM('Monthly Electricity (Overview)'!Z8:Z19) -> 3418093 | P3: 8079586 | Q3: =SUM(B3:O3) -> 92905536 | R3: =Q3-L3 -> 91046671
A4: 2015/16 | B4: 49463702 | C4: 16770100 | D4: 1700914 | E4: 3645309 | F4: 3131115 | G4: 2552993 | K4: 1485087 | L4: 1698200 | M4: 7357743 | N4: =SUM('Monthly Electricity (Overview)'!AA20:AA31) -> 4436843 | O4: =SUM('Monthly Electricity (Overview)'!Z20:Z31) -> 3558064 | P4: 7994907 | Q4: =SUM(B4:O4) -> 95800070 | R4: =Q4-L4 -> 94101870
A5: 2016/17 | B5: 48006917 | C5: 16665790 | D5: 1730081 | E5: 5024155 | F5: 3213275 | G5: 2598423 | K5: 1687180 | L5: 1234776 | M5: 7229580 | N5: =SUM('Monthly Electricity (Overview)'!AA32:AA43) -> 3439106 | O5: =SUM('Monthly Electricity (Overview)'!Z32:Z43) -> 3657075 | P5: 7096181 | Q5: =SUM(B5:O5) -> 94486358 | R5: =Q5-L5 -> 93251582
A6: 2017/18 | B6: 45714514 | C6: 16384824 | D6: 1804895 | E6: 5097362 | F6: 3326876 | G6: 2668682 | K6: 1903435 | L6: 2016215 | M6: 6776467 | N6: =SUM('Monthly Electricity (Overview)'!AA44:AA55) -> 4000347 | O6: =SUM('Monthly Electricity (Overview)'!Z44:Z55) -> 3272833 | P6: 7273180 | Q6: =SUM(B6:O6) -> 92966450 | R6: =Q6-L6 -> 90950235
A7: 2018/19 | B7: 45233408 | C7: 17377146 | D7: 1782046 | E7: 5130335 | F7: 3145915 | G7: 681596 | K7: 1649404 | L7: 913798 | M7: 6477491 | N7: =SUM('Monthly Electricity (Overview)'!AA56:AA67) -> 3939463 | O7: =SUM('Monthly Electricity (Overview)'!Z56:Z67) -> 3855492 | P7: 7794955 | Q7: =SUM(B7:O7) -> 90186094 | R7: =Q7-L7 -> 89272296
A8: 2019/20 | B8: 47175537 | C8: 14469480 | D8: 1734286 | E8: 4687192 | F8: 2809718 | G8: 645509 | K8: 1315160 | L8: 870935 | M8: 5611932 | N8: =SUM('Monthly Electricity (Overview)'!AA68:AA79) -> 4707939 | O8: =SUM('Monthly Electricity (Overview)'!Z68:Z79) -> 3325556 | P8: 8033495 | Q8: =SUM(B8:O8) -> 87353244 | R8: =Q8-L8 -> 86482309
A9: 2020/21 | B9: =SUM('Monthly Electricity Reformatted'!B2:B13) -> 47127781 | C9: =SUM('Monthly Electricity Reformatted'!C2:C13) -> 16098299 | D9: =SUM('Monthly Electricity Reformatted'!D2:D13) -> 1731267 | E9: =SUM('Monthly Electricity Reformatted'!E2:E13) -> 4563321 | F9: =SUM('Monthly Electricity Reformatted'!F2:F13) -> 2719509 | G9: =SUM('Monthly Electricity Reformatted'!G2:G13) -> 706462 | K9: =SUM('Monthly Electricity Reformatted'!K2:K13) -> 1012439 | L9: =SUM('Monthly Electricity Reformatted'!L2:L13) -> 915556 | M9: =SUM('Monthly Electricity Reformatted'!M2:M13) -> 7235988 | N9: =SUM('Monthly Electricity Reformatted'!N2:N13) -> 4931331 | O9: =SUM('Monthly Electricity Reformatted'!O2:O13) -> 3263145 | P9: =SUM('Monthly Electricity Reformatted'!P2:P13) -> 8194476 | Q9: =SUM(B9:O9) -> 90305098 | R9: =Q9-L9 -> 89389542
A10: 2021/22 | B10: =SUM('Monthly Electricity Reformatted'!B14:B25) -> 47800293 | C10: =SUM('Monthly Electricity Reformatted'!C14:C25) -> 16113173 | D10: =SUM('Monthly Electricity Reformatted'!D14:D25) -> 1606903 | E10: =SUM('Monthly Electricity Reformatted'!E14:E25) -> 4504535 | F10: =SUM('Monthly Electricity Reformatted'!F14:F25) -> 2688466 | G10: =SUM('Monthly Electricity Reformatted'!G14:G25) -> 625243 | K10: =SUM('Monthly Electricity Reformatted'!K14:K25) -> 1013635 | L10: =SUM('Monthly Electricity Reformatted'!L14:L25) -> 876124 | M10: =SUM('Monthly Electricity Reformatted'!M14:M25) -> 8034434 | N10: =SUM('Monthly Electricity Reformatted'!N14:N25) -> 4653391 | O10: =SUM('Monthly Electricity Reformatted'!O14:O25) -> 3480083 | P10: =SUM('Monthly Electricity Reformatted'!P14:P25) -> 8133474 | Q10: =SUM(B10:O10) -> 91396280 | R10: =SUM('Monthly Electricity Reformatted'!R14:R25) -> 90520156
A11: 2022/23 | B11: =SUM('Monthly Electricity Reformatted'!B26:B37) -> 48777120 | C11: =SUM('Monthly Electricity Reformatted'!C26:C37) -> 16935747 | D11: =SUM('Monthly Electricity Reformatted'!D26:D37) -> 1632560 | E11: =SUM('Monthly Electricity Reformatted'!E26:E37) -> 4412027 | F11: =SUM('Monthly Electricity Reformatted'!F26:F37) -> 2699255 | G11: =SUM('Monthly Electricity Reformatted'!G26:G37) -> 654339 | K11: =SUM('Monthly Electricity Reformatted'!K26:K37) -> 1222009 | L11: =SUM('Monthly Electricity Reformatted'!L26:L37) -> 861699 | M11: =SUM('Monthly Electricity Reformatted'!M26:M37) -> 10037977 | N11: =SUM('Monthly Electricity Reformatted'!N26:N37) -> 4585511 | O11: =SUM('Monthly Electricity Reformatted'!O26:O37) -> 4058505 | P11: =SUM('Monthly Electricity Reformatted'!P26:P37) -> 8644016 | Q11: =SUM(B11:O11) -> 95876749 | R11: =SUM('Monthly Electricity Reformatted'!R26:R37) -> 95015050
A12: 2023/24 | B12: =SUM('Monthly Electricity Reformatted'!B38:B49) -> 46952373 | C12: =SUM('Monthly Electricity Reformatted'!C38:C49) -> 17672272 | D12: =SUM('Monthly Electricity Reformatted'!D38:D49) -> 1497696 | E12: =SUM('Monthly Electricity Reformatted'!E38:E49) -> 4746630 | F12: =SUM('Monthly Electricity Reformatted'!F38:F49) -> 2713600 | G12: =SUM('Monthly Electricity Reformatted'!G38:G49) -> 588506 | I12: =SUM('Monthly Electricity Reformatted'!I38:I49) -> 35983 | K12: =SUM('Monthly Electricity Reformatted'!K38:K49) -> 1461410 | L12: =SUM('Monthly Electricity Reformatted'!L38:L49) -> 909181 | M12: =SUM('Monthly Electricity Reformatted'!M38:M49) -> 12953638 | N12: =SUM('Monthly Electricity Reformatted'!N38:N49) -> 4891328 | O12: =SUM('Monthly Electricity Reformatted'!O38:O49) -> 4291088 | P12: =SUM('Monthly Electricity Reformatted'!P38:P49) -> 9182416 | Q12: =SUM(B12:O12) -> 98713705 | R12: =SUM('Monthly Electricity Reformatted'!R38:R49) -> 97804524
A13: 2024/25 | B13: =SUM('Monthly Electricity Reformatted'!B50:B61) -> 51413032 | C13: =SUM('Monthly Electricity Reformatted'!C50:C61) -> 17987598 | D13: =SUM('Monthly Electricity Reformatted'!D50:D61) -> 1344476 | E13: =SUM('Monthly Electricity Reformatted'!E50:E61) -> 4931340 | F13: =SUM('Monthly Electricity Reformatted'!F50:F61) -> 2904600 | G13: =SUM('Monthly Electricity Reformatted'!G50:G61) -> 597167 | I13: =SUM('Monthly Electricity Reformatted'!I50:I61) -> 179825 | J13: =SUM('Monthly Electricity Reformatted'!J50:J61) -> 191396 | K13: =SUM('Monthly Electricity Reformatted'!K50:K61) -> 1386485 | L13: =SUM('Monthly Electricity Reformatted'!L50:L61) -> 818470 | M13: =SUM('Monthly Electricity Reformatted'!M50:M61) -> 13667138 | N13: =SUM('Monthly Electricity Reformatted'!N50:N61) -> 5118600 | O13: =SUM('Monthly Electricity Reformatted'!O50:O61) -> 4697943 | P13: =SUM('Monthly Electricity Reformatted'!P50:P61) -> 9816543 | Q13: =SUM(B13:O13) -> 105238070 | R13: =SUM('Monthly Electricity Reformatted'!R50:R61) -> 104419600
A14: 2025/26 | B14: =SUM('Monthly Electricity Reformatted'!B62:B73) -> 31544022 | C14: =SUM('Monthly Electricity Reformatted'!C62:C73) -> 11765522 | D14: =SUM('Monthly Electricity Reformatted'!D62:D73) -> 1311723 | E14: =SUM('Monthly Electricity Reformatted'!E62:E73) -> 2884200 | F14: =SUM('Monthly Electricity Reformatted'!F62:F73) -> 1657600 | G14: =SUM('Monthly Electricity Reformatted'!G62:G73) -> 433487 | H14: =SUM('Monthly Electricity Reformatted'!H62:H73) -> 107949 | I14: =SUM('Monthly Electricity Reformatted'!I62:I73) -> 201792 | ... R14: =SUM('Monthly Electricity Reformatted'!R62:R73) -> 65366173
A20: % total elec | B20: =B13/$Q$13 -> 0.48854024 | C20: =C13/$Q$13 -> 0.17092292 | D20: =D13/$Q$13 -> 0.012775567 | E20: =E13/$Q$13 -> 0.046858898 | F20: =F13/$Q$13 -> 0.027600278 | G20: =G13/$Q$13 -> 0.0056744389 | J20: =J13/$Q$13 -> 0.0018186955 | K20: =K13/$Q$13 -> 0.013174748 | L20: =L13/$Q$13 -> 0.0077773186 | M20: =M13/$Q$13 -> 0.12986876 | N20: =P13/$Q$13 -> 0.09327939
A21: % of scope 2 | B21: =B20*'Scope 2'!$N$8 -> 0.48572785 | C21: =C20*'Scope 2'!$N$8 -> 0.16993896 | D21: =D20*'Scope 2'!$N$8 -> 0.012702022 | E21: =E20*'Scope 2'!$N$8 -> 0.046589145 | F21: =F20*'Scope 2'!$N$8 -> 0.027441391 | G21: =G20*'Scope 2'!$N$8 -> 0.0056417728 | J21: =J20*'Scope 2'!$N$8 -> 0.0018082257 | K21: =K20*'Scope 2'!$N$8 -> 0.013098904 | L21: =L20*'Scope 2'!$N$8 -> 0.0077325468 | M21: =M20*'Scope 2'!$N$8 -> 0.12912115 | N21: =N20*'Scope 2'!$N$8 -> 0.092742407

Sheet Monthly Electricity (CHECK)
A1: Period | B1: Main Academic Buildings and Others | C1: Main Academic Buildings and Others | E1: Main Chiller Plant | F1: Main Chiller Plant | H1: LSK Chiller Plant | I1: LSK Chiller Plant | K1: Cheng Yu Tung Building | L1: Cheng Yu Tung Building | N1: LSK Building | O1: LSK Building | Q1: IAS Building | R1: IAS Building | T1: Innovation Building | U1: Innovation Building | W1: Conference Lodge | X1: Conference Lodge | Z1: Staff Quarter Common Area | AA1: Student Housing | AB1: Student Housing | AD1: Staff Quarters & Commercial Outlet | AE1: Staff Quarters & Commercial Outlet | AG1: Whole Campus (including staff quarter common area) | AH1: Whole Campus (excluding staff quarter common area) | AI1: Whole Campus (excluding staff quarter common area) | AK1: Difference
A2: 44013 | B2: ='Monthly Electricity (Overview)'!B80-'Monthly Electricity (Overview)'!E80-SUM('Monthly Electricity (Overview)'!I80:N80)-SUM('Monthly Electricity (Overview)'!X80:Y80)+'Monthly Electricity (Overview)'!AD80 -> 4148454.4 | C2: ='Monthly Electricity (Overview)'!B80-'Monthly Electricity (Overview)'!E80-SUM('Monthly Electricity (Overview)'!I80:N80)-SUM('Monthly Electricity (Overview)'!T80:Y80) -> 4086378.4 | D2: =IF(B2=C2,"/") -> FALSE | E2: ='Monthly Electricity (Overview)'!I80 -> 2154407.6 | F2: ='Monthly Electricity (Overview)'!I80 -> 2154407.6 | G2: =IF(E2=F2,"/") -> / | H2: ='Monthly Electricity (Overview)'!N80 -> 242508 | I2: ='Monthly Electricity (Overview)'!N80 -> 242508 | J2: =IF(H2=I2,"/") -> / | K2: ='Monthly Electricity (Overview)'!E80 -> 404540 | L2: ='Monthly Electricity (Overview)'!E80 -> 404540 | M2: =IF(K2=L2,"/") -> / | N2: ='Monthly Electricity (Overview)'!J80 -> 231715 | O2: ='Monthly Electricity (Overview)'!J80 -> 231715 | P2: =IF(N2=O2,"/") -> / | Q2: ='Monthly Electricity (Overview)'!K80 -> 83182 | R2: ='Monthly Electricity (Overview)'!K80 -> 83182 | S2: =IF(Q2=R2,"/") -> / | V2: =IF(T2=U2,"/") -> / | W2: ='Monthly Electricity (Overview)'!L80 -> 140263 | X2: ='Monthly Electricity (Overview)'!L80 -> 140263 | Y2: =IF(W2=X2,"/") -> / | Z2: 99693 | AA2: ='Monthly Electricity (Overview)'!X80 -> 464378 | AB2: =SUM('Monthly Electricity (Overview)'!U80:X80)+'Monthly Electricity (Overview)'!AC80 -> 464378 | AC2: =IF(AA2=AB2,"/") -> / | AD2: ='Monthly Electricity (Overview)'!Y80 -> 1025760 | AE2: ='Monthly Electricity (Overview)'!Y80 -> 1025760 | AF2: =IF(AD2=AE2,"/") -> / | AG2: =SUM(B2,E2,H2,K2,N2,Q2,W2,AA2,AD2,Z2) -> 8994901 | AH2: =SUM(B2,E2,H2,K2,N2,Q2,W2,AA2,AD2) -> 8895208 | AI2: =SUM(C2,F2,I2,L2,O2,R2,U2,X2,AB2, AE2) -> 8833132 | AJ2: =IF(AH2=AI2,"/") -> FALSE | AK2: =AH2-AI2 -> 62076
A3: 44044 | B3: ='Monthly Electricity (Overview)'!B81-'Monthly Electricity (Overview)'!E81-SUM('Monthly Electricity (Overview)'!I81:N81)-SUM('Monthly Electricity (Overview)'!X81:Y81)+'Monthly Electricity (Overview)'!AD81 -> 3318934.5 | C3: ='Monthly Electricity (Overview)'!B81-'Monthly Electricity (Overview)'!E81-SUM('Monthly Electricity (Overview)'!I81:N81)-SUM('Monthly Electricity (Overview)'!T81:Y81) -> 3248295.5 | D3: =IF(B3=C3,"/") -> FALSE | E3: ='Monthly Electricity (Overview)'!I81 -> 2394486.5 | F3: ='Monthly Electricity (Overview)'!I81 -> 2394486.5 | G3: =IF(E3=F3,"/") -> / | H3: ='Monthly Electricity (Overview)'!N81 -> 229261 | I3: ='Monthly Electricity (Overview)'!N81 -> 229261 | J3: =IF(H3=I3,"/") -> / | K3: ='Monthly Electricity (Overview)'!E81 -> 348726 | L3: ='Monthly Electricity (Overview)'!E81 -> 348726 | M3: =IF(K3=L3,"/") -> / | N3: ='Monthly Electricity (Overview)'!J81 -> 200857 | O3: ='Monthly Electricity (Overview)'!J81 -> 200857 | P3: =IF(N3=O3,"/") -> / | Q3: ='Monthly Electricity (Overview)'!K81 -> 76791 | R3: ='Monthly Electricity (Overview)'!K81 -> 76791 | S3: =IF(Q3=R3,"/") -> / | V3: =IF(T3=U3,"/") -> / | W3: ='Monthly Electricity (Overview)'!L81 -> 121644 | X3: ='Monthly Electricity (Overview)'!L81 -> 121644 | Y3: =IF(W3=X3,"/") -> / | Z3: 111077 | AA3: ='Monthly Electricity (Overview)'!X81+'Monthly Electricity (Overview)'!W81+'Monthly Electricity (Overview)'!AC81 -> 481052 | AB3: =SUM('Monthly Electricity (Overview)'!U81:X81)+'Monthly Electricity (Overview)'!AC81 -> 481052 | AC3: =IF(AA3=AB3,"/") -> / | AD3: ='Monthly Electricity (Overview)'!Y81 -> 830339 | AE3: ='Monthly Electricity (Overview)'!Y81 -> 830339 | AF3: =IF(AD3=AE3,"/") -> / | AG3: =SUM(B3,E3,H3,K3,N3,Q3,W3,AA3,AD3,Z3) -> 8113168 | AH3: =SUM(B3,E3,H3,K3,N3,Q3,W3,AA3,AD3) -> 8002091 | AI3: =SUM(C3,F3,I3,L3,O3,R3,U3,X3,AB3, AE3) -> 7931452 | AJ3: =IF(AH3=AI3,"/") -> FALSE | AK3: =AH3-AI3 -> 70639
A4: 44075 | B4: ='Monthly Electricity (Overview)'!B82-'Monthly Electricity (Overview)'!E82-SUM('Monthly Electricity (Overview)'!I82:N82)-SUM('Monthly Electricity (Overview)'!X82:Y82)+'Monthly Electricity (Overview)'!AD82 -> 5184805.6 | C4: ='Monthly Electricity (Overview)'!B82-'Monthly Electricity (Overview)'!E82-SUM('Monthly Electricity (Overview)'!I82:N82)-SUM('Monthly Electricity (Overview)'!T82:Y82) -> 4666264.6 | D4: =IF(B4=C4,"/") -> FALSE | E4: ='Monthly Electricity (Overview)'!I82 -> 2048304.4 | F4: ='Monthly Electricity (Overview)'!I82 -> 2048304.4 | G4: =IF(E4=F4,"/") -> / | H4: ='Monthly Electricity (Overview)'!N82 -> 227888 | I4: ='Monthly Electricity (Overview)'!N82 -> 227888 | J4: =IF(H4=I4,"/") -> / | K4: ='Monthly Electricity (Overview)'!E82 -> 401301 | L4: ='Monthly Electricity (Overview)'!E82 -> 401301 | M4: =IF(K4=L4,"/") -> / | N4: ='Monthly Electricity (Overview)'!J82 -> 250434 | O4: ='Monthly Electricity (Overview)'!J82 -> 250434 | P4: =IF(N4=O4,"/") -> / | Q4: ='Monthly Electricity (Overview)'!K82 -> 74921 | R4: ='Monthly Electricity (Overview)'!K82 -> 74921 | S4: =IF(Q4=R4,"/") -> / | V4: =IF(T4=U4,"/") -> / | W4: ='Monthly Electricity (Overview)'!L82 -> 130572 | X4: ='Monthly Electricity (Overview)'!L82 -> 130572 | Y4: =IF(W4=X4,"/") -> / | Z4: 124553 | AA4: ='Monthly Electricity (Overview)'!X82+'Monthly Electricity (Overview)'!W82+'Monthly Electricity (Overview)'!AC82 -> 746434 | AB4: =SUM('Monthly Electricity (Overview)'!U82:X82)+'Monthly Electricity (Overview)'!AC82 -> 746434 | AC4: =IF(AA4=AB4,"/") -> / | AD4: ='Monthly Electricity (Overview)'!Y82 -> 927129 | AE4: ='Monthly Electricity (Overview)'!Y82 -> 927129 | AF4: =IF(AD4=AE4,"/") -> / | AG4: =SUM(B4,E4,H4,K4,N4,Q4,W4,AA4,AD4,Z4) -> 10116342 | AH4: =SUM(B4,E4,H4,K4,N4,Q4,W4,AA4,AD4) -> 9991789 | AI4: =SUM(C4,F4,I4,L4,O4,R4,U4,X4,AB4, AE4) -> 9473248 | AJ4: =IF(AH4=AI4,"/") -> FALSE | AK4: =AH4-AI4 -> 518541
A5: 44105 | B5: ='Monthly Electricity (Overview)'!B83-'Monthly Electricity (Overview)'!E83-SUM('Monthly Electricity (Overview)'!I83:N83)-SUM('Monthly Electricity (Overview)'!X83:Y83)+'Monthly Electricity (Overview)'!AD83 -> 4078311.6 | C5: ='Monthly Electricity (Overview)'!B83-'Monthly Electricity (Overview)'!E83-SUM('Monthly Electricity (Overview)'!I83:N83)-SUM('Monthly Electricity (Overview)'!T83:Y83) -> 3898002.6 | D5: =IF(B5=C5,"/") -> FALSE | E5: ='Monthly Electricity (Overview)'!I83 -> 1335753.4 | F5: ='Monthly Electricity (Overview)'!I83 -> 1335753.4 | G5: =IF(E5=F5,"/") -> / | H5: ='Monthly Electricity (Overview)'!N83 -> 152364 | I5: ='Monthly Electricity (Overview)'!N83 -> 152364 | J5: =IF(H5=I5,"/") -> / | K5: ='Monthly Electricity (Overview)'!E83 -> 373141 | L5: ='Monthly Electricity (Overview)'!E83 -> 373141 | M5: =IF(K5=L5,"/") -> / | N5: ='Monthly Electricity (Overview)'!J83 -> 232357 | O5: ='Monthly Electricity (Overview)'!J83 -> 232357 | P5: =IF(N5=O5,"/") -> / | Q5: ='Monthly Electricity (Overview)'!K83 -> 54482 | R5: ='Monthly Electricity (Overview)'!K83 -> 54482 | S5: =IF(Q5=R5,"/") -> / | V5: =IF(T5=U5,"/") -> / | W5: ='Monthly Electricity (Overview)'!L83 -> 100678 | X5: ='Monthly Electricity (Overview)'!L83 -> 100678 | Y5: =IF(W5=X5,"/") -> / | Z5: 81463 | AA5: ='Monthly Electricity (Overview)'!X83+'Monthly Electricity (Overview)'!W83+'Monthly Electricity (Overview)'!AC83 -> 501916 | AB5: =SUM('Monthly Electricity (Overview)'!U83:X83)+'Monthly Electricity (Overview)'!AC83 -> 501916 | AC5: =IF(AA5=AB5,"/") -> / | AD5: ='Monthly Electricity (Overview)'!Y83 -> 587664 | AE5: ='Monthly Electricity (Overview)'!Y83 -> 587664 | AF5: =IF(AD5=AE5,"/") -> / | AG5: =SUM(B5,E5,H5,K5,N5,Q5,W5,AA5,AD5,Z5) -> 7498130 | AH5: =SUM(B5,E5,H5,K5,N5,Q5,W5,AA5,AD5) -> 7416667 | AI5: =SUM(C5,F5,I5,L5,O5,R5,U5,X5,AB5, AE5) -> 7236358 | AJ5: =IF(AH5=AI5,"/") -> FALSE | AK5: =AH5-AI5 -> 180309
A6: 44136 | B6: ='Monthly Electricity (Overview)'!B84-'Monthly Electricity (Overview)'!E84-SUM('Monthly Electricity (Overview)'!I84:N84)-SUM('Monthly Electricity (Overview)'!X84:Y84)+'Monthly Electricity (Overview)'!AD84 -> 4170475.6 | C6: ='Monthly Electricity (Overview)'!B84-'Monthly Electricity (Overview)'!E84-SUM('Monthly Electricity (Overview)'!I84:N84)-SUM('Monthly Electricity (Overview)'!T84:Y84) -> 4027716.6 | D6: =IF(B6=C6,"/") -> FALSE | E6: ='Monthly Electricity (Overview)'!I84 -> 915177.39 | F6: ='Monthly Electricity (Overview)'!I84 -> 915177.39 | G6: =IF(E6=F6,"/") -> / | H6: ='Monthly Electricity (Overview)'!N84 -> 98770 | I6: ='Monthly Electricity (Overview)'!N84 -> 98770 | J6: =IF(H6=I6,"/") -> / | K6: ='Monthly Electricity (Overview)'!E84 -> 396796 | L6: ='Monthly Electricity (Overview)'!E84 -> 396796 | M6: =IF(K6=L6,"/") -> / | N6: ='Monthly Electricity (Overview)'!J84 -> 234747 | O6: ='Monthly Electricity (Overview)'!J84 -> 234747 | P6: =IF(N6=O6,"/") -> / | Q6: ='Monthly Electricity (Overview)'!K84 -> 51126 | R6: ='Monthly Electricity (Overview)'!K84 -> 51126 | S6: =IF(Q6=R6,"/") -> / | V6: =IF(T6=U6,"/") -> / | W6: ='Monthly Electricity (Overview)'!L84 -> 81285 | X6: ='Monthly Electricity (Overview)'!L84 -> 81285 | Y6: =IF(W6=X6,"/") -> / | Z6: 59032 | AA6: ='Monthly Electricity (Overview)'!X84+'Monthly Electricity (Overview)'!W84+'Monthly Electricity (Overview)'!AC84 -> 439138 | AB6: =SUM('Monthly Electricity (Overview)'!U84:X84)+'Monthly Electricity (Overview)'!AC84 -> 439138 | AC6: =IF(AA6=AB6,"/") -> / | AD6: ='Monthly Electricity (Overview)'!Y84 -> 525452 | AE6: ='Monthly Electricity (Overview)'!Y84 -> 525452 | AF6: =IF(AD6=AE6,"/") -> / | AG6: =SUM(B6,E6,H6,K6,N6,Q6,W6,AA6,AD6,Z6) -> 6971999 | AH6: =SUM(B6,E6,H6,K6,N6,Q6,W6,AA6,AD6) -> 6912967 | AI6: =SUM(C6,F6,I6,L6,O6,R6,U6,X6,AB6, AE6) -> 6770208 | AJ6: =IF(AH6=AI6,"/") -> FALSE | AK6: =AH6-AI6 -> 142759
A7: 44166 | B7: ='Monthly Electricity (Overview)'!B85-'Monthly Electricity (Overview)'!E85-SUM('Monthly Electricity (Overview)'!I85:N85)-SUM('Monthly Electricity (Overview)'!X85:Y85)+'Monthly Electricity (Overview)'!AD85 -> 3753229.2 | C7: ='Monthly Electricity (Overview)'!B85-'Monthly Electricity (Overview)'!E85-SUM('Monthly Electricity (Overview)'!I85:N85)-SUM('Monthly Electricity (Overview)'!T85:Y85) -> 3623050.2 | D7: =IF(B7=C7,"/") -> FALSE | E7: ='Monthly Electricity (Overview)'!I85 -> 506804.8 | F7: ='Monthly Electricity (Overview)'!I85 -> 506804.8 | G7: =IF(E7=F7,"/") -> / | H7: ='Monthly Electricity (Overview)'!N85 -> 50904 | I7: ='Monthly Electricity (Overview)'!N85 -> 50904 | J7: =IF(H7=I7,"/") -> / | K7: ='Monthly Electricity (Overview)'!E85 -> 380382 | L7: ='Monthly Electricity (Overview)'!E85 -> 380382 | M7: =IF(K7=L7,"/") -> / | N7: ='Monthly Electricity (Overview)'!J85 -> 232272 | O7: ='Monthly Electricity (Overview)'!J85 -> 232272 | P7: =IF(N7=O7,"/") -> / | Q7: ='Monthly Electricity (Overview)'!K85 -> 47403 | R7: ='Monthly Electricity (Overview)'!K85 -> 47403 | S7: =IF(Q7=R7,"/") -> / | V7: =IF(T7=U7,"/") -> / | W7: ='Monthly Electricity (Overview)'!L85 -> 48764 | X7: ='Monthly Electricity (Overview)'!L85 -> 48764 | Y7: =IF(W7=X7,"/") -> / | Z7: 53030 | AA7: ='Monthly Electricity (Overview)'!X85+'Monthly Electricity (Overview)'!W85+'Monthly Electricity (Overview)'!AC85 -> 374456 | AB7: =SUM('Monthly Electricity (Overview)'!U85:X85)+'Monthly Electricity (Overview)'!AC85 -> 374456 | AC7: =IF(AA7=AB7,"/") -> / | AD7: ='Monthly Electricity (Overview)'!Y85 -> 509484 | AE7: ='Monthly Electricity (Overview)'!Y85 -> 509484 | AF7: =IF(AD7=AE7,"/") -> / | AG7: =SUM(B7,E7,H7,K7,N7,Q7,W7,AA7,AD7,Z7) -> 5956729 | AH7: =SUM(B7,E7,H7,K7,N7,Q7,W7,AA7,AD7) -> 5903699 | AI7: =SUM(C7,F7,I7,L7,O7,R7,U7,X7,AB7, AE7) -> 5773520 | AJ7: =IF(AH7=AI7,"/") -> FALSE | AK7: =AH7-AI7 -> 130179
A8: 44197 | B8: ='Monthly Electricity (Overview)'!B86-'Monthly Electricity (Overview)'!E86-SUM('Monthly Electricity (Overview)'!I86:N86)-SUM('Monthly Electricity (Overview)'!X86:Y86)+'Monthly Electricity (Overview)'!AD86 -> 3711738.8 | C8: ='Monthly Electricity (Overview)'!B86-'Monthly Electricity (Overview)'!E86-SUM('Monthly Electricity (Overview)'!I86:N86)-SUM('Monthly Electricity (Overview)'!T86:Y86) -> 3569274.8 | D8: =IF(B8=C8,"/") -> FALSE | E8: ='Monthly Electricity (Overview)'!I86 -> 393066.22 | F8: ='Monthly Electricity (Overview)'!I86 -> 393066.22 | G8: =IF(E8=F8,"/") -> / | H8: ='Monthly Electricity (Overview)'!N86 -> 47672 | I8: ='Monthly Electricity (Overview)'!N86 -> 47672 | J8: =IF(H8=I8,"/") -> / | K8: ='Monthly Electricity (Overview)'!E86 -> 382076 | L8: ='Monthly Electricity (Overview)'!E86 -> 382076 | M8: =IF(K8=L8,"/") -> / | N8: ='Monthly Electricity (Overview)'!J86 -> 223334 | O8: ='Monthly Electricity (Overview)'!J86 -> 223334 | P8: =IF(N8=O8,"/") -> / | Q8: ='Monthly Electricity (Overview)'!K86 -> 44857 | R8: ='Monthly Electricity (Overview)'!K86 -> 44857 | S8: =IF(Q8=R8,"/") -> / | V8: =IF(T8=U8,"/") -> / | W8: ='Monthly Electricity (Overview)'!L86 -> 48817 | X8: ='Monthly Electricity (Overview)'!L86 -> 48817 | Y8: =IF(W8=X8,"/") -> / | Z8: 48369 | AA8: ='Monthly Electricity (Overview)'!X86+'Monthly Electricity (Overview)'!W86+'Monthly Electricity (Overview)'!AC86 -> 405536 | AB8: =SUM('Monthly Electricity (Overview)'!U86:X86)+'Monthly Electricity (Overview)'!AC86 -> 405536 | AC8: =IF(AA8=AB8,"/") -> / | AD8: ='Monthly Electricity (Overview)'!Y86 -> 586715 | AE8: ='Monthly Electricity (Overview)'!Y86 -> 586715 | AF8: =IF(AD8=AE8,"/") -> / | AG8: =SUM(B8,E8,H8,K8,N8,Q8,W8,AA8,AD8,Z8) -> 5892181 | AH8: =SUM(B8,E8,H8,K8,N8,Q8,W8,AA8,AD8) -> 5843812 | AI8: =SUM(C8,F8,I8,L8,O8,R8,U8,X8,AB8, AE8) -> 5701348 | AJ8: =IF(AH8=AI8,"/") -> FALSE | AK8: =AH8-AI8 -> 142464
A9: 44228 | B9: ='Monthly Electricity (Overview)'!B87-'Monthly Electricity (Overview)'!E87-SUM('Monthly Electricity (Overview)'!I87:N87)-SUM('Monthly Electricity (Overview)'!X87:Y87)+'Monthly Electricity (Overview)'!AD87 -> 3562758 | C9: ='Monthly Electricity (Overview)'!B87-'Monthly Electricity (Overview)'!E87-SUM('Monthly Electricity (Overview)'!I87:N87)-SUM('Monthly Electricity (Overview)'!T87:Y87) -> 3434871 | D9: =IF(B9=C9,"/") -> FALSE | E9: ='Monthly Electricity (Overview)'!I87 -> 528780.96 | F9: ='Monthly Electricity (Overview)'!I87 -> 528780.96 | G9: =IF(E9=F9,"/") -> / | H9: ='Monthly Electricity (Overview)'!N87 -> 52226 | I9: ='Monthly Electricity (Overview)'!N87 -> 52226 | J9: =IF(H9=I9,"/") -> / | K9: ='Monthly Electricity (Overview)'!E87 -> 321055 | L9: ='Monthly Electricity (Overview)'!E87 -> 321055 | M9: =IF(K9=L9,"/") -> / | N9: ='Monthly Electricity (Overview)'!J87 -> 197886 | O9: ='Monthly Electricity (Overview)'!J87 -> 197886 | P9: =IF(N9=O9,"/") -> / | Q9: ='Monthly Electricity (Overview)'!K87 -> 40970 | R9: ='Monthly Electricity (Overview)'!K87 -> 40970 | S9: =IF(Q9=R9,"/") -> / | V9: =IF(T9=U9,"/") -> / | W9: ='Monthly Electricity (Overview)'!L87 -> 42444 | X9: ='Monthly Electricity (Overview)'!L87 -> 42444 | Y9: =IF(W9=X9,"/") -> / | Z9: 45841 | AA9: ='Monthly Electricity (Overview)'!X87+'Monthly Electricity (Overview)'!W87+'Monthly Electricity (Overview)'!AC87 -> 384898 | AB9: =SUM('Monthly Electricity (Overview)'!U87:X87)+'Monthly Electricity (Overview)'!AC87 -> 384898 | AC9: =IF(AA9=AB9,"/") -> / | AD9: ='Monthly Electricity (Overview)'!Y87 -> 423484 | AE9: ='Monthly Electricity (Overview)'!Y87 -> 423484 | AF9: =IF(AD9=AE9,"/") -> / | AG9: =SUM(B9,E9,H9,K9,N9,Q9,W9,AA9,AD9,Z9) -> 5600343 | AH9: =SUM(B9,E9,H9,K9,N9,Q9,W9,AA9,AD9) -> 5554502 | AI9: =SUM(C9,F9,I9,L9,O9,R9,U9,X9,AB9, AE9) -> 5426615 | AJ9: =IF(AH9=AI9,"/") -> FALSE | AK9: =AH9-AI9 -> 127887
A10: 44256 | B10: ='Monthly Electricity (Overview)'!B88-'Monthly Electricity (Overview)'!E88-SUM('Monthly Electricity (Overview)'!I88:N88)-SUM('Monthly Electricity (Overview)'!X88:Y88)+'Monthly Electricity (Overview)'!AD88 -> 4369810.4 | C10: ='Monthly Electricity (Overview)'!B88-'Monthly Electricity (Overview)'!E88-SUM('Monthly Electricity (Overview)'!I88:N88)-SUM('Monthly Electricity (Overview)'!T88:Y88) -> 4228426.4 | D10: =IF(B10=C10,"/") -> FALSE | E10: ='Monthly Electricity (Overview)'!I88 -> 785188.6 | F10: ='Monthly Electricity (Overview)'!I88 -> 785188.6 | G10: =IF(E10=F10,"/") -> / | H10: ='Monthly Electricity (Overview)'!N88 -> 77337 | I10: ='Monthly Electricity (Overview)'!N88 -> 77337 | J10: =IF(H10=I10,"/") -> / | K10: ='Monthly Electricity (Overview)'!E88 -> 392798 | L10: ='Monthly Electricity (Overview)'!E88 -> 392798 | M10: =IF(K10=L10,"/") -> / | N10: ='Monthly Electricity (Overview)'!J88 -> 242322 | O10: ='Monthly Electricity (Overview)'!J88 -> 242322 | P10: =IF(N10=O10,"/") -> / | Q10: ='Monthly Electricity (Overview)'!K88 -> 52128 | R10: ='Monthly Electricity (Overview)'!K88 -> 52128 | S10: =IF(Q10=R10,"/") -> / | V10: =IF(T10=U10,"/") -> / | W10: ='Monthly Electricity (Overview)'!L88 -> 54444 | X10: ='Monthly Electricity (Overview)'!L88 -> 54444 | Y10: =IF(W10=X10,"/") -> / | Z10: 55029 | AA10: ='Monthly Electricity (Overview)'!X88+'Monthly Electricity (Overview)'!W88+'Monthly Electricity (Overview)'!AC88 -> 439211 | AB10: =SUM('Monthly Electricity (Overview)'!U88:X88)+'Monthly Electricity (Overview)'!AC88 -> 439211 | AC10: =IF(AA10=AB10,"/") -> / | AD10: ='Monthly Electricity (Overview)'!Y88 -> 524832 | AE10: ='Monthly Electricity (Overview)'!Y88 -> 524832 | AF10: =IF(AD10=AE10,"/") -> / | AG10: =SUM(B10,E10,H10,K10,N10,Q10,W10,AA10,AD10,Z10) -> 6993100 | AH10: =SUM(B10,E10,H10,K10,N10,Q10,W10,AA10,AD10) -> 6938071 | AI10: =SUM(C10,F10,I10,L10,O10,R10,U10,X10,AB10, AE10) -> 6796687 | AJ10: =IF(AH10=AI10,"/") -> FALSE | AK10: =AH10-AI10 -> 141384
A11: 44287 | B11: ='Monthly Electricity (Overview)'!B89-'Monthly Electricity (Overview)'!E89-SUM('Monthly Electricity (Overview)'!I89:N89)-SUM('Monthly Electricity (Overview)'!X89:Y89)+'Monthly Electricity (Overview)'!AD89 -> 4270902.4 | C11: ='Monthly Electricity (Overview)'!B89-'Monthly Electricity (Overview)'!E89-SUM('Monthly Electricity (Overview)'!I89:N89)-SUM('Monthly Electricity (Overview)'!T89:Y89) -> 4095221.4 | D11: =IF(B11=C11,"/") -> FALSE | E11: ='Monthly Electricity (Overview)'!I89 -> 1050938.6 | F11: ='Monthly Electricity (Overview)'!I89 -> 1050938.6 | G11: =IF(E11=F11,"/") -> / | H11: ='Monthly Electricity (Overview)'!N89 -> 122683 | I11: ='Monthly Electricity (Overview)'!N89 -> 122683 | J11: =IF(H11=I11,"/") -> / | K11: ='Monthly Electricity (Overview)'!E89 -> 384122 | L11: ='Monthly Electricity (Overview)'!E89 -> 384122 | M11: =IF(K11=L11,"/") -> / | N11: ='Monthly Electricity (Overview)'!J89 -> 233551 | O11: ='Monthly Electricity (Overview)'!J89 -> 233551 | P11: =IF(N11=O11,"/") -> / | Q11: ='Monthly Electricity (Overview)'!K89 -> 52762 | R11: ='Monthly Electricity (Overview)'!K89 -> 52762 | S11: =IF(Q11=R11,"/") -> / | V11: =IF(T11=U11,"/") -> / | W11: ='Monthly Electricity (Overview)'!L89 -> 53047 | X11: ='Monthly Electricity (Overview)'!L89 -> 53047 | Y11: =IF(W11=X11,"/") -> / | Z11: 62537 | AA11: ='Monthly Electricity (Overview)'!X89+'Monthly Electricity (Overview)'!W89+'Monthly Electricity (Overview)'!AC89 -> 541148 | AB11: =SUM('Monthly Electricity (Overview)'!U89:X89)+'Monthly Electricity (Overview)'!AC89 -> 541148 | AC11: =IF(AA11=AB11,"/") -> / | AD11: ='Monthly Electricity (Overview)'!Y89 -> 554260 | AE11: ='Monthly Electricity (Overview)'!Y89 -> 554260 | AF11: =IF(AD11=AE11,"/") -> / | AG11: =SUM(B11,E11,H11,K11,N11,Q11,W11,AA11,AD11,Z11) -> 7325951 | AH11: =SUM(B11,E11,H11,K11,N11,Q11,W11,AA11,AD11) -> 7263414 | AI11: =SUM(C11,F11,I11,L11,O11,R11,U11,X11,AB11, AE11) -> 7087733 | AJ11: =IF(AH11=AI11,"/") -> FALSE | AK11: =AH11-AI11 -> 175681
A12: 44317 | B12: ='Monthly Electricity (Overview)'!B90-'Monthly Electricity (Overview)'!E90-SUM('Monthly Electricity (Overview)'!I90:N90)-SUM('Monthly Electricity (Overview)'!X90:Y90)+'Monthly Electricity (Overview)'!AD90 -> 4497531.1 | C12: ='Monthly Electricity (Overview)'!B90-'Monthly Electricity (Overview)'!E90-SUM('Monthly Electricity (Overview)'!I90:N90)-SUM('Monthly Electricity (Overview)'!T90:Y90) -> 4271235.1 | D12: =IF(B12=C12,"/") -> FALSE | E12: ='Monthly Electricity (Overview)'!I90 -> 1964651.9 | F12: ='Monthly Electricity (Overview)'!I90 -> 1964651.9 | G12: =IF(E12=F12,"/") -> / | H12: ='Monthly Electricity (Overview)'!N90 -> 200723 | I12: ='Monthly Electricity (Overview)'!N90 -> 200723 | J12: =IF(H12=I12,"/") -> / | K12: ='Monthly Electricity (Overview)'!E90 -> 367014 | L12: ='Monthly Electricity (Overview)'!E90 -> 367014 | M12: =IF(K12=L12,"/") -> / | N12: ='Monthly Electricity (Overview)'!J90 -> 209323 | O12: ='Monthly Electricity (Overview)'!J90 -> 209323 | P12: =IF(N12=O12,"/") -> / | Q12: ='Monthly Electricity (Overview)'!K90 -> 63649 | R12: ='Monthly Electricity (Overview)'!K90 -> 63649 | S12: =IF(Q12=R12,"/") -> / | V12: =IF(T12=U12,"/") -> / | W12: ='Monthly Electricity (Overview)'!L90 -> 77349 | X12: ='Monthly Electricity (Overview)'!L90 -> 77349 | Y12: =IF(W12=X12,"/") -> / | Z12: 84771 | AA12: ='Monthly Electricity (Overview)'!X90+'Monthly Electricity (Overview)'!W90+'Monthly Electricity (Overview)'!AC90 -> 748616 | AB12: =SUM('Monthly Electricity (Overview)'!U90:X90)+'Monthly Electricity (Overview)'!AC90 -> 748616 | AC12: =IF(AA12=AB12,"/") -> / | AD12: ='Monthly Electricity (Overview)'!Y90 -> 888154 | AE12: ='Monthly Electricity (Overview)'!Y90 -> 888154 | AF12: =IF(AD12=AE12,"/") -> / | AG12: =SUM(B12,E12,H12,K12,N12,Q12,W12,AA12,AD12,Z12) -> 9101782 | AH12: =SUM(B12,E12,H12,K12,N12,Q12,W12,AA12,AD12) -> 9017011 | AI12: =SUM(C12,F12,I12,L12,O12,R12,U12,X12,AB12, AE12) -> 8790715 | AJ12: =IF(AH12=AI12,"/") -> FALSE | AK12: =AH12-AI12 -> 226296
A13: 44348 | B13: ='Monthly Electricity (Overview)'!B91-'Monthly Electricity (Overview)'!E91-SUM('Monthly Electricity (Overview)'!I91:N91)-SUM('Monthly Electricity (Overview)'!X91:Y91)+'Monthly Electricity (Overview)'!AD91 -> 4239828.5 | C13: ='Monthly Electricity (Overview)'!B91-'Monthly Electricity (Overview)'!E91-SUM('Monthly Electricity (Overview)'!I91:N91)-SUM('Monthly Electricity (Overview)'!T91:Y91) -> 3979044.5 | D13: =IF(B13=C13,"/") -> FALSE | E13: ='Monthly Electricity (Overview)'!I91 -> 2020738.5 | F13: ='Monthly Electricity (Overview)'!I91 -> 2020738.5 | G13: =IF(E13=F13,"/") -> / | H13: ='Monthly Electricity (Overview)'!N91 -> 228931 | I13: ='Monthly Electricity (Overview)'!N91 -> 228931 | J13: =IF(H13=I13,"/") -> / | K13: ='Monthly Electricity (Overview)'!E91 -> 411370 | L13: ='Monthly Electricity (Overview)'!E91 -> 411370 | M13: =IF(K13=L13,"/") -> / | N13: ='Monthly Electricity (Overview)'!J91 -> 230711 | O13: ='Monthly Electricity (Overview)'!J91 -> 230711 | P13: =IF(N13=O13,"/") -> / | Q13: ='Monthly Electricity (Overview)'!K91 -> 64191 | R13: ='Monthly Electricity (Overview)'!K91 -> 64191 | S13: =IF(Q13=R13,"/") -> / | V13: =IF(T13=U13,"/") -> / | W13: ='Monthly Electricity (Overview)'!L91 -> 113132 | X13: ='Monthly Electricity (Overview)'!L91 -> 113132 | Y13: =IF(W13=X13,"/") -> / | Z13: 90161 | AA13: ='Monthly Electricity (Overview)'!X91+'Monthly Electricity (Overview)'!W91+'Monthly Electricity (Overview)'!AC91 -> 637838 | AB13: =SUM('Monthly Electricity (Overview)'!U91:X91)+'Monthly Electricity (Overview)'!AC91 -> 637838 | AC13: =IF(AA13=AB13,"/") -> / | AD13: ='Monthly Electricity (Overview)'!Y91 -> 811203 | AE13: ='Monthly Electricity (Overview)'!Y91 -> 811203 | AF13: =IF(AD13=AE13,"/") -> / | AG13: =SUM(B13,E13,H13,K13,N13,Q13,W13,AA13,AD13,Z13) -> 8848104 | AH13: =SUM(B13,E13,H13,K13,N13,Q13,W13,AA13,AD13) -> 8757943 | AI13: =SUM(C13,F13,I13,L13,O13,R13,U13,X13,AB13, AE13) -> 8497159 | AJ13: =IF(AH13=AI13,"/") -> FALSE | AK13: =AH13-AI13 -> 260784
A14: 44378 | B14: ='Monthly Electricity (Overview)'!B92-'Monthly Electricity (Overview)'!E92-SUM('Monthly Electricity (Overview)'!I92:N92)-SUM('Monthly Electricity (Overview)'!X92:Y92)+'Monthly Electricity (Overview)'!AD92 -> 4398728.4 | C14: ='Monthly Electricity (Overview)'!B92-'Monthly Electricity (Overview)'!E92-SUM('Monthly Electricity (Overview)'!I92:N92)-SUM('Monthly Electricity (Overview)'!T92:Y92) -> 4165725.4 | D14: =IF(B14=C14,"/") -> FALSE | E14: ='Monthly Electricity (Overview)'!I92 -> 2299974.6 | F14: ='Monthly Electricity (Overview)'!I92 -> 2299974.6 | G14: =IF(E14=F14,"/") -> / | H14: ='Monthly Electricity (Overview)'!N92 -> 218297 | I14: ='Monthly Electricity (Overview)'!N92 -> 218297 | J14: =IF(H14=I14,"/") -> / | K14: ='Monthly Electricity (Overview)'!E92 -> 392084 | L14: ='Monthly Electricity (Overview)'!E92 -> 392084 | M14: =IF(K14=L14,"/") -> / | N14: ='Monthly Electricity (Overview)'!J92 -> 217688 | O14: ='Monthly Electricity (Overview)'!J92 -> 217688 | P14: =IF(N14=O14,"/") -> / | Q14: ='Monthly Electricity (Overview)'!K92 -> 64138 | R14: ='Monthly Electricity (Overview)'!K92 -> 64138 | S14: =IF(Q14=R14,"/") -> / | V14: =IF(T14=U14,"/") -> / | W14: ='Monthly Electricity (Overview)'!L92 -> 116904 | X14: ='Monthly Electricity (Overview)'!L92 -> 116904 | Y14: =IF(W14=X14,"/") -> / | Z14: 91635 | AA14: ='Monthly Electricity (Overview)'!X92+'Monthly Electricity (Overview)'!W92+'Monthly Electricity (Overview)'!AC92 -> 560164 | AB14: =SUM('Monthly Electricity (Overview)'!U92:X92)+'Monthly Electricity (Overview)'!AC92 -> 560164 | AC14: =IF(AA14=AB14,"/") -> / | AD14: ='Monthly Electricity (Overview)'!Y92 -> 929945 | AE14: ='Monthly Electricity (Overview)'!Y92 -> 929945 | AF14: =IF(AD14=AE14,"/") -> / | AG14: =SUM(B14,E14,H14,K14,N14,Q14,W14,AA14,AD14,Z14) -> 9289558 | AH14: =SUM(B14,E14,H14,K14,N14,Q14,W14,AA14,AD14) -> 9197923 | AI14: =SUM(C14,F14,I14,L14,O14,R14,U14,X14,AB14, AE14) -> 8964920 | AJ14: =IF(AH14=AI14,"/") -> FALSE | AK14: =AH14-AI14 -> 233003
... A49: 45444 | B49: ='Monthly Electricity (Overview)'!B127-'Monthly Electricity (Overview)'!E127-SUM('Monthly Electricity (Overview)'!I127:N127)-SUM('Monthly Electricity (Overview)'!X127:Y127)+'Monthly Electricity (Overview)'!AD127 -> 4256124 | C49: ='Monthly Electricity (Overview)'!B127-'Monthly Electricity (Overview)'!E127-SUM('Monthly Electricity (Overview)'!I127:N127)-SUM('Monthly Electricity (Overview)'!T127:Y127) -> 3573053 | D49: =IF(B49=C49,"/") -> FALSE | E49: ='Monthly Electricity (Overview)'!I127 -> 2083326 | F49: ='Monthly Electricity (Overview)'!I127 -> 2083326 | G49: =IF(E49=F49,"/") -> / | H49: ='Monthly Electricity (Overview)'!N127 -> 166930 | I49: ='Monthly Electricity (Overview)'!N127 -> 166930 | J49: =IF(H49=I49,"/") -> / | K49: ='Monthly Electricity (Overview)'!E127 -> 396960 | L49: ='Monthly Electricity (Overview)'!E127 -> 396960 | M49: =IF(K49=L49,"/") -> / | N49: ='Monthly Electricity (Overview)'!J127 -> 211700 | O49: ='Monthly Electricity (Overview)'!J127 -> 211700 | P49: =IF(N49=O49,"/") -> / | Q49: ='Monthly Electricity (Overview)'!K127 -> 59734 | R49: ='Monthly Electricity (Overview)'!K127 -> 59734 | S49: =IF(Q49=R49,"/") -> / | V49: =IF(T49=U49,"/") -> / | W49: ='Monthly Electricity (Overview)'!L127 -> 167321 | X49: ='Monthly Electricity (Overview)'!L127 -> 167321 | Y49: =IF(W49=X49,"/") -> / | Z49: 89300 | AA49: ='Monthly Electricity (Overview)'!X127+'Monthly Electricity (Overview)'!W127+'Monthly Electricity (Overview)'!AC127 -> 708987 | AB49: =SUM('Monthly Electricity (Overview)'!U127:X127)+'Monthly Electricity (Overview)'!AC127 -> 1126424 | AC49: =IF(AA49=AB49,"/") -> FALSE | AD49: ='Monthly Electricity (Overview)'!Y127 -> 880835 | AE49: ='Monthly Electricity (Overview)'!Y127 -> 880835 | AF49: =IF(AD49=AE49,"/") -> / | AG49: =SUM(B49,E49,H49,K49,N49,Q49,W49,AA49,AD49,Z49) -> 9021217 | AH49: =SUM(B49,E49,H49,K49,N49,Q49,W49,AA49,AD49) -> 8931917 | AI49: =SUM(C49,F49,I49,L49,O49,R49,U49,X49,AB49, AE49) -> 8666283 | AJ49: =IF(AH49=AI49,"/") -> FALSE | AK49: =AH49-AI49 -> 265634
A50: 45474 | B50: ='Monthly Electricity (Overview)'!B128-'Monthly Electricity (Overview)'!E128-SUM('Monthly Electricity (Overview)'!I128:L128)-'Monthly Electricity (Overview)'!N128-SUM('Monthly Electricity (Overview)'!W128:Y128) -> 4802463 | C50: ='Monthly Electricity (Overview)'!B128-'Monthly Electricity (Overview)'!E128-SUM('Monthly Electricity (Overview)'!I128:N128)-SUM('Monthly Electricity (Overview)'!T128:Y128) -> 4328388 | D50: =IF(B50=C50,"/") -> FALSE | E50: ='Monthly Electricity (Overview)'!I128 -> 2536101 | F50: ='Monthly Electricity (Overview)'!I128 -> 2536101 | G50: =IF(E50=F50,"/") -> / | H50: ='Monthly Electricity (Overview)'!N128 -> 146460 | I50: ='Monthly Electricity (Overview)'!N128 -> 146460 | J50: =IF(H50=I50,"/") -> / | K50: ='Monthly Electricity (Overview)'!E128 -> 452350 | L50: ='Monthly Electricity (Overview)'!E128 -> 452350 | M50: =IF(K50=L50,"/") -> / | N50: ='Monthly Electricity (Overview)'!J128 -> 242000 | O50: ='Monthly Electricity (Overview)'!J128 -> 242000 | P50: =IF(N50=O50,"/") -> / | Q50: ='Monthly Electricity (Overview)'!K128 -> 49635 | R50: ='Monthly Electricity (Overview)'!K128 -> 49635 | S50: =IF(Q50=R50,"/") -> / | V50: =IF(T50=U50,"/") -> / | W50: ='Monthly Electricity (Overview)'!L128 -> 148622 | X50: ='Monthly Electricity (Overview)'!L128 -> 148622 | Y50: =IF(W50=X50,"/") -> / | Z50: 96675 | AA50: ='Monthly Electricity (Overview)'!X128+'Monthly Electricity (Overview)'!W128+'Monthly Electricity (Overview)'!AC128 -> 908905 | AB50: =SUM('Monthly Electricity (Overview)'!U128:X128)+'Monthly Electricity (Overview)'!AC128 -> 1382980 | AC50: =IF(AA50=AB50,"/") -> FALSE | AD50: ='Monthly Electricity (Overview)'!Y128 -> 1064267 | AE50: ='Monthly Electricity (Overview)'!Y128 -> 1064267 | AF50: =IF(AD50=AE50,"/") -> / | AG50: =SUM(B50,E50,H50,K50,N50,Q50,W50,AA50,AD50,Z50) -> 10447478 | AH50: =SUM(B50,E50,H50,K50,N50,Q50,W50,AA50,AD50) -> 10350803 | AI50: =SUM(C50,F50,I50,L50,O50,R50,U50,X50,AB50, AE50) -> 10350803 | AJ50: =IF(AH50=AI50,"/") -> / | AK50: =AH50-AI50 -> 0
A51: 45505 | B51: ='Monthly Electricity (Overview)'!B129-'Monthly Electricity (Overview)'!E129-SUM('Monthly Electricity (Overview)'!I129:L129)-'Monthly Electricity (Overview)'!N129-SUM('Monthly Electricity (Overview)'!W129:Y129) -> 4513404 | C51: ='Monthly Electricity (Overview)'!B129-'Monthly Electricity (Overview)'!E129-SUM('Monthly Electricity (Overview)'!I129:N129)-SUM('Monthly Electricity (Overview)'!T129:Y129) -> 4051529 | D51: =IF(B51=C51,"/") -> FALSE | E51: ='Monthly Electricity (Overview)'!I129 -> 2339192 | F51: ='Monthly Electricity (Overview)'!I129 -> 2339192 | G51: =IF(E51=F51,"/") -> / | H51: ='Monthly Electricity (Overview)'!N129 -> 171979 | I51: ='Monthly Electricity (Overview)'!N129 -> 171979 | J51: =IF(H51=I51,"/") -> / | K51: ='Monthly Electricity (Overview)'!E129 -> 430560 | L51: ='Monthly Electricity (Overview)'!E129 -> 430560 | M51: =IF(K51=L51,"/") -> / | N51: ='Monthly Electricity (Overview)'!J129 -> 245100 | O51: ='Monthly Electricity (Overview)'!J129 -> 245100 | P51: =IF(N51=O51,"/") -> / | Q51: ='Monthly Electricity (Overview)'!K129 -> 56920 | R51: ='Monthly Electricity (Overview)'!K129 -> 56920 | S51: =IF(Q51=R51,"/") -> / | V51: =IF(T51=U51,"/") -> / | W51: ='Monthly Electricity (Overview)'!L129 -> 181289 | X51: ='Monthly Electricity (Overview)'!L129 -> 181289 | Y51: =IF(W51=X51,"/") -> / | Z51: 102262 | AA51: ='Monthly Electricity (Overview)'!X129+'Monthly Electricity (Overview)'!W129+'Monthly Electricity (Overview)'!AC129 -> 836810 | AB51: =SUM('Monthly Electricity (Overview)'!U129:X129)+'Monthly Electricity (Overview)'!AC129 -> 1298685 | AC51: =IF(AA51=AB51,"/") -> FALSE | AD51: ='Monthly Electricity (Overview)'!Y129 -> 1025123 | AE51: ='Monthly Electricity (Overview)'!Y129 -> 1025123 | AF51: =IF(AD51=AE51,"/") -> / | AG51: =SUM(B51,E51,H51,K51,N51,Q51,W51,AA51,AD51,Z51) -> 9902639 | AH51: =SUM(B51,E51,H51,K51,N51,Q51,W51,AA51,AD51) -> 9800377 | AI51: =SUM(C51,F51,I51,L51,O51,R51,U51,X51,AB51, AE51) -> 9800377 | AJ51: =IF(AH51=AI51,"/") -> / | AK51: =AH51-AI51 -> 0
A52: 45536 | B52: ='Monthly Electricity (Overview)'!B130-'Monthly Electricity (Overview)'!E130-SUM('Monthly Electricity (Overview)'!I130:L130)-'Monthly Electricity (Overview)'!N130-SUM('Monthly Electricity (Overview)'!W130:Y130) -> 4800062 | C52: ='Monthly Electricity (Overview)'!B130-'Monthly Electricity (Overview)'!E130-SUM('Monthly Electricity (Overview)'!I130:N130)-SUM('Monthly Electricity (Overview)'!T130:Y130) -> 4327820 | D52: =IF(B52=C52,"/") -> FALSE | E52: ='Monthly Electricity (Overview)'!I130 -> 2259366 | F52: ='Monthly Electricity (Overview)'!I130 -> 2259366 | G52: =IF(E52=F52,"/") -> / | H52: ='Monthly Electricity (Overview)'!N130 -> 166126 | I52: ='Monthly Electricity (Overview)'!N130 -> 166126 | J52: =IF(H52=I52,"/") -> / | K52: ='Monthly Electricity (Overview)'!E130 -> 411230 | L52: ='Monthly Electricity (Overview)'!E130 -> 411230 | M52: =IF(K52=L52,"/") -> / | N52: ='Monthly Electricity (Overview)'!J130 -> 247100 | O52: ='Monthly Electricity (Overview)'!J130 -> 247100 | P52: =IF(N52=O52,"/") -> / | Q52: ='Monthly Electricity (Overview)'!K130 -> 52628 | R52: ='Monthly Electricity (Overview)'!K130 -> 52628 | S52: =IF(Q52=R52,"/") -> / | V52: =IF(T52=U52,"/") -> / | W52: ='Monthly Electricity (Overview)'!L130 -> 163882 | X52: ='Monthly Electricity (Overview)'!L130 -> 163882 | Y52: =IF(W52=X52,"/") -> / | Z52: 94188 | AA52: ='Monthly Electricity (Overview)'!X130+'Monthly Electricity (Overview)'!W130+'Monthly Electricity (Overview)'!AC130 -> 1047578 | AB52: =SUM('Monthly Electricity (Overview)'!U130:X130)+'Monthly Electricity (Overview)'!AC130 -> 1519820 | AC52: =IF(AA52=AB52,"/") -> FALSE | AD52: ='Monthly Electricity (Overview)'!Y130 -> 1057385 | AE52: ='Monthly Electricity (Overview)'!Y130 -> 1057385 | AF52: =IF(AD52=AE52,"/") -> / | AG52: =SUM(B52,E52,H52,K52,N52,Q52,W52,AA52,AD52,Z52) -> 10299545 | AH52: =SUM(B52,E52,H52,K52,N52,Q52,W52,AA52,AD52) -> 10205357 | AI52: =SUM(C52,F52,I52,L52,O52,R52,U52,X52,AB52, AE52) -> 10205357 | AJ52: =IF(AH52=AI52,"/") -> / | AK52: =AH52-AI52 -> 0
A53: 45566 | B53: ='Monthly Electricity (Overview)'!B131-'Monthly Electricity (Overview)'!E131-SUM('Monthly Electricity (Overview)'!I131:L131)-'Monthly Electricity (Overview)'!N131-SUM('Monthly Electricity (Overview)'!W131:Y131) -> 4560964 | C53: ='Monthly Electricity (Overview)'!B131-'Monthly Electricity (Overview)'!E131-SUM('Monthly Electricity (Overview)'!I131:N131)-SUM('Monthly Electricity (Overview)'!T131:Y131) -> 4192751 | D53: =IF(B53=C53,"/") -> FALSE | E53: ='Monthly Electricity (Overview)'!I131 -> 1681166 | F53: ='Monthly Electricity (Overview)'!I131 -> 1681166 | G53: =IF(E53=F53,"/") -> / | H53: ='Monthly Electricity (Overview)'!N131 -> 120288 | I53: ='Monthly Electricity (Overview)'!N131 -> 120288 | J53: =IF(H53=I53,"/") -> / | K53: ='Monthly Electricity (Overview)'!E131 -> 410000 | L53: ='Monthly Electricity (Overview)'!E131 -> 410000 | M53: =IF(K53=L53,"/") -> / | N53: ='Monthly Electricity (Overview)'!J131 -> 251900 | O53: ='Monthly Electricity (Overview)'!J131 -> 251900 | P53: =IF(N53=O53,"/") -> / | Q53: ='Monthly Electricity (Overview)'!K131 -> 45340 | R53: ='Monthly Electricity (Overview)'!K131 -> 45340 | S53: =IF(Q53=R53,"/") -> / | V53: =IF(T53=U53,"/") -> / | W53: ='Monthly Electricity (Overview)'!L131 -> 117930 | X53: ='Monthly Electricity (Overview)'!L131 -> 117930 | Y53: =IF(W53=X53,"/") -> / | Z53: 74174 | AA53: ='Monthly Electricity (Overview)'!X131+'Monthly Electricity (Overview)'!W131+'Monthly Electricity (Overview)'!AC131 -> 827614 | AB53: =SUM('Monthly Electricity (Overview)'!U131:X131)+'Monthly Electricity (Overview)'!AC131 -> 1195827 | AC53: =IF(AA53=AB53,"/") -> FALSE | AD53: ='Monthly Electricity (Overview)'!Y131 -> 835525 | AE53: ='Monthly Electricity (Overview)'!Y131 -> 835525 | AF53: =IF(AD53=AE53,"/") -> / | AG53: =SUM(B53,E53,H53,K53,N53,Q53,W53,AA53,AD53,Z53) -> 8924901 | AH53: =SUM(B53,E53,H53,K53,N53,Q53,W53,AA53,AD53) -> 8850727 | AI53: =SUM(C53,F53,I53,L53,O53,R53,U53,X53,AB53, AE53) -> 8850727 | AJ53: =IF(AH53=AI53,"/") -> / | AK53: =AH53-AI53 -> 0
A54: 45597 | B54: ='Monthly Electricity (Overview)'!B132-'Monthly Electricity (Overview)'!E132-SUM('Monthly Electricity (Overview)'!I132:L132)-'Monthly Electricity (Overview)'!N132-SUM('Monthly Electricity (Overview)'!W132:Y132) -> 4770965 | C54: ='Monthly Electricity (Overview)'!B132-'Monthly Electricity (Overview)'!E132-SUM('Monthly Electricity (Overview)'!I132:N132)-SUM('Monthly Electricity (Overview)'!T132:Y132) -> 4491938 | D54: =IF(B54=C54,"/") -> FALSE | E54: ='Monthly Electricity (Overview)'!I132 -> 1208974 | F54: ='Monthly Electricity (Overview)'!I132 -> 1208974 | G54: =IF(E54=F54,"/") -> / | H54: ='Monthly Electricity (Overview)'!N132 -> 108966 | I54: ='Monthly Electricity (Overview)'!N132 -> 108966 | J54: =IF(H54=I54,"/") -> / | K54: ='Monthly Electricity (Overview)'!E132 -> 386500 | L54: ='Monthly Electricity (Overview)'!E132 -> 386500 | M54: =IF(K54=L54,"/") -> / | N54: ='Monthly Electricity (Overview)'!J132 -> 241600 | O54: ='Monthly Electricity (Overview)'!J132 -> 241600 | P54: =IF(N54=O54,"/") -> / | Q54: ='Monthly Electricity (Overview)'!K132 -> 54146 | R54: ='Monthly Electricity (Overview)'!K132 -> 54146 | S54: =IF(Q54=R54,"/") -> / | V54: =IF(T54=U54,"/") -> / | W54: ='Monthly Electricity (Overview)'!L132 -> 116907 | X54: ='Monthly Electricity (Overview)'!L132 -> 116907 | Y54: =IF(W54=X54,"/") -> / | Z54: 69509 | AA54: ='Monthly Electricity (Overview)'!X132+'Monthly Electricity (Overview)'!W132+'Monthly Electricity (Overview)'!AC132 -> 679739 | AB54: =SUM('Monthly Electricity (Overview)'!U132:X132)+'Monthly Electricity (Overview)'!AC132 -> 958766 | AC54: =IF(AA54=AB54,"/") -> FALSE | AD54: ='Monthly Electricity (Overview)'!Y132 -> 696728 | AE54: ='Monthly Electricity (Overview)'!Y132 -> 696728 | AF54: =IF(AD54=AE54,"/") -> / | AG54: =SUM(B54,E54,H54,K54,N54,Q54,W54,AA54,AD54,Z54) -> 8334034 | AH54: =SUM(B54,E54,H54,K54,N54,Q54,W54,AA54,AD54) -> 8264525 | AI54: =SUM(C54,F54,I54,L54,O54,R54,U54,X54,AB54, AE54) -> 8264525 | AJ54: =IF(AH54=AI54,"/") -> / | AK54: =AH54-AI54 -> 0
A55: 45627 | B55: ='Monthly Electricity (Overview)'!B133-'Monthly Electricity (Overview)'!E133-SUM('Monthly Electricity (Overview)'!I133:L133)-'Monthly Electricity (Overview)'!N133-SUM('Monthly Electricity (Overview)'!W133:Y133) -> 4558456 | C55: ='Monthly Electricity (Overview)'!B133-'Monthly Electricity (Overview)'!E133-SUM('Monthly Electricity (Overview)'!I133:N133)-SUM('Monthly Electricity (Overview)'!T133:Y133) -> 4292255 | D55: =IF(B55=C55,"/") -> FALSE | E55: ='Monthly Electricity (Overview)'!I133 -> 668561 | F55: ='Monthly Electricity (Overview)'!I133 -> 668561 | G55: =IF(E55=F55,"/") -> / | H55: ='Monthly Electricity (Overview)'!N133 -> 47641 | I55: ='Monthly Electricity (Overview)'!N133 -> 47641 | J55: =IF(H55=I55,"/") -> / | K55: ='Monthly Electricity (Overview)'!E133 -> 439800 | L55: ='Monthly Electricity (Overview)'!E133 -> 439800 | M55: =IF(K55=L55,"/") -> / | N55: ='Monthly Electricity (Overview)'!J133 -> 261300 | O55: ='Monthly Electricity (Overview)'!J133 -> 261300 | P55: =IF(N55=O55,"/") -> / | Q55: ='Monthly Electricity (Overview)'!K133 -> 39693 | R55: ='Monthly Electricity (Overview)'!K133 -> 39693 | S55: =IF(Q55=R55,"/") -> / | V55: =IF(T55=U55,"/") -> / | W55: ='Monthly Electricity (Overview)'!L133 -> 75231 | X55: ='Monthly Electricity (Overview)'!L133 -> 75231 | Y55: =IF(W55=X55,"/") -> / | Z55: 42277 | AA55: ='Monthly Electricity (Overview)'!X133+'Monthly Electricity (Overview)'!W133+'Monthly Electricity (Overview)'!AC133 -> 517320 | AB55: =SUM('Monthly Electricity (Overview)'!U133:X133)+'Monthly Electricity (Overview)'!AC133 -> 745548 | AC55: =IF(AA55=AB55,"/") -> FALSE | AD55: ='Monthly Electricity (Overview)'!Y133 -> 634944 | AE55: ='Monthly Electricity (Overview)'!Y133 -> 634944 | AF55: =IF(AD55=AE55,"/") -> / | AG55: =SUM(B55,E55,H55,K55,N55,Q55,W55,AA55,AD55,Z55) -> 7285223 | AH55: =SUM(B55,E55,H55,K55,N55,Q55,W55,AA55,AD55) -> 7242946 | AI55: =SUM(C55,F55,I55,L55,O55,R55,U55,X55,AB55, AE55) -> 7204973 | AJ55: =IF(AH55=AI55,"/") -> FALSE | AK55: =AH55-AI55 -> 37973
A56: 45658 | B56: ='Monthly Electricity (Overview)'!B134-'Monthly Electricity (Overview)'!E134-SUM('Monthly Electricity (Overview)'!I134:L134)-'Monthly Electricity (Overview)'!N134-SUM('Monthly Electricity (Overview)'!W134:Y134) -> 4249112 | C56: ='Monthly Electricity (Overview)'!B134-'Monthly Electricity (Overview)'!E134-SUM('Monthly Electricity (Overview)'!I134:N134)-SUM('Monthly Electricity (Overview)'!T134:Y134) -> 3990668 | D56: =IF(B56=C56,"/") -> FALSE | E56: ='Monthly Electricity (Overview)'!I134 -> 529555 | F56: ='Monthly Electricity (Overview)'!I134 -> 529555 | G56: =IF(E56=F56,"/") -> / | H56: ='Monthly Electricity (Overview)'!N134 -> 51613 | I56: ='Monthly Electricity (Overview)'!N134 -> 51613 | J56: =IF(H56=I56,"/") -> / | K56: ='Monthly Electricity (Overview)'!E134 -> 373437 | L56: ='Monthly Electricity (Overview)'!E134 -> 373437 | M56: =IF(K56=L56,"/") -> / | N56: ='Monthly Electricity (Overview)'!J134 -> 214600 | O56: ='Monthly Electricity (Overview)'!J134 -> 214600 | P56: =IF(N56=O56,"/") -> / | Q56: ='Monthly Electricity (Overview)'!K134 -> 47528 | R56: ='Monthly Electricity (Overview)'!K134 -> 47528 | S56: =IF(Q56=R56,"/") -> / | V56: =IF(T56=U56,"/") -> / | W56: ='Monthly Electricity (Overview)'!L134 -> 83004 | X56: ='Monthly Electricity (Overview)'!L134 -> 83004 | Y56: =IF(W56=X56,"/") -> / | Z56: 42652 | AA56: ='Monthly Electricity (Overview)'!X134+'Monthly Electricity (Overview)'!W134+'Monthly Electricity (Overview)'!AC134 -> 342300 | AB56: =SUM('Monthly Electricity (Overview)'!U134:X134)+'Monthly Electricity (Overview)'!AC134 -> 571913 | AC56: =IF(AA56=AB56,"/") -> FALSE | AD56: ='Monthly Electricity (Overview)'!Y134 -> 580333 | AE56: ='Monthly Electricity (Overview)'!Y134 -> 580333 | AF56: =IF(AD56=AE56,"/") -> / | AG56: =SUM(B56,E56,H56,K56,N56,Q56,W56,AA56,AD56,Z56) -> 6514134 | AH56: =SUM(B56,E56,H56,K56,N56,Q56,W56,AA56,AD56) -> 6471482 | AI56: =SUM(C56,F56,I56,L56,O56,R56,U56,X56,AB56, AE56) -> 6442651 | AJ56: =IF(AH56=AI56,"/") -> FALSE | AK56: =AH56-AI56 -> 28831
A57: 45689 | B57: ='Monthly Electricity (Overview)'!B135-'Monthly Electricity (Overview)'!E135-SUM('Monthly Electricity (Overview)'!I135:L135)-'Monthly Electricity (Overview)'!N135-SUM('Monthly Electricity (Overview)'!W135:Y135) -> 4539710 | C57: ='Monthly Electricity (Overview)'!B135-'Monthly Electricity (Overview)'!E135-SUM('Monthly Electricity (Overview)'!I135:N135)-SUM('Monthly Electricity (Overview)'!T135:Y135) -> 4314918 | D57: =IF(B57=C57,"/") -> FALSE | E57: ='Monthly Electricity (Overview)'!I135 -> 522670 | F57: ='Monthly Electricity (Overview)'!I135 -> 522670 | G57: =IF(E57=F57,"/") -> / | H57: ='Monthly Electricity (Overview)'!N135 -> 48514 | I57: ='Monthly Electricity (Overview)'!N135 -> 48514 | J57: =IF(H57=I57,"/") -> / | K57: ='Monthly Electricity (Overview)'!E135 -> 416863 | L57: ='Monthly Electricity (Overview)'!E135 -> 416863 | M57: =IF(K57=L57,"/") -> / | N57: ='Monthly Electricity (Overview)'!J135 -> 253800 | O57: ='Monthly Electricity (Overview)'!J135 -> 253800 | P57: =IF(N57=O57,"/") -> / | Q57: ='Monthly Electricity (Overview)'!K135 -> 46126 | R57: ='Monthly Electricity (Overview)'!K135 -> 46126 | S57: =IF(Q57=R57,"/") -> / | V57: =IF(T57=U57,"/") -> / | W57: ='Monthly Electricity (Overview)'!L135 -> 79071 | X57: ='Monthly Electricity (Overview)'!L135 -> 79071 | Y57: =IF(W57=X57,"/") -> / | Z57: 46317 | AA57: ='Monthly Electricity (Overview)'!X135+'Monthly Electricity (Overview)'!W135+'Monthly Electricity (Overview)'!AC135 -> 548046 | AB57: =SUM('Monthly Electricity (Overview)'!U135:X135)+'Monthly Electricity (Overview)'!AC135 -> 735245 | AC57: =IF(AA57=AB57,"/") -> FALSE | AD57: ='Monthly Electricity (Overview)'!Y135 -> 678452 | AE57: ='Monthly Electricity (Overview)'!Y135 -> 678452 | AF57: =IF(AD57=AE57,"/") -> / | AG57: =SUM(B57,E57,H57,K57,N57,Q57,W57,AA57,AD57,Z57) -> 7179569 | AH57: =SUM(B57,E57,H57,K57,N57,Q57,W57,AA57,AD57) -> 7133252 | AI57: =SUM(C57,F57,I57,L57,O57,R57,U57,X57,AB57, AE57) -> 7095659 | AJ57: =IF(AH57=AI57,"/") -> FALSE | AK57: =AH57-AI57 -> 37593
A58: 45717 | B58: ='Monthly Electricity (Overview)'!B136-'Monthly Electricity (Overview)'!E136-SUM('Monthly Electricity (Overview)'!I136:L136)-'Monthly Electricity (Overview)'!N136-SUM('Monthly Electricity (Overview)'!W136:Y136) -> 4216285 | C58: ='Monthly Electricity (Overview)'!B136-'Monthly Electricity (Overview)'!E136-SUM('Monthly Electricity (Overview)'!I136:N136)-SUM('Monthly Electricity (Overview)'!T136:Y136) -> 3931773 | D58: =IF(B58=C58,"/") -> FALSE | E58: ='Monthly Electricity (Overview)'!I136 -> 869960 | F58: ='Monthly Electricity (Overview)'!I136 -> 869960 | G58: =IF(E58=F58,"/") -> / | H58: ='Monthly Electricity (Overview)'!N136 -> 66365 | I58: ='Monthly Electricity (Overview)'!N136 -> 66365 | J58: =IF(H58=I58,"/") -> / | K58: ='Monthly Electricity (Overview)'!E136 -> 380900 | L58: ='Monthly Electricity (Overview)'!E136 -> 380900 | M58: =IF(K58=L58,"/") -> / | N58: ='Monthly Electricity (Overview)'!J136 -> 224600 | O58: ='Monthly Electricity (Overview)'!J136 -> 224600 | P58: =IF(N58=O58,"/") -> / | Q58: ='Monthly Electricity (Overview)'!K136 -> 44236 | R58: ='Monthly Electricity (Overview)'!K136 -> 44236 | S58: =IF(Q58=R58,"/") -> / | V58: =IF(T58=U58,"/") -> / | W58: ='Monthly Electricity (Overview)'!L136 -> 76787 | X58: ='Monthly Electricity (Overview)'!L136 -> 76787 | Y58: =IF(W58=X58,"/") -> / | Z58: 40747 | AA58: ='Monthly Electricity (Overview)'!X136+'Monthly Electricity (Overview)'!W136+'Monthly Electricity (Overview)'!AC136 -> 505313 | AB58: =SUM('Monthly Electricity (Overview)'!U136:X136)+'Monthly Electricity (Overview)'!AC136 -> 768255 | AC58: =IF(AA58=AB58,"/") -> FALSE | AD58: ='Monthly Electricity (Overview)'!Y136 -> 638008 | AE58: ='Monthly Electricity (Overview)'!Y136 -> 638008 | AF58: =IF(AD58=AE58,"/") -> / | AG58: =SUM(B58,E58,H58,K58,N58,Q58,W58,AA58,AD58,Z58) -> 7063201 | AH58: =SUM(B58,E58,H58,K58,N58,Q58,W58,AA58,AD58) -> 7022454 | AI58: =SUM(C58,F58,I58,L58,O58,R58,U58,X58,AB58, AE58) -> 7000884 | AJ58: =IF(AH58=AI58,"/") -> FALSE | AK58: =AH58-AI58 -> 21570
A59: 45748 | B59: ='Monthly Electricity (Overview)'!B137-'Monthly Electricity (Overview)'!E137-SUM('Monthly Electricity (Overview)'!I137:L137)-'Monthly Electricity (Overview)'!N137-SUM('Monthly Electricity (Overview)'!W137:Y137) -> 5168650 | C59: ='Monthly Electricity (Overview)'!B137-'Monthly Electricity (Overview)'!E137-SUM('Monthly Electricity (Overview)'!I137:N137)-SUM('Monthly Electricity (Overview)'!T137:Y137) -> 4845967 | D59: =IF(B59=C59,"/") -> FALSE | E59: ='Monthly Electricity (Overview)'!I137 -> 1232583 | F59: ='Monthly Electricity (Overview)'!I137 -> 1232583 | G59: =IF(E59=F59,"/") -> / | H59: ='Monthly Electricity (Overview)'!N137 -> 81173 | I59: ='Monthly Electricity (Overview)'!N137 -> 81173 | J59: =IF(H59=I59,"/") -> / | K59: ='Monthly Electricity (Overview)'!E137 -> 428000 | L59: ='Monthly Electricity (Overview)'!E137 -> 428000 | M59: =IF(K59=L59,"/") -> / | N59: ='Monthly Electricity (Overview)'!J137 -> 256600 | O59: ='Monthly Electricity (Overview)'!J137 -> 256600 | P59: =IF(N59=O59,"/") -> / | Q59: ='Monthly Electricity (Overview)'!K137 -> 46949 | R59: ='Monthly Electricity (Overview)'!K137 -> 46949 | S59: =IF(Q59=R59,"/") -> / | V59: =IF(T59=U59,"/") -> / | W59: ='Monthly Electricity (Overview)'!L137 -> 86079 | X59: ='Monthly Electricity (Overview)'!L137 -> 86079 | Y59: =IF(W59=X59,"/") -> / | Z59: 59308 | AA59: ='Monthly Electricity (Overview)'!X137+'Monthly Electricity (Overview)'!W137+'Monthly Electricity (Overview)'!AC137 -> 676338 | AB59: =SUM('Monthly Electricity (Overview)'!U137:X137)+'Monthly Electricity (Overview)'!AC137 -> 977451 | AC59: =IF(AA59=AB59,"/") -> FALSE | AD59: ='Monthly Electricity (Overview)'!Y137 -> 774648 | AE59: ='Monthly Electricity (Overview)'!Y137 -> 774648 | AF59: =IF(AD59=AE59,"/") -> / | AG59: =SUM(B59,E59,H59,K59,N59,Q59,W59,AA59,AD59,Z59) -> 8810328 | AH59: =SUM(B59,E59,H59,K59,N59,Q59,W59,AA59,AD59) -> 8751020 | AI59: =SUM(C59,F59,I59,L59,O59,R59,U59,X59,AB59, AE59) -> 8729450 | AJ59: =IF(AH59=AI59,"/") -> FALSE | AK59: =AH59-AI59 -> 21570
A60: 45778 | B60: ='Monthly Electricity (Overview)'!B138-'Monthly Electricity (Overview)'!E138-SUM('Monthly Electricity (Overview)'!I138:L138)-'Monthly Electricity (Overview)'!N138-SUM('Monthly Electricity (Overview)'!W138:Y138) -> 4681774 | C60: ='Monthly Electricity (Overview)'!B138-'Monthly Electricity (Overview)'!E138-SUM('Monthly Electricity (Overview)'!I138:N138)-SUM('Monthly Electricity (Overview)'!T138:Y138) -> 4272572 | D60: =IF(B60=C60,"/") -> FALSE | E60: ='Monthly Electricity (Overview)'!I138 -> 1887473 | F60: ='Monthly Electricity (Overview)'!I138 -> 1887473 | G60: =IF(E60=F60,"/") -> / | H60: ='Monthly Electricity (Overview)'!N138 -> 145549 | I60: ='Monthly Electricity (Overview)'!N138 -> 145549 | J60: =IF(H60=I60,"/") -> / | K60: ='Monthly Electricity (Overview)'!E138 -> 398200 | L60: ='Monthly Electricity (Overview)'!E138 -> 398200 | M60: =IF(K60=L60,"/") -> / | N60: ='Monthly Electricity (Overview)'!J138 -> 234700 | O60: ='Monthly Electricity (Overview)'!J138 -> 234700 | P60: =IF(N60=O60,"/") -> / | Q60: ='Monthly Electricity (Overview)'!K138 -> 57670 | R60: ='Monthly Electricity (Overview)'!K138 -> 57670 | S60: =IF(Q60=R60,"/") -> / | V60: =IF(T60=U60,"/") -> / | W60: ='Monthly Electricity (Overview)'!L138 -> 128987 | X60: ='Monthly Electricity (Overview)'!L138 -> 128987 | Y60: =IF(W60=X60,"/") -> / | Z60: 69996 | AA60: ='Monthly Electricity (Overview)'!X138+'Monthly Electricity (Overview)'!W138+'Monthly Electricity (Overview)'!AC138 -> 882544 | AB60: =SUM('Monthly Electricity (Overview)'!U138:X138)+'Monthly Electricity (Overview)'!AC138 -> 1269457 | AC60: =IF(AA60=AB60,"/") -> FALSE | AD60: ='Monthly Electricity (Overview)'!Y138 -> 870121 | AE60: ='Monthly Electricity (Overview)'!Y138 -> 870121 | AF60: =IF(AD60=AE60,"/") -> / | AG60: =SUM(B60,E60,H60,K60,N60,Q60,W60,AA60,AD60,Z60) -> 9357014 | AH60: =SUM(B60,E60,H60,K60,N60,Q60,W60,AA60,AD60) -> 9287018 | AI60: =SUM(C60,F60,I60,L60,O60,R60,U60,X60,AB60, AE60) -> 9264729 | AJ60: =IF(AH60=AI60,"/") -> FALSE | AK60: =AH60-AI60 -> 22289
A61: 45809 | B61: ='Monthly Electricity (Overview)'!C139+'Monthly Electricity (Overview)'!D139+'Monthly Electricity (Overview)'!F139+'Monthly Electricity (Overview)'!G139+'Monthly Electricity (Overview)'!H139+'Monthly Electricity (Overview)'!O139+'Monthly Electricity (Overview)'!P139+'Monthly Electricity (Overview)'!Q139 -> 4515871 | C61: ='Monthly Electricity (Overview)'!B139-'Monthly Electricity (Overview)'!E139-SUM('Monthly Electricity (Overview)'!I139:N139)-SUM('Monthly Electricity (Overview)'!T139:Y139) -> 4552277 | D61: =IF(B61=C61,"/") -> FALSE | E61: ='Monthly Electricity (Overview)'!I139 -> 2251997 | F61: ='Monthly Electricity (Overview)'!I139 -> 2251997 | G61: =IF(E61=F61,"/") -> / | H61: ='Monthly Electricity (Overview)'!N139 -> 189802 | I61: ='Monthly Electricity (Overview)'!N139 -> 189802 | J61: =IF(H61=I61,"/") -> / | K61: ='Monthly Electricity (Overview)'!E139 -> 403500 | L61: ='Monthly Electricity (Overview)'!E139 -> 403500 | M61: =IF(K61=L61,"/") -> / | N61: ='Monthly Electricity (Overview)'!J139 -> 231300 | O61: ='Monthly Electricity (Overview)'!J139 -> 231300 | P61: =IF(N61=O61,"/") -> / | Q61: ='Monthly Electricity (Overview)'!K139 -> 56296 | R61: ='Monthly Electricity (Overview)'!K139 -> 56296 | S61: =IF(Q61=R61,"/") -> / | V61: =IF(T61=U61,"/") -> / | W61: ='Monthly Electricity (Overview)'!L139 -> 128696 | X61: ='Monthly Electricity (Overview)'!L139 -> 128696 | Y61: =IF(W61=X61,"/") -> / | Z61: 80365 | AA61: ='Monthly Electricity (Overview)'!X139+'Monthly Electricity (Overview)'!W139+'Monthly Electricity (Overview)'!AC139 -> 783446 | AB61: =SUM('Monthly Electricity (Overview)'!U139:X139)+'Monthly Electricity (Overview)'!AC139 -> 1207588 | AC61: =IF(AA61=AB61,"/") -> FALSE | AD61: ='Monthly Electricity (Overview)'!Y139 -> 961009 | AE61: ='Monthly Electricity (Overview)'!Y139 -> 961009 | AF61: =IF(AD61=AE61,"/") -> / | AG61: =SUM(B61,E61,H61,K61,N61,Q61,W61,AA61,AD61,Z61) -> 9602282 | AH61: =SUM(B61,E61,H61,K61,N61,Q61,W61,AA61,AD61) -> 9521917 | AI61: =SUM(C61,F61,I61,L61,O61,R61,U61,X61,AB61, AE61) -> 9982465 | AJ61: =IF(AH61=AI61,"/") -> FALSE | AK61: =AH61-AI61 -> -460548
A62: 45839 | B62: ='Monthly Electricity (Overview)'!C140+'Monthly Electricity (Overview)'!D140+'Monthly Electricity (Overview)'!F140+'Monthly Electricity (Overview)'!G140+'Monthly Electricity (Overview)'!H140+'Monthly Electricity (Overview)'!O140+'Monthly Electricity (Overview)'!P140+'Monthly Electricity (Overview)'!Q140 -> 4222820 | C62: ='Monthly Electricity (Overview)'!B140-'Monthly Electricity (Overview)'!E140-SUM('Monthly Electricity (Overview)'!I140:N140)-SUM('Monthly Electricity (Overview)'!T140:Y140) -> 4252759 | D62: =IF(B62=C62,"/") -> FALSE | E62: ='Monthly Electricity (Overview)'!I140 -> 2504159 | F62: ='Monthly Electricity (Overview)'!I140 -> 2504159 | G62: =IF(E62=F62,"/") -> / | H62: ='Monthly Electricity (Overview)'!N140 -> 265504 | I62: ='Monthly Electricity (Overview)'!N140 -> 265504 | J62: =IF(H62=I62,"/") -> / | K62: ='Monthly Electricity (Overview)'!E140 -> 413100 | L62: ='Monthly Electricity (Overview)'!E140 -> 413100 | M62: =IF(K62=L62,"/") -> / | N62: ='Monthly Electricity (Overview)'!J140 -> 221700 | O62: ='Monthly Electricity (Overview)'!J140 -> 221700 | P62: =IF(N62=O62,"/") -> / | Q62: ='Monthly Electricity (Overview)'!K140 -> 68672 | R62: ='Monthly Electricity (Overview)'!K140 -> 68672 | S62: =IF(Q62=R62,"/") -> / | T62: ='Monthly Electricity (Overview)'!T140 -> 22289 | U62: ='Monthly Electricity (Overview)'!T140 -> 22289 | V62: =IF(T62=U62,"/") -> / | W62: ='Monthly Electricity (Overview)'!L140 -> 145108 | X62: ='Monthly Electricity (Overview)'!L140 -> 145108 | Y62: =IF(W62=X62,"/") -> / | AA62: ='Monthly Electricity (Overview)'!X140+'Monthly Electricity (Overview)'!W140+'Monthly Electricity (Overview)'!AC140 -> 852406 | AB62: =SUM('Monthly Electricity (Overview)'!U140:X140)+'Monthly Electricity (Overview)'!AC140 -> 1319319 | AC62: =IF(AA62=AB62,"/") -> FALSE | AD62: ='Monthly Electricity (Overview)'!Y140 -> 979848 | AE62: ='Monthly Electricity (Overview)'!Y140 -> 979848 | AF62: =IF(AD62=AE62,"/") -> / | AG62: =SUM(B62,E62,H62,K62,N62,Q62,W62,AA62,AD62,Z62) -> 9673317 | AH62: =SUM(B62,E62,H62,K62,N62,Q62,W62,AA62,AD62) -> 9673317 | AI62: =SUM(C62,F62,I62,L62,O62,R62,U62,X62,AB62, AE62) -> 10192458 | AJ62: =IF(AH62=AI62,"/") -> FALSE | AK62: =AH62-AI62 -> -519141
A63: 45870 | B63: ='Monthly Electricity (Overview)'!C141+'Monthly Electricity (Overview)'!D141+'Monthly Electricity (Overview)'!F141+'Monthly Electricity (Overview)'!G141+'Monthly Electricity (Overview)'!H141+'Monthly Electricity (Overview)'!O141+'Monthly Electricity (Overview)'!P141+'Monthly Electricity (Overview)'!Q141 -> 4271993 | C63: ='Monthly Electricity (Overview)'!B141-'Monthly Electricity (Overview)'!E141-SUM('Monthly Electricity (Overview)'!I141:N141)-SUM('Monthly Electricity (Overview)'!T141:Y141) -> 4304765 | D63: =IF(B63=C63,"/") -> FALSE | E63: ='Monthly Electricity (Overview)'!I141 -> 2414329 | F63: ='Monthly Electricity (Overview)'!I141 -> 2414329 | G63: =IF(E63=F63,"/") -> / | H63: ='Monthly Electricity (Overview)'!N141 -> 300733 | I63: ='Monthly Electricity (Overview)'!N141 -> 300733 | J63: =IF(H63=I63,"/") -> / | K63: ='Monthly Electricity (Overview)'!E141 -> 404500 | L63: ='Monthly Electricity (Overview)'!E141 -> 404500 | M63: =IF(K63=L63,"/") -> / | N63: ='Monthly Electricity (Overview)'!J141 -> 222500 | O63: ='Monthly Electricity (Overview)'!J141 -> 222500 | P63: =IF(N63=O63,"/") -> / | Q63: ='Monthly Electricity (Overview)'!K141 -> 77608 | R63: ='Monthly Electricity (Overview)'!K141 -> 77608 | S63: =IF(Q63=R63,"/") -> / | T63: ='Monthly Electricity (Overview)'!T141 -> 23886 | U63: ='Monthly Electricity (Overview)'!T141 -> 23886 | V63: =IF(T63=U63,"/") -> / | W63: ='Monthly Electricity (Overview)'!L141 -> 173834 | X63: ='Monthly Electricity (Overview)'!L141 -> 173834 | Y63: =IF(W63=X63,"/") -> / | AA63: ='Monthly Electricity (Overview)'!X141+'Monthly Electricity (Overview)'!W141+'Monthly Electricity (Overview)'!AC141 -> 757636 | AB63: =SUM('Monthly Electricity (Overview)'!U141:X141)+'Monthly Electricity (Overview)'!AC141 -> 1185625 | AC63: =IF(AA63=AB63,"/") -> FALSE | AD63: ='Monthly Electricity (Overview)'!Y141 -> 946647 | AE63: ='Monthly Electricity (Overview)'!Y141 -> 946647 | AF63: =IF(AD63=AE63,"/") -> / | AG63: =SUM(B63,E63,H63,K63,N63,Q63,W63,AA63,AD63,Z63) -> 9569780 | AH63: =SUM(B63,E63,H63,K63,N63,Q63,W63,AA63,AD63) -> 9569780 | AI63: =SUM(C63,F63,I63,L63,O63,R63,U63,X63,AB63, AE63) -> 10054427 | AJ63: =IF(AH63=AI63,"/") -> FALSE | AK63: =AH63-AI63 -> -484647
A64: 45901 | B64: ='Monthly Electricity (Overview)'!C142+'Monthly Electricity (Overview)'!D142+'Monthly Electricity (Overview)'!F142+'Monthly Electricity (Overview)'!G142+'Monthly Electricity (Overview)'!H142+'Monthly Electricity (Overview)'!O142+'Monthly Electricity (Overview)'!P142+'Monthly Electricity (Overview)'!Q142 -> 5010518 | C64: ='Monthly Electricity (Overview)'!B142-'Monthly Electricity (Overview)'!E142-SUM('Monthly Electricity (Overview)'!I142:N142)-SUM('Monthly Electricity (Overview)'!T142:Y142) -> 5063748 | D64: =IF(B64=C64,"/") -> FALSE | E64: ='Monthly Electricity (Overview)'!I142 -> 2405351 | F64: ='Monthly Electricity (Overview)'!I142 -> 2405351 | G64: =IF(E64=F64,"/") -> / | H64: ='Monthly Electricity (Overview)'!N142 -> 268527 | I64: ='Monthly Electricity (Overview)'!N142 -> 268527 | J64: =IF(H64=I64,"/") -> / | K64: ='Monthly Electricity (Overview)'!E142 -> 440900 | L64: ='Monthly Electricity (Overview)'!E142 -> 440900 | M64: =IF(K64=L64,"/") -> / | N64: ='Monthly Electricity (Overview)'!J142 -> 243800 | O64: ='Monthly Electricity (Overview)'!J142 -> 243800 | P64: =IF(N64=O64,"/") -> / | Q64: ='Monthly Electricity (Overview)'!K142 -> 66523 | R64: ='Monthly Electricity (Overview)'!K142 -> 66523 | S64: =IF(Q64=R64,"/") -> / | T64: ='Monthly Electricity (Overview)'!T142 -> 35948 | U64: ='Monthly Electricity (Overview)'!T142 -> 35948 | V64: =IF(T64=U64,"/") -> / | W64: ='Monthly Electricity (Overview)'!L142 -> 142935 | X64: ='Monthly Electricity (Overview)'!L142 -> 142935 | Y64: =IF(W64=X64,"/") -> / | AA64: ='Monthly Electricity (Overview)'!X142+'Monthly Electricity (Overview)'!W142+'Monthly Electricity (Overview)'!AC142 -> 1086083 | AB64: =SUM('Monthly Electricity (Overview)'!U142:X142)+'Monthly Electricity (Overview)'!AC142 -> 1583871 | AC64: =IF(AA64=AB64,"/") -> FALSE | AD64: ='Monthly Electricity (Overview)'!Y142 -> 1079806 | AE64: ='Monthly Electricity (Overview)'!Y142 -> 1079806 | AF64: =IF(AD64=AE64,"/") -> / | AG64: =SUM(B64,E64,H64,K64,N64,Q64,W64,AA64,AD64,Z64) -> 10744443 | AH64: =SUM(B64,E64,H64,K64,N64,Q64,W64,AA64,AD64) -> 10744443 | AI64: =SUM(C64,F64,I64,L64,O64,R64,U64,X64,AB64, AE64) -> 11331409 | AJ64: =IF(AH64=AI64,"/") -> FALSE | AK64: =AH64-AI64 -> -586966
A65: 45931
A66: 45962
A67: 45992
A68: 46023
A69: 46054
A70: 46082
A71: 46113
A72: 46143
A73: 46174

Sheet Monthly Towngas (TGU)
A1: Date | B1: Academic Building + Public Facilities | C1: Canteens + Commercial Outlets | D1: Student Housing | E1: Staff Quarter | F1: NB TOTAL (TGU) | G1: MJ (x 48 towngas unit) | H1: kWh (MJ*0.2777778)
A2: 45108 | B2: 2940 | C2: 17466 | D2: 3771 | E2: =446*879/2715900*20833.33 -> 3007.2439 | F2: =SUM(B2:E2) -> 27184.244 | G2: =F2*48 -> 1304843.7 | H2: =G2*0.2777778 -> 362456.61
A3: 45139 | B3: 3509 | C3: 17722 | D3: 3740 | E3: =446*859/2715900*20833.33 -> 2938.8197 | F3: =SUM(B3:E3) -> 27909.82 | G3: =F3*48 -> 1339671.3 | H3: =G3*0.2777778 -> 372130.96
A4: 45170 | B4: 3140 | C4: 14723 | D4: 7447 | E4: =446*911/2715900*20833.33 -> 3116.7226 | F4: =SUM(B4:E4) -> 28426.723 | G4: =F4*48 -> 1364482.7 | H4: =G4*0.2777778 -> 379023
A5: 45200 | B5: 2274 | C5: 27563 | D5: 9859 | E5: =444*915/2714700*20833.33 -> 3117.7473 | F5: =SUM(B5:E5) -> 42813.747 | G5: =F5*48 -> 2055059.9 | H5: =G5*0.2777778 -> 570850.01
A6: 45231 | B6: 2909 | C6: 21260 | D6: 11907 | E6: =444*1166/2714700*20833.33 -> 3972.9982 | F6: =SUM(B6:E6) -> 40048.998 | G6: =F6*48 -> 1922351.9 | H6: =G6*0.2777778 -> 533986.69
A7: 45261 | B7: 2564 | C7: 23845 | D7: 12557 | E7: =444*1350/2714700*20833.33 -> 4599.9551 | F7: =SUM(B7:E7) -> 43565.955 | G7: =F7*48 -> 2091165.8 | H7: =G7*0.2777778 -> 580879.45
A8: 45292 | B8: 2862 | C8: 15798 | D8: 8292 | E8: =444*1665/2734600*20833.33 -> 5631.9928 | F8: =SUM(B8:E8) -> 32583.993 | G8: =F8*48 -> 1564031.7 | H8: =G8*0.2777778 -> 434453.27
A9: 45323 | B9: 2635 | C9: 18709 | D9: 13531 | E9: =444*1724/2734600*20833.33 -> 5831.5649 | F9: =SUM(B9:E9) -> 40706.565 | G9: =F9*48 -> 1953915.1 | H9: =G9*0.2777778 -> 542754.24
A10: 45352 | B10: 2946 | C10: 20862 | D10: 16132 | E10: =444*1433/2734600*20833.33 -> 4847.2347 | F10: =SUM(B10:E10) -> 44787.235 | G10: =F10*48 -> 2149787.3 | H10: =G10*0.2777778 -> 597163.18
A11: 45383 | B11: 2833 | C11: 21494 | D11: 12655 | E11: =442*1389/2748400*20833.33 -> 4653.7523 | F11: =SUM(B11:E11) -> 41635.752 | G11: =F11*48 -> 1998516.1 | H11: =G11*0.2777778 -> 555143.41
A12: 45413 | B12: 3158 | C12: 21182 | D12: 11619 | E12: =442*1088/2748400*20833.33 -> 3645.2718 | F12: =SUM(B12:E12) -> 39604.272 | G12: =F12*48 -> 1901005 | H12: =G12*0.2777778 -> 528057
A13: 45444 | B13: 2974 | C13: 15391 | D13: 5729 | E13: =442*1077/2748400*20833.33 -> 3608.417 | F13: =SUM(B13:E13) -> 27702.417 | G13: =F13*48 -> 1329716 | H13: =G13*0.2777778 -> 369365.59
A14: 45474 | B14: 3131 | C14: 17540 | D14: 3916 | E14: =444*893/2764000*20833.33 -> 2988.5125 | F14: =SUM(B14:E14) -> 27575.513 | G14: =F14*48 -> 1323624.6 | H14: =G14*0.2777778 -> 367673.53
A15: 45505 | B15: 3522 | C15: 16815 | D15: 4486 | E15: =444*875/2764000*20833.33 -> 2928.2738 | F15: =SUM(B15:E15) -> 27751.274 | G15: =F15*48 -> 1332061.1 | H15: =G15*0.2777778 -> 370017.01
A16: 45536 | B16: 180 | C16: 21907 | D16: 6755 | E16: =444*873/2764000*20833.33 -> 2921.5806 | F16: =SUM(B16:E16) -> 31763.581 | G16: =F16*48 -> 1524651.9 | H16: =G16*0.2777778 -> 423514.44
A17: 45566 | B17: 592 | C17: 20873 | D17: 8933 | E17: =440*893/2758400*20833.33 -> 2967.6015 | F17: =SUM(B17:E17) -> 33365.602 | G17: =F17*48 -> 1601548.9 | H17: =G17*0.2777778 -> 444874.72
A18: 45597 | B18: 3037 | C18: 19854 | D18: 11374 | E18: =440*1126/2758400*20833.33 -> 3741.9029 | F18: =SUM(B18:E18) -> 38006.903 | G18: =F18*48 -> 1824331.3 | H18: =G18*0.2777778 -> 506758.75
A19: 45627 | B19: 2867 | C19: 20265 | D19: 12848 | E19: =440*1401/2758400*20833.33 -> 4655.778 | F19: =SUM(B19:E19) -> 40635.778 | G19: =F19*48 -> 1950517.3 | H19: =G19*0.2777778 -> 541810.42
A20: 45658 | B20: 2722 | C20: 15492 | D20: 9966 | E20: =442*1698/2776500*20833.33 -> 5631.4596 | F20: =SUM(B20:E20) -> 33811.46 | G20: =F20*48 -> 1622950.1 | H20: =G20*0.2777778 -> 450819.5
A21: 45689 | B21: 3139 | C21: 18410 | D21: 15013 | E21: =442*1719/2776500*20833.33 -> 5701.1066 | F21: =SUM(B21:E21) -> 42263.107 | G21: =F21*48 -> 2028629.1 | H21: =G21*0.2777778 -> 563508.13
A22: 45717 | B22: 3719 | C22: 19737 | D22: 14786 | E22: =442*1372/2776500*20833.33 -> 4550.2724 | F22: =SUM(B22:E22) -> 42792.272 | G22: =F22*48 -> 2054029.1 | H22: =G22*0.2777778 -> 570563.68
A23: 45748 | B23: 3321 | C23: 19176 | D23: 13420 | E23: =461*1580/2775300*20833.33 -> 5467.7263 | F23: =SUM(B23:E23) -> 41384.726 | G23: =F23*48 -> 1986466.9 | H23: =G23*0.2777778 -> 551796.4
A24: 45778 | B24: 3063 | C24: 18040 | D24: 8810 | E24: =461*1104/2775300*20833.33 -> 3820.4873 | F24: =SUM(B24:E24) -> 33733.487 | G24: =F24*48 -> 1619207.4 | H24: =G24*0.2777778 -> 449779.87
A25: 45809 | B25: 2669 | C25: 16400 | D25: 6523 | E25: =461*1114/2775300*20833.33 -> 3855.0931 | F25: =SUM(B25:E25) -> 29447.093 | G25: =F25*48 -> 1413460.5 | H25: =G25*0.2777778 -> 392627.94
A26: 45839 | B26: 4607 | C26: 14853 | D26: 4536 | F26: =SUM(B26:E26) -> 23996 | G26: =F26*48 -> 1151808 | H26: =G26*0.2777778 -> 319946.69
A27: 45870 | B27: 2819 | C27: 15132 | D27: 5787 | F27: =SUM(B27:E27) -> 23738 | G27: =F27*48 -> 1139424 | H27: =G27*0.2777778 -> 316506.69
A28: 45901 | B28: 3115 | C28: 20778 | D28: 7399 | F28: =SUM(B28:E28) -> 31292 | G28: =F28*48 -> 1502016 | H28: =G28*0.2777778 -> 417226.7
A29: 45931 | B29: 2848 | C29: 20231 | D29: 8987 | F29: =SUM(B29:E29) -> 32066 | G29: =F29*48 -> 1539168 | H29: =G29*0.2777778 -> 427546.7
A30: 45962 | B30: 3729 | C30: 16673 | D30: 12354 | F30: =SUM(B30:E30) -> 32756 | G30: =F30*48 -> 1572288 | H30: =G30*0.2777778 -> 436746.7
A31: 45992 | B31: 3649 | C31: 21817 | D31: 12248 | F31: =SUM(B31:E31) -> 37714 | G31: =F31*48 -> 1810272 | H31: =G31*0.2777778 -> 502853.37
A32: 46023 | B32: 3849 | C32: 15383 | D32: 10270 | F32: =SUM(B32:E32) -> 29502 | G32: =F32*48 -> 1416096 | H32: =G32*0.2777778 -> 393360.03
A33: 46054 | B33: 2908 | C33: 14845 | D33: 13059 | F33: =SUM(B33:E33) -> 30812 | G33: =F33*48 -> 1478976 | H33: =G33*0.2777778 -> 410826.7
A34: 46082 | B34: 4414 | C34: 21952 | D34: 14712 | F34: =SUM(B34:E34) -> 41078 | G34: =F34*48 -> 1971744 | H34: =G34*0.2777778 -> 547706.71
A35: 46113 | B35: 3465 | C35: 17677 | D35: 11376 | F35: =SUM(B35:E35) -> 32518 | G35: =F35*48 -> 1560864 | H35: =G35*0.2777778 -> 433573.37
A36: 46143
A37: 46174

Sheet Yearly Towngas (TGU)
A1: Date | B1: Main Academic Buildings | C1: Staff Quarters | D1: Student Housing | E1: Canteens | F1: UniLodge & University Center | G1: NB TOTAL (TGU) | H1: MJ (x 48 towngas unit) | I1: HKSCC Report (kWh) (MJ*0.2777778) | J1: Conversion factor
A2: 2010/11 | H2: 2892240 | I2: 803400
A3: 2011/12 | H3: 2751506 | I3: 764307
A4: 2012/13 | H4: 736176 | I4: 204493
A5: 2013/14 | B5: 1314 | C5: 60067 | E5: 251482 | F5: 3389 | G5: 316252 | H5: 15180103 | I5: 4216695
A6: 2014/15 | B6: 1384 | C6: 57157 | D6: 123524 | E6: 256811 | F6: 3081 | G6: 440573 | H6: 21147510 | I6: 5874308
A7: 2015/16 | B7: 2879 | C7: 62717 | D7: 169348 | E7: 306151 | F7: 1357 | G7: 542452 | H7: 26037712 | I7: 7232698
A8: 2016/17 | B8: 1943 | C8: 64368 | D8: 153668 | E8: 273854 | F8: 0 | G8: 493833 | H8: 23703999 | I8: 6584444
A9: 2017/18 | B9: 1849 | C9: 51068 | D9: 144642 | E9: 227386 | F9: 0 | G9: 424945 | H9: 20397358 | I9: 5665933
A10: 2018/19 | B10: 1838 | C10: 48642 | D10: 134629 | E10: 274505 | F10: 0 | G10: 459614 | H10: 22061455 | I10: 6128182
A11: 2019/20 | B11: 11443 | C11: 49313 | D11: 97681 | E11: 180594 | F11: 0 | G11: 339031 | H11: 16273494 | I11: 4520415
A12: 2020/21 | B12: 14510 | C12: 52537.85 | D12: 98340 | E12: 187208 | F12: 0 | G12: 352596 | H12: 16924601 | I12: 4701278 | J12: 13.333333
A13: 2021/22 | B13: 24970 | C13: 55678.58 | D13: 107914 | E13: 194913 | F13: 0 | G13: 383476 | H13: 18406828 | I13: 5113008 | J13: 13.333333
A14: 2022/23 | B14: 36199 | C14: 49004.96 | D14: 95670 | E14: 230979 | F14: 0 | G14: 411853 | H14: 19768942 | I14: 5491373
A15: 2023/24 | B15: =SUM('Monthly Towngas (TGU)'!B2:B13) -> 34744 | C15: =SUM('Monthly Towngas (TGU)'!E2:E13) -> 48971.72 | D15: =SUM('Monthly Towngas (TGU)'!D2:D13) -> 117239 | E15: =SUM('Monthly Towngas (TGU)'!C2:C13) -> 236015 | F15: 0 | G15: =SUM(B15:F15) -> 436969.72 | H15: =G15*48 -> 20974547 | I15: =H15*0.2777778 -> 5826263.4
A16: 2024/25 | B16: =SUM('Monthly Towngas (TGU)'!B14:B25) -> 31962 | C16: =SUM('Monthly Towngas (TGU)'!E14:E25) -> 49229.795 | D16: =SUM('Monthly Towngas (TGU)'!D14:D25) -> 116830 | E16: =SUM('Monthly Towngas (TGU)'!C14:C25) -> 224509 | F16: 0 | G16: =SUM(B16:F16) -> 422530.79 | H16: =G16*48 -> 20281478 | I16: =H16*0.2777778 -> 5633744.4
A17: 2025/26 | B17: =SUM('Monthly Towngas (TGU)'!B26:B37) -> 35403 | C17: =SUM('Monthly Towngas (TGU)'!E26:E37) -> 0 | D17: =SUM('Monthly Towngas (TGU)'!D26:D37) -> 100728 | E17: =SUM('Monthly Towngas (TGU)'!C26:C37) -> 179341 | F17: 0 | G17: =SUM(B17:F17) -> 315472 | H17: =G17*48 -> 15142656 | I17: =H17*0.2777778 -> 4206293.7
G21: https://www.towngas.com/en/About-Us/Hong-Kong-Gas-Business/Gas-Production
G23: 1MJ = 0.277778kWh
B25: Reference for towngas unit: https://ocp.towngas.com/tools/eng/toolsgascalc.aspx | G25: =2.8317/100 -> 0.028317
B26: https://www.towngas.com/en/Household/Customer-Services/Tariff
B28: https://www.towngas.com/en/About-Us/Hong-Kong-Gas-Business/Gas-Production#:~:text=Town%20gas%2C%20produced%20from%20naphtha,it%20can%20be%20detected%20easily.

Sheet Yearly Fuel
A1: Date | B1: CSO Fuel - Petrol Consumption Cars (from Elsa CSO) (litres) | C1: Total Petrol (kWh) | D1: Fuel Oil Standby generator (from CMO Kam Tong Yuen)(litres) | E1: CMO CLS vehicle consumed fuel from DG truck (from Dana WONG) | F1: CMO Fuel - Light Good Vehicle - Diesel - litres (from Eric Kong) | G1: CMO Fuel - Lorry & Pick Up - Diesel - litres (from Kenny Ho) | H1: Total Diesel Consumption (litres) | I1: Total Diesel (kWh) | J1: Total Petrol & Diesel (kWh) | K1: HKSCC Report (kWh)
A2: 2010/11 | B2: 15760 | C2: 139233.83 | H2: 9547 | I2: 95761.836 | J2: 234996 | K2: 234995.67
A3: 2011/12 | B3: 23249 | C3: 205398 | H3: 11284 | I3: 113181.97 | J3: 318580 | K3: 318579.97
A4: 2012/13 | B4: 28983 | C4: 256059.21 | H4: 12204 | I4: 122407.22 | J4: 378466 | K4: 378466.43
A5: 2013/14 | C5: 0 | I5: 0 | J5: 0
A6: 2014/15 | B6: 10679.44 | C6: 0 | I6: 0 | J6: 0 | K6: 280000
A7: 2015/16 | C7: 0 | I7: 0 | J7: 0 | K7: 370000
A8: 2016/17 | C8: 0 | I8: 0 | J8: 0 | K8: 201980.5
A9: 2017/18 | C9: 0 | I9: 0 | J9: 0 | K9: 221452.21
A10: 2018/19 | C10: 0 | I10: 0 | J10: 0 | K10: 205172.45
A11: 2019/20 | C11: 0 | I11: 0 | J11: 0 | K11: 181092.19
A12: 2020/21 | C12: 0 | I12: 0 | J12: 0 | K12: 224833.4
A13: 2021/22 | C13: 0 | I13: 0 | J13: 0 | K13: 234812
A14: 2022/23 | B14: ='Scope 1'!K5 -> 20821.03 | C14: =B14 * 'Emission Factor'!$O$16 -> 183947.61 | D14: ='Scope 1'!B5 -> 3011 | E14: ='Scope 1'!M5 -> 51 | F14: ='Scope 1'!O5 -> 7807.65 | G14: 3836.398 | H14: =SUM(D14:F14) -> 10869.65 | I14: =H14 * 'Emission Factor'!$O$7 -> 109023.57 | J14: =I14+C14 -> 292971.18 | K14: =J14 -> 292971.18
A15: 2023/24 | B15: 15052.07 | C15: 132980.56 | D15: 2570 | E15: 76.43 | F15: 8369.7 | G15: 11016.13 | H15: =SUM(D15:F15) -> 11016.13 | I15: =H15 * 'Emission Factor'!$O$7 -> 110492.78 | J15: =I15+C15 -> 243473.34 | K15: 243473.34
A16: 2024/25 | B16: 12974.05 | C16: 114621.87 | D16: 2538 | E16: 143.275 | F16: 7503.07 | G16: 10184.345 | H16: 102149.9 | I16: 216771.77 | J16: 219309.77 | K16: 219309.77
A17: 2025/26

Sheet Scope 1
B1: S1 Stationary Combustion | G1: S1 Mobile Combustion | T1: S1 Refrigerant and others | AC1: S1 Total
B2: Standby Generator (Diesel) | D2: Towngas Combustion | F2: S1 Stationary Combustion | G2: CSO PC (ULP) | I2: CMO PV (ULP) | K2: CSO PV (ULP) | M2: CLS LGV (Diesel) | O2: CMO LGV (Diesel) | Q2: MAP LGV (ULP) | S2: S1 Mobile Combustion | T2: R22 (HCFC-22) | V2: R410A | X2: R407C (R134a) | Z2: SF6 | AB2: S1 Refrigerant and others
B4: Amount (L) | C4: CO2e (tonne) | D4: Amount (Unit) | E4: CO2e (tonne) | G4: Amount (L) | H4: CO2e (tonne) | I4: Amount (L) | J4: CO2e (tonne) | K4: Amount (L) | L4: CO2e (tonne) | M4: Amount (L) | N4: CO2e (tonne) | O4: Amount (L) | P4: CO2e (tonne) | Q4: Amount (L) | R4: CO2e (tonne) | T4: Leakage (kg) | U4: CO2e (tonne) | V4: Leakage (kg) | W4: CO2e (tonne) | X4: Leakage (kg) | Y4: CO2e (tonne) | Z4: Usage (kg) | AA4: CO2e (tonne) | AC4: CO2e (tonne)
A5: 2022-23 | B5: 3011 | C5: =B5*'Emission Factor'!$L$7/1000 -> 7.8791725 | D5: 411852.96 | E5: =D5*'Emission Factor'!$L$8/1000 -> 1051.4629 | F5: =C5+E5 -> 1059.3421 | G5: 0 | H5: =G5*'Emission Factor'!$L$16/1000 -> 0 | I5: 0 | J5: =I5*'Emission Factor'!$L$22/1000 -> 0 | K5: 20821.03 | L5: =K5*'Emission Factor'!$L$22/1000 -> 56.584543 | M5: 51 | N5: =M5*'Emission Factor'!$L$27/1000 -> 0.14139097 | O5: 7807.65 | P5: =O5*'Emission Factor'!$L$27/1000 -> 21.64571 | Q5: 0 | R5: =Q5*'Emission Factor'!$L$28/1000 -> 0 | S5: =H5+J5+L5+N5+P5+R5 -> 78.371644 | T5: 0 | U5: =(T5*'Emission Factor'!$B$32)/1000 -> 0 | V5: 0 | W5: =(V5*'Emission Factor'!$B$33)/1000 -> 0 | X5: 70 | Y5: =(X5*'Emission Factor'!$B$34)/1000 -> 106.82 | Z5: 0.227 | AA5: =(Z5*'Emission Factor'!$B$35)/1000 -> 5.1756 | AB5: =U5+W5+Y5+AA5 -> 111.9956 | AC5: =C5+E5+H5+J5+L5+N5+P5+R5+U5+W5+AA5+Y5 -> 1249.7093
A6: 2023-24 | B6: 2570 | C6: =B6*'Emission Factor'!$L$7/1000 -> 6.7251655 | D6: 436969.72 | E6: =D6*'Emission Factor'!$L$8/1000 -> 1115.5861 | F6: =C6+E6 -> 1122.3113 | G6: 0 | H6: =G6*'Emission Factor'!$L$16/1000 -> 0 | I6: 0 | J6: =I6*'Emission Factor'!$L$22/1000 -> 0 | K6: 15052.07 | L6: =K6*'Emission Factor'!$L$22/1000 -> 40.906454 | M6: 76.43 | N6: =M6*'Emission Factor'!$L$27/1000 -> 0.21189239 | O6: 8369.7 | P6: =O6*'Emission Factor'!$L$27/1000 -> 23.203922 | Q6: 0 | R6: =Q6*'Emission Factor'!$L$28/1000 -> 0 | S6: =H6+J6+L6+N6+P6+R6 -> 64.322268 | T6: 0 | U6: =(T6*'Emission Factor'!$B$32)/1000 -> 0 | V6: 4.76 | W6: =(V6*'Emission Factor'!$B$33)/1000 -> 8.211 | X6: 181.44 | Y6: =(X6*'Emission Factor'!$B$34)/1000 -> 276.87744 | Z6: 45 | AA6: =(Z6*'Emission Factor'!$B$35)/1000 -> 1026 | AB6: =U6+W6+Y6+AA6 -> 1311.0884 | AC6: =C6+E6+H6+J6+L6+N6+P6+R6+U6+W6+AA6+Y6 -> 2497.722
A7: 2024-25 | B7: 2538 | C7: =B7*'Emission Factor'!$L$7/1000 -> 6.641428 | D7: ='Yearly Towngas (TGU)'!G16 -> 422530.79 | E7: =D7*'Emission Factor'!$L$8/1000 -> 1078.7235 | F7: =C7+E7 -> 1085.3649 | G7: 0 | H7: =G7*'Emission Factor'!$L$16/1000 -> 0 | I7: 0 | J7: =I7*'Emission Factor'!$L$22/1000 -> 0 | K7: 12974.05 | L7: =K7*'Emission Factor'!$L$22/1000 -> 35.259096 | M7: 143.275 | N7: =M7*'Emission Factor'!$L$27/1000 -> 0.3972116 | O7: 7503.07 | P7: =O7*'Emission Factor'!$L$27/1000 -> 20.801301 | Q7: 0 | R7: =Q7*'Emission Factor'!$L$28/1000 -> 0 | S7: =H7+J7+L7+N7+P7+R7 -> 56.457608 | T7: 0 | U7: =(T7*'Emission Factor'!$B$32)/1000 -> 0 | V7: 4.54 | W7: =(V7*'Emission Factor'!$B$33)/1000 -> 7.8315 | X7: 46.81 | Y7: =(X7*'Emission Factor'!$B$34)/1000 -> 71.43206 | Z7: 0 | AA7: =(Z7*'Emission Factor'!$B$35)/1000 -> 0 | AB7: =U7+W7+Y7+AA7 -> 79.26356 | AC7: =C7+E7+H7+J7+L7+N7+P7+R7+U7+W7+AA7+Y7 -> 1221.0861
L8: =(L7-L6)/L6 -> -0.13805543 | M8: =(M7-M6)/M6 -> 0.87459113 | N8: =(N7-N6)/N6 -> 0.87459113 | O8: =(O7-O6)/O6 -> -0.10354374 | P8: =(P7-P6)/P6 -> -0.10354374
C9: =C7/AC7 -> 0.0054389515 | E9: =E7/AC7 -> 0.88341314
S10: =S7/AC7 -> 0.046235568 | AB10: =AB7/AC7 -> 0.064912344

Sheet Scope 2
B1: S2 Purchased Electricity | O1: S2 Purchased Towngas | Q1: S2 Total
B2: Main Academic Buildings and Others (CO2e) | C2: Main Chiller Plant (CO2e) | D2: LSK Chiller Plant (CO2e) | E2: Cheng Yu Tung Building (CO2e) | F2: LSK Building (CO2e) | G2: IAS Building (CO2e) | H2: Innovation Building (CO2e) | I2: Conference Lodge (CO2e) | J2: Staff Quarter Common Area (CO2e) | K2: Student Housing (CO2e) | L2: Staff Quarters & Commercial Outlet (CO2e) | M2: Total Amount (KWh) | N2: CO2e (tonne) | O2: Amount (Unit) | P2: CO2e (tonne) | Q2: CO2e (tonne)
A3: 2022-23 | B3: =49860279.8632136*'Emission Factor (new)'!R39/1000 -> 19445.509 | C3: =16935747.1367864*'Emission Factor (new)'!R39/1000 -> 6604.9414 | D3: =1632560*'Emission Factor (new)'!R39/1000 -> 636.6984 | E3: =4412027*'Emission Factor (new)'!R39/1000 -> 1720.6905 | F3: =2699255*'Emission Factor (new)'!R39/1000 -> 1052.7095 | G3: =654339*'Emission Factor (new)'!R39/1000 -> 255.19221 | H3: 0 | I3: =1222009*'Emission Factor (new)'!R39/1000 -> 476.58351 | K3: =7872105*'Emission Factor (new)'!R39/1000 -> 3070.1209 | L3: =8644016*'Emission Factor (new)'!R39/1000 -> 3371.1662 | M3: 93932338 | N3: =M3*'Emission Factor'!$B$39/1000 -> 36633.612 | O3: 411852.96 | P3: =O3*'Emission Factor'!$B$40/1000 -> 237.22731 | Q3: =N3+P3 -> 36870.839
A4: 2023-24 | B4: =50540568.68*'Emission Factor (new)'!S39/1000 -> 19710.822 | C4: =17653437.02*'Emission Factor (new)'!S39/1000 -> 6884.8404 | D4: =1497696*'Emission Factor (new)'!S39/1000 -> 584.10144 | E4: =4746630*'Emission Factor (new)'!S39/1000 -> 1851.1857 | F4: =2713600*'Emission Factor (new)'!S39/1000 -> 1058.304 | G4: =588506*'Emission Factor (new)'!S39/1000 -> 229.51734 | H4: 0 | I4: =1478893*'Emission Factor (new)'!S39/1000 -> 576.76827 | K4: =8307594*'Emission Factor (new)'!S39/1000 -> 3239.9617 | L4: =9182416*'Emission Factor (new)'!S39/1000 -> 3581.1422 | M4: 96709341 | N4: =M4*'Emission Factor'!$B$39/1000 -> 37716.643 | O4: 436970 | P4: =O4*'Emission Factor'!$B$40/1000 -> 251.69472 | Q4: =N4+P4 -> 37968.338
A5: 2024-25 | B5: =55859834.7*'Emission Factor (new)'!T39/1000 -> 21226.737 | C5: =17987597.3*'Emission Factor (new)'!T39/1000 -> 6835.287 | D5: =1344476*'Emission Factor (new)'!T39/1000 -> 510.90088 | E5: =4931340*'Emission Factor (new)'!T39/1000 -> 1873.9092 | F5: =2904600*'Emission Factor (new)'!T39/1000 -> 1103.748 | G5: =597167*'Emission Factor (new)'!T39/1000 -> 226.92346 | H5: 0 | I5: =1386485*'Emission Factor (new)'!T39/1000 -> 526.8643 | J5: =818470*'Emission Factor (new)'!T39/1000 -> 311.0186 | K5: =9591556*'Emission Factor (new)'!T39/1000 -> 3644.7913 | L5: =9816543*'Emission Factor (new)'!T39/1000 -> 3730.2863 | M5: ='Yearly Electricity Reformatted'!Q13 -> 105238070 | N5: =M5*'Emission Factor (new)'!B39/1000 -> 39990.467 | O5: ='Yearly Towngas (TGU)'!G16 -> 422530.79 | P5: =O5*'Emission Factor (new)'!B40/1000 -> 231.54688 | Q5: =N5+P5 -> 40222.013
N8: =N5/Q5 -> 0.99424328 | P8: =P5/Q5 -> 0.0057567201

Sheet Scope 3
B1: S3 Fresh Water and Sewage | F1: S3 Paper Waste | I1: S3 Total
B2: Fresh Water Processing | D2: Sewage Water Processing | E2: S3 Fresh Water and Sewage | F2: Paper Waste Disposed | G2: Paper Waste Recycled | H2: S3 Paper Waste
B4: m3 | C4: CO2e (tonne) | D4: CO2e (tonne) | F4: kg | G4: kg | H4: CO2e (tonne) | I4: CO2e (tonne)
A5: Jul | C5: =B5*'Emission Factor'!$B$45/1000 -> 0 | D5: =B5*'Emission Factor'!$B$46/1000 -> 0 | E5: =C5+D5 -> 0 | F5: ='Monthly Paper Distribution'!P144 -> 9989 | G5: 10655 | H5: =((F5-G5)*4.8)/1000 -> -3.1968 | I5: =C5+D5+H5 -> -3.1968
A6: Aug | C6: =B6*'Emission Factor'!$B$45/1000 -> 0 | D6: =B6*'Emission Factor'!$B$46/1000 -> 0 | E6: =C6+D6 -> 0 | F6: ='Monthly Paper Distribution'!P145 -> 13764.2 | G6: 11619 | H6: =((F6-G6)*4.8)/1000 -> 10.29696 | I6: =C6+D6+H6 -> 10.29696
A7: Sep | C7: =B7*'Emission Factor'!$B$45/1000 -> 0 | D7: =B7*'Emission Factor'!$B$46/1000 -> 0 | E7: =C7+D7 -> 0 | F7: ='Monthly Paper Distribution'!P146 -> 17988.2 | G7: 13120 | H7: =((F7-G7)*4.8)/1000 -> 23.36736 | I7: =C7+D7+H7 -> 23.36736
A8: Oct | C8: =B8*'Emission Factor'!$B$45/1000 -> 0 | D8: =B8*'Emission Factor'!$B$46/1000 -> 0 | E8: =C8+D8 -> 0 | F8: ='Monthly Paper Distribution'!P147 -> 17983.4 | G8: 13030 | H8: =((F8-G8)*4.8)/1000 -> 23.77632 | I8: =C8+D8+H8 -> 23.77632
A9: Nov | C9: =B9*'Emission Factor'!$B$45/1000 -> 0 | D9: =B9*'Emission Factor'!$B$46/1000 -> 0 | E9: =C9+D9 -> 0 | F9: ='Monthly Paper Distribution'!P148 -> 18314.6 | G9: 12168 | H9: =((F9-G9)*4.8)/1000 -> 29.50368 | I9: =C9+D9+H9 -> 29.50368
A10: Dec | C10: =B10*'Emission Factor'!$B$45/1000 -> 0 | D10: =B10*'Emission Factor'!$B$46/1000 -> 0 | E10: =C10+D10 -> 0 | F10: ='Monthly Paper Distribution'!P149 -> 16377.8 | G10: 12209 | H10: =((F10-G10)*4.8)/1000 -> 20.01024 | I10: =C10+D10+H10 -> 20.01024
A11: Jan | C11: =B11*'Emission Factor'!$B$45/1000 -> 0 | D11: =B11*'Emission Factor'!$B$46/1000 -> 0 | E11: =C11+D11 -> 0 | F11: ='Monthly Paper Distribution'!P150 -> 12113 | G11: 9418 | H11: =((F11-G11)*4.8)/1000 -> 12.936 | I11: =C11+D11+H11 -> 12.936
A12: Feb | C12: =B12*'Emission Factor'!$B$45/1000 -> 0 | D12: =B12*'Emission Factor'!$B$46/1000 -> 0 | E12: =C12+D12 -> 0 | F12: ='Monthly Paper Distribution'!P151 -> 13146.6 | G12: 10379 | H12: =((F12-G12)*4.8)/1000 -> 13.28448 | I12: =C12+D12+H12 -> 13.28448
A13: Mar | C13: =B13*'Emission Factor'!$B$45/1000 -> 0 | D13: =B13*'Emission Factor'!$B$46/1000 -> 0 | E13: =C13+D13 -> 0 | F13: ='Monthly Paper Distribution'!P152 -> 17890.6 | G13: 11198 | H13: =((F13-G13)*4.8)/1000 -> 32.12448 | I13: =C13+D13+H13 -> 32.12448
A14: Apr | C14: =B14*'Emission Factor'!$B$45/1000 -> 0 | D14: =B14*'Emission Factor'!$B$46/1000 -> 0 | E14: =C14+D14 -> 0 | F14: ='Monthly Paper Distribution'!P153 -> 15096.2 | G14: 10871 | H14: =((F14-G14)*4.8)/1000 -> 20.28096 | I14: =C14+D14+H14 -> 20.28096
A15: May | C15: =B15*'Emission Factor'!$B$45/1000 -> 0 | D15: =B15*'Emission Factor'!$B$46/1000 -> 0 | E15: =C15+D15 -> 0 | F15: ='Monthly Paper Distribution'!P154 -> 15259.4 | G15: 10533 | H15: =((F15-G15)*4.8)/1000 -> 22.68672 | I15: =C15+D15+H15 -> 22.68672
A16: Jun | B16: ='Annual Report (Water)'!J11 -> 470431.67 | C16: =B16*'Emission Factor'!$B$45/1000 -> 201.34475 | D16: =B16*'Emission Factor'!$B$46/1000 -> 98.79065 | E16: =C16+D16 -> 300.1354 | F16: ='Monthly Paper Distribution'!P155 -> 15911.8 | G16: 10392 | H16: =((F16-G16)*4.8)/1000 -> 26.49504 | I16: =C16+D16+H16 -> 326.63044
A17: 2022-23 | B17: ='Annual Report (Water)'!J11 -> 470431.67 | C17: =B17*'Emission Factor'!$B$45/1000 -> 201.34475 | D17: =B17*'Emission Factor'!$B$46/1000 -> 98.79065 | E17: =C17+D17 -> 300.1354 | F17: =SUM(F5:F16) -> 183834.8 | G17: =SUM(G5:G16) -> 135592 | H17: =SUM(H5:H16) -> 231.56544 | I17: =SUM(I5:I16) -> 531.70084
A18: Jul | C18: =B18*'Emission Factor'!$B$45/1000 -> 0 | D18: =B18*'Emission Factor'!$B$46/1000 -> 0 | E18: =C18+D18 -> 0 | F18: ='Monthly Paper Distribution'!P156 -> 11982.8 | G18: ='Raw Data (KG)'!D122 -> 10670 | H18: =((F18-G18)*4.8)/1000 -> 6.30144 | I18: =C18+D18+H18 -> 6.30144
A19: Aug | C19: =B19*'Emission Factor'!$B$45/1000 -> 0 | D19: =B19*'Emission Factor'!$B$46/1000 -> 0 | E19: =C19+D19 -> 0 | F19: ='Monthly Paper Distribution'!P157 -> 12947.8 | G19: ='Raw Data (KG)'!D123 -> 10732 | H19: =((F19-G19)*4.8)/1000 -> 10.63584 | I19: =C19+D19+H19 -> 10.63584
A20: Sep | C20: =B20*'Emission Factor'!$B$45/1000 -> 0 | D20: =B20*'Emission Factor'!$B$46/1000 -> 0 | E20: =C20+D20 -> 0 | F20: ='Monthly Paper Distribution'!P158 -> 12120.3 | G20: ='Raw Data (KG)'!D124 -> 11135 | H20: =((F20-G20)*4.8)/1000 -> 4.72944 | I20: =C20+D20+H20 -> 4.72944
A21: Oct | C21: =B21*'Emission Factor'!$B$45/1000 -> 0 | D21: =B21*'Emission Factor'!$B$46/1000 -> 0 | E21: =C21+D21 -> 0 | F21: ='Monthly Paper Distribution'!P159 -> 12455.3 | G21: ='Raw Data (KG)'!D125 -> 11304 | H21: =((F21-G21)*4.8)/1000 -> 5.52624 | I21: =C21+D21+H21 -> 5.52624
A22: Nov | C22: =B22*'Emission Factor'!$B$45/1000 -> 0 | D22: =B22*'Emission Factor'!$B$46/1000 -> 0 | E22: =C22+D22 -> 0 | F22: ='Monthly Paper Distribution'!P160 -> 18868.9 | G22: ='Raw Data (KG)'!D126 -> 13460 | H22: =((F22-G22)*4.8)/1000 -> 25.96272 | I22: =C22+D22+H22 -> 25.96272
A23: Dec | C23: =B23*'Emission Factor'!$B$45/1000 -> 0 | D23: =B23*'Emission Factor'!$B$46/1000 -> 0 | E23: =C23+D23 -> 0 | F23: ='Monthly Paper Distribution'!P161 -> 15873.8 | G23: ='Raw Data (KG)'!D127 -> 13442 | H23: =((F23-G23)*4.8)/1000 -> 11.67264 | I23: =C23+D23+H23 -> 11.67264
A24: Jan | C24: =B24*'Emission Factor'!$B$45/1000 -> 0 | D24: =B24*'Emission Factor'!$B$46/1000 -> 0 | E24: =C24+D24 -> 0 | F24: ='Monthly Paper Distribution'!P162 -> 13304.6 | G24: ='Raw Data (KG)'!D128 -> 13416 | H24: =((F24-G24)*4.8)/1000 -> -0.53472 | I24: =C24+D24+H24 -> -0.53472
A25: Feb | C25: =B25*'Emission Factor'!$B$45/1000 -> 0 | D25: =B25*'Emission Factor'!$B$46/1000 -> 0 | E25: =C25+D25 -> 0 | F25: ='Monthly Paper Distribution'!P163 -> 13043.9 | G25: ='Raw Data (KG)'!D129 -> 12589 | H25: =((F25-G25)*4.8)/1000 -> 2.18352 | I25: =C25+D25+H25 -> 2.18352
A26: Mar | C26: =B26*'Emission Factor'!$B$45/1000 -> 0 | D26: =B26*'Emission Factor'!$B$46/1000 -> 0 | E26: =C26+D26 -> 0 | F26: ='Monthly Paper Distribution'!P164 -> 16142.9 | G26: ='Raw Data (KG)'!D130 -> 13346 | H26: =((F26-G26)*4.8)/1000 -> 13.42512 | I26: =C26+D26+H26 -> 13.42512
A27: Apr | C27: =B27*'Emission Factor'!$B$45/1000 -> 0 | D27: =B27*'Emission Factor'!$B$46/1000 -> 0 | E27: =C27+D27 -> 0 | F27: ='Monthly Paper Distribution'!P165 -> 13279.4 | G27: ='Raw Data (KG)'!D131 -> 12371 | H27: =((F27-G27)*4.8)/1000 -> 4.36032 | I27: =C27+D27+H27 -> 4.36032
A28: May | C28: =B28*'Emission Factor'!$B$45/1000 -> 0 | D28: =B28*'Emission Factor'!$B$46/1000 -> 0 | E28: =C28+D28 -> 0 | F28: ='Monthly Paper Distribution'!P166 -> 19024.4 | G28: ='Raw Data (KG)'!D132 -> 13434 | H28: =((F28-G28)*4.8)/1000 -> 26.83392 | I28: =C28+D28+H28 -> 26.83392
A29: Jun | B29: ='Annual Report (Water)'!J12 -> 463486 | C29: =B29*'Emission Factor'!$B$45/1000 -> 198.37201 | D29: =B29*'Emission Factor'!$B$46/1000 -> 97.33206 | E29: =C29+D29 -> 295.70407 | F29: ='Monthly Paper Distribution'!P167 -> 9496.9 | G29: ='Raw Data (KG)'!D133 -> 12778 | H29: =((F29-G29)*4.8)/1000 -> -15.74928 | I29: =C29+D29+H29 -> 279.95479
A30: 2023-24 | B30: ='Annual Report (Water)'!J12 -> 463486 | C30: =B30*'Emission Factor'!$B$45/1000 -> 198.37201 | D30: =B30*'Emission Factor'!$B$46/1000 -> 97.33206 | E30: =C30+D30 -> 295.70407 | F30: =SUM(F18:F29) -> 168541 | G30: =SUM(G18:G29) -> 148677 | H30: =SUM(H18:H29) -> 95.3472 | I30: =SUM(I18:I29) -> 391.05127
A31: Jul | C31: =B31*'Emission Factor'!$B$45/1000 -> 0 | D31: =B31*'Emission Factor'!$B$46/1000 -> 0 | E31: =C31+D31 -> 0 | F31: ='Monthly Paper Distribution'!P168 -> 11543.9 | G31: ='Raw Data (KG)'!D134 -> 12412 | H31: =((F31-G31)*4.8)/1000 -> -4.16688 | I31: =C31+D31+H31 -> -4.16688
A32: Aug | C32: =B32*'Emission Factor'!$B$45/1000 -> 0 | D32: =B32*'Emission Factor'!$B$46/1000 -> 0 | E32: =C32+D32 -> 0 | F32: ='Monthly Paper Distribution'!P169 -> 13710.6 | G32: ='Raw Data (KG)'!D135 -> 13553 | H32: =((F32-G32)*4.8)/1000 -> 0.75648 | I32: =C32+D32+H32 -> 0.75648
A33: Sep | C33: =B33*'Emission Factor'!$B$45/1000 -> 0 | D33: =B33*'Emission Factor'!$B$46/1000 -> 0 | E33: =C33+D33 -> 0 | F33: ='Monthly Paper Distribution'!P170 -> 14094.5 | G33: ='Raw Data (KG)'!D136 -> 13355 | H33: =((F33-G33)*4.8)/1000 -> 3.5496 | I33: =C33+D33+H33 -> 3.5496
A34: Oct | C34: =B34*'Emission Factor'!$B$45/1000 -> 0 | D34: =B34*'Emission Factor'!$B$46/1000 -> 0 | E34: =C34+D34 -> 0 | F34: ='Monthly Paper Distribution'!P171 -> 18652 | G34: ='Raw Data (KG)'!D137 -> 14395 | H34: =((F34-G34)*4.8)/1000 -> 20.4336 | I34: =C34+D34+H34 -> 20.4336
A35: Nov | C35: =B35*'Emission Factor'!$B$45/1000 -> 0 | D35: =B35*'Emission Factor'!$B$46/1000 -> 0 | E35: =C35+D35 -> 0 | F35: ='Monthly Paper Distribution'!P172 -> 15152.7 | G35: ='Raw Data (KG)'!D138 -> 13980 | H35: =((F35-G35)*4.8)/1000 -> 5.62896 | I35: =C35+D35+H35 -> 5.62896
A36: Dec | C36: =B36*'Emission Factor'!$B$45/1000 -> 0 | D36: =B36*'Emission Factor'!$B$46/1000 -> 0 | E36: =C36+D36 -> 0 | F36: ='Monthly Paper Distribution'!P173 -> 14050.1 | G36: ='Raw Data (KG)'!D139 -> 13076 | H36: =((F36-G36)*4.8)/1000 -> 4.67568 | I36: =C36+D36+H36 -> 4.67568
A37: Jan | C37: =B37*'Emission Factor'!$B$45/1000 -> 0 | D37: =B37*'Emission Factor'!$B$46/1000 -> 0 | E37: =C37+D37 -> 0 | F37: ='Monthly Paper Distribution'!P174 -> 12611.8 | G37: ='Raw Data (KG)'!D140 -> 12180 | H37: =((F37-G37)*4.8)/1000 -> 2.07264 | I37: =C37+D37+H37 -> 2.07264
A38: Feb | C38: =B38*'Emission Factor'!$B$45/1000 -> 0 | D38: =B38*'Emission Factor'!$B$46/1000 -> 0 | E38: =C38+D38 -> 0 | F38: ='Monthly Paper Distribution'!P175 -> 13994.2 | G38: ='Raw Data (KG)'!D141 -> 12819 | H38: =((F38-G38)*4.8)/1000 -> 5.64096 | I38: =C38+D38+H38 -> 5.64096
A39: Mar | C39: =B39*'Emission Factor'!$B$45/1000 -> 0 | D39: =B39*'Emission Factor'!$B$46/1000 -> 0 | E39: =C39+D39 -> 0 | F39: ='Monthly Paper Distribution'!P176 -> 14579.8 | G39: ='Raw Data (KG)'!D142 -> 13802 | H39: =((F39-G39)*4.8)/1000 -> 3.73344 | I39: =C39+D39+H39 -> 3.73344
A40: Apr | C40: =B40*'Emission Factor'!$B$45/1000 -> 0 | D40: =B40*'Emission Factor'!$B$46/1000 -> 0 | E40: =C40+D40 -> 0 | F40: ='Monthly Paper Distribution'!P177 -> 16071.3 | G40: ='Raw Data (KG)'!D143 -> 13793 | H40: =((F40-G40)*4.8)/1000 -> 10.93584 | I40: =C40+D40+H40 -> 10.93584
A41: May | C41: =B41*'Emission Factor'!$B$45/1000 -> 0 | D41: =B41*'Emission Factor'!$B$46/1000 -> 0 | E41: =C41+D41 -> 0 | F41: ='Monthly Paper Distribution'!P178 -> 15131.5 | G41: ='Raw Data (KG)'!D144 -> 13599 | H41: =((F41-G41)*4.8)/1000 -> 7.356 | I41: =C41+D41+H41 -> 7.356
A42: Jun | B42: ='Annual Report (Water)'!J13 -> 483991.83 | C42: =B42*'Emission Factor (new)'!B45/1000 -> 123.90191 | D42: =B42*'Emission Factor (new)'!B46/1000 -> 106.4782 | E42: =C42+D42 -> 230.38011 | F42: ='Monthly Paper Distribution'!P179 -> 11494.8 | G42: ='Raw Data (KG)'!D145 -> 12886 | H42: =((F42-G42)*4.8)/1000 -> -6.67776 | I42: =C42+D42+H42 -> 223.70235
A43: 2024-25 | B43: ='Annual Report (Water)'!J13 -> 483991.83 | C43: =B43*'Emission Factor (new)'!B45/1000 -> 123.90191 | D43: =B43*'Emission Factor (new)'!B46/1000 -> 106.4782 | E43: =C43+D43 -> 230.38011 | F43: =SUM(F31:F42) -> 171087.2 | G43: =SUM(G31:G42) -> 159850 | H43: =SUM(H31:H42) -> 53.93856 | I43: =E43+H43 -> 284.31867

Sheet Yearly GHG (mCO2)
A1: Date | B1: New Boundary Scope 1 | C1: New Boundary Scope 2 | D1: New Boundary Scope 3 | E1: Total S1&2 | F1: Total S1,2&3 | G1: Capita | H1: GFA | I1: 1&2 Emissions per Capita | J1: 1&2 Emssions per GFA
A2: 2010/11 | B2: 1339.4703 | C2: 48492.309 | D2: 928.8326 | E2: =SUM(B2:C2) -> 49831.779 | F2: =SUM(B2:D2) -> 50760.612 | G2: 12358.5 | H2: 396061.69 | I2: =E2/G2 -> 4.0321867 | J2: =(E2*10)/H2 -> 1.2581823
A3: 2011/12 | B3: 1263.7908 | C3: 49759.626 | D3: 933.8326 | E3: =SUM(B3:C3) -> 51023.417 | F3: =SUM(B3:D3) -> 51957.249 | G3: 12836.5 | H3: 396150.51 | I3: =E3/G3 -> 3.9748699 | J3: =(E3*10)/H3 -> 1.2879806
A4: 2012/13 | B4: 1130.8805 | C4: 52306.258 | D4: 926.8326 | E4: =SUM(B4:C4) -> 53437.138 | F4: =SUM(B4:D4) -> 54363.971 | G4: 15176 | H4: 397633.35 | I4: =E4/G4 -> 3.5211609 | J4: =(E4*10)/H4 -> 1.3438797
A5: 2013/14 | B5: 1047.2195 | C5: 56735.433 | D5: 943.57497 | E5: =SUM(B5:C5) -> 57782.653 | F5: =SUM(B5:D5) -> 58726.228 | G5: 15828.5 | H5: 451064.35 | I5: =E5/G5 -> 3.6505451 | J5: =(E5*10)/H5 -> 1.281029
A6: 2014/15 | B6: 1405.2003 | C6: 59828.187 | D6: 795.24599 | E6: =SUM(B6:C6) -> 61233.387 | F6: =SUM(B6:D6) -> 62028.633 | G6: 16340 | H6: 473560.67 | I6: =E6/G6 -> 3.7474533 | J6: =(E6*10)/H6 -> 1.2930421
A7: 2015/16 | B7: 1563.6205 | C7: 52060.221 | D7: 865.87691 | E7: =SUM(B7:C7) -> 53623.842 | F7: =SUM(B7:D7) -> 54489.719 | G7: 16621 | H7: 480093.49 | I7: =E7/G7 -> 3.2262705 | J7: =(E7*10)/H7 -> 1.1169458
A8: 2016/17 | B8: 1337.0609 | C8: 51318.439 | D8: 662.19891 | E8: =SUM(B8:C8) -> 52655.5 | F8: =SUM(B8:D8) -> 53317.699 | G8: 17299.5 | H8: 508000 | I8: =E8/G8 -> 3.0437585 | J8: =(E8*10)/H8 -> 1.0365256
A9: 2017/18 | B9: 1148.4811 | C9: 47664.457 | D9: 639.41977 | E9: =SUM(B9:C9) -> 48812.938 | F9: =SUM(B9:D9) -> 49452.358 | G9: 17923.5 | H9: 512620 | I9: =E9/G9 -> 2.7234044 | J9: =(E9*10)/H9 -> 0.95222461
A10: 2018/19 | B10: 1227.6956 | C10: 46254.13 | D10: 656.55334 | E10: =SUM(B10:C10) -> 47481.826 | F10: =SUM(B10:D10) -> 48138.379 | G10: 18508.5 | H10: 515105.14 | I10: =E10/G10 -> 2.5654065 | J10: =(E10*10)/H10 -> 0.92178901
A11: 2019/20 | B11: 971.24594 | C11: 43879.024 | D11: 241.89826 | E11: =SUM(B11:C11) -> 44850.269 | F11: =SUM(B11:D11) -> 45092.168 | G11: 17679 | H11: 515105.14 | I11: =E11/G11 -> 2.5369234 | J11: =(E11*10)/H11 -> 0.87070126
